arm,seed,run_seed,step,random/n,random/success,random/mean_steps,random/mean_return,n_episodes,n_new,wall_time_sec
REF,2,3751221709,0,264,0.0,200.0,-1446.6912802690683,12288,12288,526.416741847992
REF,2,3751221709,81920,264,0.0,200.0,-958.5199598342024,12288,12288,526.416741847992
REF,2,3751221709,163840,264,0.0,200.0,-863.1178523116947,12288,12288,526.416741847992
REF,2,3751221709,245760,264,0.0,200.0,-1120.1107214989775,12288,12288,526.416741847992
REF,2,3751221709,327680,264,0.0,200.0,-1160.8339199617592,12288,12288,526.416741847992
REF,2,3751221709,409600,264,0.0,200.0,-882.5695516437336,12288,12288,526.416741847992
REF,2,3751221709,491520,264,0.29924242424242425,200.0,-756.5230890004475,12288,12288,526.416741847992
REF,2,3751221709,573440,264,0.0,200.0,-949.9739597292728,12288,12288,526.416741847992
REF,2,3751221709,655360,264,0.11742424242424243,200.0,-944.8002236524712,12288,12288,526.416741847992
REF,2,3751221709,737280,264,0.0,200.0,-1007.3337061667074,12288,12288,526.416741847992
REF,2,3751221709,819200,264,0.003787878787878788,200.0,-921.350297818591,12288,12288,526.416741847992
REF,2,3751221709,901120,264,0.0,200.0,-763.7618542721866,12288,12288,526.416741847992
REF,2,3751221709,983040,264,0.0,200.0,-1034.5388506539439,12288,12288,526.416741847992
REF,2,3751221709,1064960,264,0.0,200.0,-848.7194803354877,12288,12288,526.416741847992
REF,2,3751221709,1146880,264,0.0,200.0,-951.0402975568757,12288,12288,526.416741847992
REF,2,3751221709,1228800,264,0.0,200.0,-880.8668871516024,12288,12288,526.416741847992
REF,2,3751221709,1310720,264,0.125,200.0,-637.358015689251,12288,12288,526.416741847992
REF,2,3751221709,1392640,264,0.0,200.0,-1223.7680243632983,12288,12288,526.416741847992
REF,2,3751221709,1474560,264,0.06439393939393939,200.0,-784.8046635695351,12288,12288,526.416741847992
REF,2,3751221709,1556480,264,0.01893939393939394,200.0,-740.8113840662651,12288,12288,526.416741847992
REF,2,3751221709,1638400,264,0.030303030303030304,200.0,-1047.4360284570125,12288,12288,526.416741847992
REF,2,3751221709,1720320,264,0.045454545454545456,200.0,-1039.8003949688996,12288,12288,526.416741847992
REF,2,3751221709,1802240,264,0.0,200.0,-1403.0182319334062,12288,12288,526.416741847992
REF,2,3751221709,1884160,264,0.25757575757575757,200.0,-873.3749937079771,12288,12288,526.416741847992
REF,2,3751221709,1966080,264,0.2803030303030303,200.0,-835.6803341057574,12288,12288,526.416741847992
REF,2,3751221709,2048000,264,0.45075757575757575,200.0,-614.4616664604997,12288,12288,526.416741847992
REF,2,3751221709,2129920,264,0.5227272727272727,200.0,-532.2983965847759,12288,12288,526.416741847992
REF,2,3751221709,2211840,264,0.4166666666666667,200.0,-672.3513949753453,12288,12288,526.416741847992
REF,2,3751221709,2293760,264,0.5568181818181818,200.0,-491.2957943402157,12288,12288,526.416741847992
REF,2,3751221709,2375680,264,0.6022727272727273,200.0,-483.26764572541674,12288,12288,526.416741847992
REF,2,3751221709,2457600,264,0.6022727272727273,200.0,-521.6704196991435,12288,12288,526.416741847992
REF,1,852122768,0,264,0.0,200.0,-1194.4637117212799,12288,12288,533.4541640281677
REF,1,852122768,81920,264,0.0,200.0,-1037.6243193522603,12288,12288,533.4541640281677
REF,1,852122768,163840,264,0.0,200.0,-1084.5181129680973,12288,12288,533.4541640281677
REF,1,852122768,245760,264,0.0,200.0,-1114.630871428456,12288,12288,533.4541640281677
REF,1,852122768,327680,264,0.1856060606060606,200.0,-763.319092394736,12288,12288,533.4541640281677
REF,1,852122768,409600,264,0.0,200.0,-1041.1959962419717,12288,12288,533.4541640281677
REF,1,852122768,491520,264,0.25757575757575757,200.0,-671.8828486054847,12288,12288,533.4541640281677
REF,1,852122768,573440,264,0.3333333333333333,200.0,-757.9102525238482,12288,12288,533.4541640281677
REF,1,852122768,655360,264,0.007575757575757576,200.0,-731.6510094337714,12288,12288,533.4541640281677
REF,1,852122768,737280,264,0.0,200.0,-1057.235542176889,12288,12288,533.4541640281677
REF,1,852122768,819200,264,0.45454545454545453,200.0,-628.194301997033,12288,12288,533.4541640281677
REF,1,852122768,901120,264,0.3484848484848485,200.0,-654.8421753013514,12288,12288,533.4541640281677
REF,1,852122768,983040,264,0.3446969696969697,200.0,-634.9365811529781,12288,12288,533.4541640281677
REF,1,852122768,1064960,264,0.45454545454545453,200.0,-542.2689222667627,12288,12288,533.4541640281677
REF,1,852122768,1146880,264,0.42045454545454547,200.0,-708.6581693828032,12288,12288,533.4541640281677
REF,1,852122768,1228800,264,0.08333333333333333,200.0,-762.1555013080698,12288,12288,533.4541640281677
REF,1,852122768,1310720,264,0.0,200.0,-1112.8053204247128,12288,12288,533.4541640281677
REF,1,852122768,1392640,264,0.26515151515151514,200.0,-634.0360839826282,12288,12288,533.4541640281677
REF,1,852122768,1474560,264,0.4166666666666667,200.0,-535.6364757284273,12288,12288,533.4541640281677
REF,1,852122768,1556480,264,0.5113636363636364,200.0,-495.01058947638364,12288,12288,533.4541640281677
REF,1,852122768,1638400,264,0.25757575757575757,200.0,-725.8276530690282,12288,12288,533.4541640281677
REF,1,852122768,1720320,264,0.4393939393939394,200.0,-579.9739551764316,12288,12288,533.4541640281677
REF,1,852122768,1802240,264,0.36742424242424243,200.0,-655.1104725613862,12288,12288,533.4541640281677
REF,1,852122768,1884160,264,0.5681818181818182,200.0,-449.97353277021904,12288,12288,533.4541640281677
REF,1,852122768,1966080,264,0.5643939393939394,200.0,-446.59930249254467,12288,12288,533.4541640281677
REF,1,852122768,2048000,264,0.7007575757575758,200.0,-329.95921187235854,12288,12288,533.4541640281677
REF,1,852122768,2129920,264,0.7840909090909091,200.0,-300.56704702280126,12288,12288,533.4541640281677
REF,1,852122768,2211840,264,0.8333333333333334,200.0,-255.03721562930508,12288,12288,533.4541640281677
REF,1,852122768,2293760,264,0.8446969696969697,200.0,-270.34630995086263,12288,12288,533.4541640281677
REF,1,852122768,2375680,264,0.7613636363636364,200.0,-318.2239927298411,12288,12288,533.4541640281677
REF,1,852122768,2457600,264,0.8901515151515151,200.0,-232.60648322349897,12288,12288,533.4541640281677
REF,3,1455100860,0,264,0.0,200.0,-1266.1819731875562,12288,12288,533.9501602649689
REF,3,1455100860,81920,264,0.0,200.0,-1006.0168523133184,12288,12288,533.9501602649689
REF,3,1455100860,163840,264,0.022727272727272728,200.0,-1108.5153699324485,12288,12288,533.9501602649689
REF,3,1455100860,245760,264,0.0,200.0,-1000.1493430063512,12288,12288,533.9501602649689
REF,3,1455100860,327680,264,0.0,200.0,-1078.6761578837102,12288,12288,533.9501602649689
REF,3,1455100860,409600,264,0.0,200.0,-986.6326440526644,12288,12288,533.9501602649689
REF,3,1455100860,491520,264,0.0,200.0,-1061.0837812011337,12288,12288,533.9501602649689
REF,3,1455100860,573440,264,0.3143939393939394,200.0,-681.9687904377882,12288,12288,533.9501602649689
REF,3,1455100860,655360,264,0.17045454545454544,200.0,-767.3469105370342,12288,12288,533.9501602649689
REF,3,1455100860,737280,264,0.0,200.0,-1266.4140911940162,12288,12288,533.9501602649689
REF,3,1455100860,819200,264,0.125,200.0,-735.3104030736262,12288,12288,533.9501602649689
REF,3,1455100860,901120,264,0.0,200.0,-1034.4908898143294,12288,12288,533.9501602649689
REF,3,1455100860,983040,264,0.0,200.0,-910.7799656452186,12288,12288,533.9501602649689
REF,3,1455100860,1064960,264,0.2689393939393939,200.0,-753.7853207170298,12288,12288,533.9501602649689
REF,3,1455100860,1146880,264,0.3181818181818182,200.0,-719.1829786339581,12288,12288,533.9501602649689
REF,3,1455100860,1228800,264,0.0,200.0,-1047.5100926757527,12288,12288,533.9501602649689
REF,3,1455100860,1310720,264,0.011363636363636364,200.0,-716.625891264522,12288,12288,533.9501602649689
REF,3,1455100860,1392640,264,0.3522727272727273,200.0,-680.7040883738006,12288,12288,533.9501602649689
REF,3,1455100860,1474560,264,0.0,200.0,-1027.477745678149,12288,12288,533.9501602649689
REF,3,1455100860,1556480,264,0.23863636363636365,200.0,-729.9012511826188,12288,12288,533.9501602649689
REF,3,1455100860,1638400,264,0.4318181818181818,200.0,-589.1896385981177,12288,12288,533.9501602649689
REF,3,1455100860,1720320,264,0.48863636363636365,200.0,-550.6367364346304,12288,12288,533.9501602649689
REF,3,1455100860,1802240,264,0.38257575757575757,200.0,-623.3596932140007,12288,12288,533.9501602649689
REF,3,1455100860,1884160,264,0.3484848484848485,200.0,-674.3828541755503,12288,12288,533.9501602649689
REF,3,1455100860,1966080,264,0.4659090909090909,200.0,-580.4164698644719,12288,12288,533.9501602649689
REF,3,1455100860,2048000,264,0.39015151515151514,200.0,-709.795870736355,12288,12288,533.9501602649689
REF,3,1455100860,2129920,264,0.5227272727272727,200.0,-524.5314571135088,12288,12288,533.9501602649689
REF,3,1455100860,2211840,264,0.6439393939393939,200.0,-410.75456930728717,12288,12288,533.9501602649689
REF,3,1455100860,2293760,264,0.5946969696969697,200.0,-475.26800027587853,12288,12288,533.9501602649689
REF,3,1455100860,2375680,264,0.6477272727272727,200.0,-437.98318067546074,12288,12288,533.9501602649689
REF,3,1455100860,2457600,264,0.6931818181818182,200.0,-390.73634825983663,12288,12288,533.9501602649689
REF,4,688890933,0,264,0.0,200.0,-1444.7786997478001,12288,12288,537.644021987915
REF,4,688890933,81920,264,0.0,200.0,-1246.2882450293866,12288,12288,537.644021987915
REF,4,688890933,163840,264,0.2537878787878788,200.0,-912.8979699318758,12288,12288,537.644021987915
REF,4,688890933,245760,264,0.0,200.0,-1276.7334347987207,12288,12288,537.644021987915
REF,4,688890933,327680,264,0.0,200.0,-830.2706044849294,12288,12288,537.644021987915
REF,4,688890933,409600,264,0.0,200.0,-815.5504448530156,12288,12288,537.644021987915
REF,4,688890933,491520,264,0.056818181818181816,200.0,-945.0336276917146,12288,12288,537.644021987915
REF,4,688890933,573440,264,0.0,200.0,-1089.0478966486394,12288,12288,537.644021987915
REF,4,688890933,655360,264,0.0,200.0,-932.238116407998,12288,12288,537.644021987915
REF,4,688890933,737280,264,0.0,200.0,-880.9752419136363,12288,12288,537.644021987915
REF,4,688890933,819200,264,0.0,200.0,-879.9392363405751,12288,12288,537.644021987915
REF,4,688890933,901120,264,0.12121212121212122,200.0,-807.1144517195653,12288,12288,537.644021987915
REF,4,688890933,983040,264,0.003787878787878788,200.0,-786.0766797818457,12288,12288,537.644021987915
REF,4,688890933,1064960,264,0.03409090909090909,200.0,-838.0262429526296,12288,12288,537.644021987915
REF,4,688890933,1146880,264,0.0,200.0,-783.3073136521033,12288,12288,537.644021987915
REF,4,688890933,1228800,264,0.003787878787878788,200.0,-771.210047373615,12288,12288,537.644021987915
REF,4,688890933,1310720,264,0.007575757575757576,200.0,-920.406861812916,12288,12288,537.644021987915
REF,4,688890933,1392640,264,0.2689393939393939,200.0,-617.7812384639099,12288,12288,537.644021987915
REF,4,688890933,1474560,264,0.15151515151515152,200.0,-936.3505707865883,12288,12288,537.644021987915
REF,4,688890933,1556480,264,0.0,200.0,-1004.2585821949443,12288,12288,537.644021987915
REF,4,688890933,1638400,264,0.003787878787878788,200.0,-814.3348384257578,12288,12288,537.644021987915
REF,4,688890933,1720320,264,0.32196969696969696,200.0,-576.4212384798016,12288,12288,537.644021987915
REF,4,688890933,1802240,264,0.24621212121212122,200.0,-689.371024302765,12288,12288,537.644021987915
REF,4,688890933,1884160,264,0.4318181818181818,200.0,-540.2275177357336,12288,12288,537.644021987915
REF,4,688890933,1966080,264,0.125,200.0,-1019.6623656006801,12288,12288,537.644021987915
REF,4,688890933,2048000,264,0.0,200.0,-1271.8490566962344,12288,12288,537.644021987915
REF,4,688890933,2129920,264,0.29924242424242425,200.0,-791.4565269490952,12288,12288,537.644021987915
REF,4,688890933,2211840,264,0.36742424242424243,200.0,-736.8967834337474,12288,12288,537.644021987915
REF,4,688890933,2293760,264,0.5984848484848485,200.0,-435.7586891746925,12288,12288,537.644021987915
REF,4,688890933,2375680,264,0.3787878787878788,200.0,-714.5765298943572,12288,12288,537.644021987915
REF,4,688890933,2457600,264,0.6136363636363636,200.0,-439.7846978327434,12288,12288,537.644021987915
REF,5,2830908527,0,264,0.0,200.0,-1193.4502254558183,12288,12288,720.8864109516144
REF,5,2830908527,81920,264,0.0,200.0,-1251.9764633646519,12288,12288,720.8864109516144
REF,5,2830908527,163840,264,0.0,200.0,-1206.2423686816426,12288,12288,720.8864109516144
REF,5,2830908527,245760,264,0.12121212121212122,200.0,-1063.0881165766882,12288,12288,720.8864109516144
REF,5,2830908527,327680,264,0.20833333333333334,200.0,-821.5378220737133,12288,12288,720.8864109516144
REF,5,2830908527,409600,264,0.6022727272727273,200.0,-404.5450227745586,12288,12288,720.8864109516144
REF,5,2830908527,491520,264,0.1590909090909091,200.0,-912.5854109248925,12288,12288,720.8864109516144
REF,5,2830908527,573440,264,0.4962121212121212,200.0,-536.2160050527459,12288,12288,720.8864109516144
REF,5,2830908527,655360,264,0.42424242424242425,200.0,-708.7841600821689,12288,12288,720.8864109516144
REF,5,2830908527,737280,264,0.5189393939393939,200.0,-552.80782968758,12288,12288,720.8864109516144
REF,5,2830908527,819200,264,0.5492424242424242,200.0,-522.090409757403,12288,12288,720.8864109516144
REF,5,2830908527,901120,264,0.678030303030303,200.0,-361.8881654506214,12288,12288,720.8864109516144
REF,5,2830908527,983040,264,0.5795454545454546,200.0,-451.5402786239754,12288,12288,720.8864109516144
REF,5,2830908527,1064960,264,0.7159090909090909,200.0,-353.7255823872544,12288,12288,720.8864109516144
REF,5,2830908527,1146880,264,0.7689393939393939,200.0,-311.14994177218136,12288,12288,720.8864109516144
REF,5,2830908527,1228800,264,0.8106060606060606,200.0,-279.8445119506065,12288,12288,720.8864109516144
REF,5,2830908527,1310720,264,0.8446969696969697,200.0,-251.82493427351767,12288,12288,720.8864109516144
REF,5,2830908527,1392640,264,0.8371212121212122,200.0,-256.2488985203014,12288,12288,720.8864109516144
REF,5,2830908527,1474560,264,0.8560606060606061,200.0,-241.77146189152091,12288,12288,720.8864109516144
REF,5,2830908527,1556480,264,0.8636363636363636,200.0,-241.0422062349198,12288,12288,720.8864109516144
REF,5,2830908527,1638400,264,0.8636363636363636,200.0,-245.80037924474328,12288,12288,720.8864109516144
REF,5,2830908527,1720320,264,0.8674242424242424,200.0,-235.2629728133317,12288,12288,720.8864109516144
REF,5,2830908527,1802240,264,0.821969696969697,200.0,-253.618470389143,12288,12288,720.8864109516144
REF,5,2830908527,1884160,264,0.8712121212121212,200.0,-228.66050776985676,12288,12288,720.8864109516144
REF,5,2830908527,1966080,264,0.8977272727272727,200.0,-228.60505228912564,12288,12288,720.8864109516144
REF,5,2830908527,2048000,264,0.8446969696969697,200.0,-263.4612715880424,12288,12288,720.8864109516144
REF,5,2830908527,2129920,264,0.9090909090909091,200.0,-218.50966911146543,12288,12288,720.8864109516144
REF,5,2830908527,2211840,264,0.8825757575757576,200.0,-241.18907395797484,12288,12288,720.8864109516144
REF,5,2830908527,2293760,264,0.8598484848484849,200.0,-254.9147727782671,12288,12288,720.8864109516144
REF,5,2830908527,2375680,264,0.8484848484848485,200.0,-250.43603983022248,12288,12288,720.8864109516144
REF,5,2830908527,2457600,264,0.8863636363636364,200.0,-212.80965413983103,12288,12288,720.8864109516144
REF,7,604836742,0,264,0.0,200.0,-1367.1213368284825,12288,12288,734.3663427829742
REF,7,604836742,81920,264,0.0,200.0,-1247.6280799057427,12288,12288,734.3663427829742
REF,7,604836742,163840,264,0.0,200.0,-1024.0845367500315,12288,12288,734.3663427829742
REF,7,604836742,245760,264,0.0,200.0,-843.6010685879766,12288,12288,734.3663427829742
REF,7,604836742,327680,264,0.0,200.0,-954.4894714536929,12288,12288,734.3663427829742
REF,7,604836742,409600,264,0.0,200.0,-954.322429438653,12288,12288,734.3663427829742
REF,7,604836742,491520,264,0.0,200.0,-882.5565988764683,12288,12288,734.3663427829742
REF,7,604836742,573440,264,0.0,200.0,-1009.2200470446884,12288,12288,734.3663427829742
REF,7,604836742,655360,264,0.0,200.0,-1037.043764300092,12288,12288,734.3663427829742
REF,7,604836742,737280,264,0.2689393939393939,200.0,-675.4427975999672,12288,12288,734.3663427829742
REF,7,604836742,819200,264,0.022727272727272728,200.0,-896.5004707055317,12288,12288,734.3663427829742
REF,7,604836742,901120,264,0.011363636363636364,200.0,-764.8136693627936,12288,12288,734.3663427829742
REF,7,604836742,983040,264,0.2803030303030303,200.0,-818.9844256010992,12288,12288,734.3663427829742
REF,7,604836742,1064960,264,0.2689393939393939,200.0,-734.3013938689793,12288,12288,734.3663427829742
REF,7,604836742,1146880,264,0.0,200.0,-1123.8085356851634,12288,12288,734.3663427829742
REF,7,604836742,1228800,264,0.4015151515151515,200.0,-754.0936372369348,12288,12288,734.3663427829742
REF,7,604836742,1310720,264,0.030303030303030304,200.0,-818.0294864327351,12288,12288,734.3663427829742
REF,7,604836742,1392640,264,0.2765151515151515,200.0,-678.7194756445865,12288,12288,734.3663427829742
REF,7,604836742,1474560,264,0.14393939393939395,200.0,-864.9108559956711,12288,12288,734.3663427829742
REF,7,604836742,1556480,264,0.4962121212121212,200.0,-564.8695441659419,12288,12288,734.3663427829742
REF,7,604836742,1638400,264,0.4393939393939394,200.0,-597.6275929584557,12288,12288,734.3663427829742
REF,7,604836742,1720320,264,0.4810606060606061,200.0,-539.706837769185,12288,12288,734.3663427829742
REF,7,604836742,1802240,264,0.7310606060606061,200.0,-336.59443440878226,12288,12288,734.3663427829742
REF,7,604836742,1884160,264,0.6704545454545454,200.0,-387.00690624074986,12288,12288,734.3663427829742
REF,7,604836742,1966080,264,0.7121212121212122,200.0,-360.0082636229927,12288,12288,734.3663427829742
REF,7,604836742,2048000,264,0.7727272727272727,200.0,-326.43000153200563,12288,12288,734.3663427829742
REF,7,604836742,2129920,264,0.8106060606060606,200.0,-301.2400244264674,12288,12288,734.3663427829742
REF,7,604836742,2211840,264,0.7007575757575758,200.0,-396.0673997008673,12288,12288,734.3663427829742
REF,7,604836742,2293760,264,0.7765151515151515,200.0,-318.9778791189306,12288,12288,734.3663427829742
REF,7,604836742,2375680,264,0.8257575757575758,200.0,-283.42980679500397,12288,12288,734.3663427829742
REF,7,604836742,2457600,264,0.8333333333333334,200.0,-281.3689089803529,12288,12288,734.3663427829742
REF,6,3157702678,0,264,0.0,200.0,-1037.1116390637271,12288,12288,738.2065529823303
REF,6,3157702678,81920,264,0.07196969696969698,200.0,-1032.0813910394784,12288,12288,738.2065529823303
REF,6,3157702678,163840,264,0.07196969696969698,200.0,-999.6767204688912,12288,12288,738.2065529823303
REF,6,3157702678,245760,264,0.026515151515151516,200.0,-1167.6587069430311,12288,12288,738.2065529823303
REF,6,3157702678,327680,264,0.4128787878787879,200.0,-587.4442954314849,12288,12288,738.2065529823303
REF,6,3157702678,409600,264,0.36742424242424243,200.0,-656.4699512789861,12288,12288,738.2065529823303
REF,6,3157702678,491520,264,0.2727272727272727,200.0,-685.7241870770773,12288,12288,738.2065529823303
REF,6,3157702678,573440,264,0.29545454545454547,200.0,-786.0594691829642,12288,12288,738.2065529823303
REF,6,3157702678,655360,264,0.3446969696969697,200.0,-655.9982436856014,12288,12288,738.2065529823303
REF,6,3157702678,737280,264,0.2840909090909091,200.0,-724.8504398831134,12288,12288,738.2065529823303
REF,6,3157702678,819200,264,0.041666666666666664,200.0,-712.1783979427717,12288,12288,738.2065529823303
REF,6,3157702678,901120,264,0.2878787878787879,200.0,-745.0303834804039,12288,12288,738.2065529823303
REF,6,3157702678,983040,264,0.2196969696969697,200.0,-682.6443036590224,12288,12288,738.2065529823303
REF,6,3157702678,1064960,264,0.0,200.0,-1005.0402105000376,12288,12288,738.2065529823303
REF,6,3157702678,1146880,264,0.3143939393939394,200.0,-683.9150514829871,12288,12288,738.2065529823303
REF,6,3157702678,1228800,264,0.0,200.0,-995.8638963536368,12288,12288,738.2065529823303
REF,6,3157702678,1310720,264,0.0,200.0,-1258.6731645489083,12288,12288,738.2065529823303
REF,6,3157702678,1392640,264,0.0,200.0,-1131.4164833840093,12288,12288,738.2065529823303
REF,6,3157702678,1474560,264,0.3560606060606061,200.0,-713.314450340093,12288,12288,738.2065529823303
REF,6,3157702678,1556480,264,0.0,200.0,-794.3266941802834,12288,12288,738.2065529823303
REF,6,3157702678,1638400,264,0.0,200.0,-890.2454332396783,12288,12288,738.2065529823303
REF,6,3157702678,1720320,264,0.3333333333333333,200.0,-677.7754235757232,12288,12288,738.2065529823303
REF,6,3157702678,1802240,264,0.3939393939393939,200.0,-609.2205424306342,12288,12288,738.2065529823303
REF,6,3157702678,1884160,264,0.10606060606060606,200.0,-804.7574916009083,12288,12288,738.2065529823303
REF,6,3157702678,1966080,264,0.4696969696969697,200.0,-517.9185110599984,12288,12288,738.2065529823303
REF,6,3157702678,2048000,264,0.49242424242424243,200.0,-493.9510818614702,12288,12288,738.2065529823303
REF,6,3157702678,2129920,264,0.38636363636363635,200.0,-552.5852996157987,12288,12288,738.2065529823303
REF,6,3157702678,2211840,264,0.5151515151515151,200.0,-480.4261858908818,12288,12288,738.2065529823303
REF,6,3157702678,2293760,264,0.4772727272727273,200.0,-536.808826337521,12288,12288,738.2065529823303
REF,6,3157702678,2375680,264,0.5265151515151515,200.0,-504.599560180761,12288,12288,738.2065529823303
REF,6,3157702678,2457600,264,0.4583333333333333,200.0,-618.5069079301904,12288,12288,738.2065529823303
REF,8,4062003080,0,264,0.0,200.0,-1478.1015432094662,12288,12288,743.3419029712677
REF,8,4062003080,81920,264,0.0,200.0,-1041.7658080223675,12288,12288,743.3419029712677
REF,8,4062003080,163840,264,0.0,200.0,-1126.6661486761952,12288,12288,743.3419029712677
REF,8,4062003080,245760,264,0.10606060606060606,200.0,-792.9291986047804,12288,12288,743.3419029712677
REF,8,4062003080,327680,264,0.2916666666666667,200.0,-790.0098711362764,12288,12288,743.3419029712677
REF,8,4062003080,409600,264,0.0,200.0,-1246.244683459926,12288,12288,743.3419029712677
REF,8,4062003080,491520,264,0.375,200.0,-747.4089945586508,12288,12288,743.3419029712677
REF,8,4062003080,573440,264,0.0,200.0,-901.5229299440015,12288,12288,743.3419029712677
REF,8,4062003080,655360,264,0.3371212121212121,200.0,-618.4158362182652,12288,12288,743.3419029712677
REF,8,4062003080,737280,264,0.19696969696969696,200.0,-896.9836236350426,12288,12288,743.3419029712677
REF,8,4062003080,819200,264,0.24242424242424243,200.0,-732.0965592334703,12288,12288,743.3419029712677
REF,8,4062003080,901120,264,0.17803030303030304,200.0,-788.9991547643572,12288,12288,743.3419029712677
REF,8,4062003080,983040,264,0.19318181818181818,200.0,-923.9331269203265,12288,12288,743.3419029712677
REF,8,4062003080,1064960,264,0.0,200.0,-1233.6235622517725,12288,12288,743.3419029712677
REF,8,4062003080,1146880,264,0.17424242424242425,200.0,-934.0468608942824,12288,12288,743.3419029712677
REF,8,4062003080,1228800,264,0.06060606060606061,200.0,-908.2140063330952,12288,12288,743.3419029712677
REF,8,4062003080,1310720,264,0.6477272727272727,200.0,-391.71789285001984,12288,12288,743.3419029712677
REF,8,4062003080,1392640,264,0.45454545454545453,200.0,-512.6563573770728,12288,12288,743.3419029712677
REF,8,4062003080,1474560,264,0.6022727272727273,200.0,-409.76312817767615,12288,12288,743.3419029712677
REF,8,4062003080,1556480,264,0.6856060606060606,200.0,-377.4906756043705,12288,12288,743.3419029712677
REF,8,4062003080,1638400,264,0.48863636363636365,200.0,-563.855436126944,12288,12288,743.3419029712677
REF,8,4062003080,1720320,264,0.4015151515151515,200.0,-695.6609449694143,12288,12288,743.3419029712677
REF,8,4062003080,1802240,264,0.6590909090909091,200.0,-394.29782294797957,12288,12288,743.3419029712677
REF,8,4062003080,1884160,264,0.6439393939393939,200.0,-421.6420164911856,12288,12288,743.3419029712677
REF,8,4062003080,1966080,264,0.6174242424242424,200.0,-441.0152931180111,12288,12288,743.3419029712677
REF,8,4062003080,2048000,264,0.7196969696969697,200.0,-369.46366188525,12288,12288,743.3419029712677
REF,8,4062003080,2129920,264,0.6401515151515151,200.0,-485.93285471765313,12288,12288,743.3419029712677
REF,8,4062003080,2211840,264,0.5568181818181818,200.0,-570.9734215950024,12288,12288,743.3419029712677
REF,8,4062003080,2293760,264,0.7272727272727273,200.0,-393.4399288998949,12288,12288,743.3419029712677
REF,8,4062003080,2375680,264,0.6553030303030303,200.0,-483.82337220115875,12288,12288,743.3419029712677
REF,8,4062003080,2457600,264,0.7348484848484849,200.0,-377.56829269630805,12288,12288,743.3419029712677
REF,9,3830851583,0,264,0.0,200.0,-1293.6790308462355,12288,12288,642.5630970001221
REF,9,3830851583,81920,264,0.10227272727272728,200.0,-785.4136603180999,12288,12288,642.5630970001221
REF,9,3830851583,163840,264,0.25757575757575757,200.0,-732.0767355533537,12288,12288,642.5630970001221
REF,9,3830851583,245760,264,0.0,200.0,-906.669360489881,12288,12288,642.5630970001221
REF,9,3830851583,327680,264,0.0946969696969697,200.0,-804.131984295902,12288,12288,642.5630970001221
REF,9,3830851583,409600,264,0.0,200.0,-1310.431709570692,12288,12288,642.5630970001221
REF,9,3830851583,491520,264,0.0,200.0,-826.6108191648257,12288,12288,642.5630970001221
REF,9,3830851583,573440,264,0.26136363636363635,200.0,-775.0262596664048,12288,12288,642.5630970001221
REF,9,3830851583,655360,264,0.030303030303030304,200.0,-996.1947013919156,12288,12288,642.5630970001221
REF,9,3830851583,737280,264,0.26515151515151514,200.0,-774.8665208762848,12288,12288,642.5630970001221
REF,9,3830851583,819200,264,0.3143939393939394,200.0,-824.1885975003823,12288,12288,642.5630970001221
REF,9,3830851583,901120,264,0.17424242424242425,200.0,-829.0151580441633,12288,12288,642.5630970001221
REF,9,3830851583,983040,264,0.003787878787878788,200.0,-826.3829864441974,12288,12288,642.5630970001221
REF,9,3830851583,1064960,264,0.0,200.0,-1207.2204214984738,12288,12288,642.5630970001221
REF,9,3830851583,1146880,264,0.0,200.0,-992.6269923718374,12288,12288,642.5630970001221
REF,9,3830851583,1228800,264,0.003787878787878788,200.0,-1083.207141150876,12288,12288,642.5630970001221
REF,9,3830851583,1310720,264,0.0,200.0,-951.0961734659086,12288,12288,642.5630970001221
REF,9,3830851583,1392640,264,0.0,200.0,-1147.8631001582692,12288,12288,642.5630970001221
REF,9,3830851583,1474560,264,0.01893939393939394,200.0,-698.4225374141644,12288,12288,642.5630970001221
REF,9,3830851583,1556480,264,0.38257575757575757,200.0,-541.4535756006002,12288,12288,642.5630970001221
REF,9,3830851583,1638400,264,0.003787878787878788,200.0,-1165.0047275357306,12288,12288,642.5630970001221
REF,9,3830851583,1720320,264,0.22727272727272727,200.0,-848.9936311206759,12288,12288,642.5630970001221
REF,9,3830851583,1802240,264,0.4734848484848485,200.0,-535.2643064292284,12288,12288,642.5630970001221
REF,9,3830851583,1884160,264,0.21212121212121213,200.0,-842.768630923976,12288,12288,642.5630970001221
REF,9,3830851583,1966080,264,0.5833333333333334,200.0,-437.6890460009595,12288,12288,642.5630970001221
REF,9,3830851583,2048000,264,0.42045454545454547,200.0,-662.4615233685165,12288,12288,642.5630970001221
REF,9,3830851583,2129920,264,0.571969696969697,200.0,-511.93487854504093,12288,12288,642.5630970001221
REF,9,3830851583,2211840,264,0.553030303030303,200.0,-547.7926699841877,12288,12288,642.5630970001221
REF,9,3830851583,2293760,264,0.5795454545454546,200.0,-491.99417342897306,12288,12288,642.5630970001221
REF,9,3830851583,2375680,264,0.4431818181818182,200.0,-705.0980250412329,12288,12288,642.5630970001221
REF,9,3830851583,2457600,264,0.5643939393939394,200.0,-567.1217458729178,12288,12288,642.5630970001221
REF,10,3223998248,0,264,0.0,200.0,-1326.1536672247184,12288,12288,639.9701490402222
REF,10,3223998248,81920,264,0.06439393939393939,200.0,-938.8176528383759,12288,12288,639.9701490402222
REF,10,3223998248,163840,264,0.0,200.0,-1029.0829925540363,12288,12288,639.9701490402222
REF,10,3223998248,245760,264,0.06060606060606061,200.0,-1094.3914703255296,12288,12288,639.9701490402222
REF,10,3223998248,327680,264,0.19696969696969696,200.0,-739.5869723006484,12288,12288,639.9701490402222
REF,10,3223998248,409600,264,0.0,200.0,-976.8769055949914,12288,12288,639.9701490402222
REF,10,3223998248,491520,264,0.17045454545454544,200.0,-802.3041143192117,12288,12288,639.9701490402222
REF,10,3223998248,573440,264,0.3939393939393939,200.0,-574.89372505424,12288,12288,639.9701490402222
REF,10,3223998248,655360,264,0.29924242424242425,200.0,-717.1751453296332,12288,12288,639.9701490402222
REF,10,3223998248,737280,264,0.3522727272727273,200.0,-715.6264206965529,12288,12288,639.9701490402222
REF,10,3223998248,819200,264,0.0,200.0,-997.1319528302793,12288,12288,639.9701490402222
REF,10,3223998248,901120,264,0.2840909090909091,200.0,-752.5535055028862,12288,12288,639.9701490402222
REF,10,3223998248,983040,264,0.21212121212121213,200.0,-669.6904871137149,12288,12288,639.9701490402222
REF,10,3223998248,1064960,264,0.0,200.0,-894.9363458244802,12288,12288,639.9701490402222
REF,10,3223998248,1146880,264,0.4393939393939394,200.0,-578.0229227759372,12288,12288,639.9701490402222
REF,10,3223998248,1228800,264,0.5568181818181818,200.0,-479.8832157910143,12288,12288,639.9701490402222
REF,10,3223998248,1310720,264,0.4696969696969697,200.0,-524.3042163742642,12288,12288,639.9701490402222
REF,10,3223998248,1392640,264,0.6174242424242424,200.0,-468.3292064830212,12288,12288,639.9701490402222
REF,10,3223998248,1474560,264,0.3409090909090909,200.0,-799.3778300402806,12288,12288,639.9701490402222
REF,10,3223998248,1556480,264,0.571969696969697,200.0,-475.01912542823385,12288,12288,639.9701490402222
REF,10,3223998248,1638400,264,0.8712121212121212,200.0,-242.8418389632158,12288,12288,639.9701490402222
REF,10,3223998248,1720320,264,0.6856060606060606,200.0,-358.1148904709514,12288,12288,639.9701490402222
REF,10,3223998248,1802240,264,0.8863636363636364,200.0,-234.16081484834436,12288,12288,639.9701490402222
REF,10,3223998248,1884160,264,0.8674242424242424,200.0,-260.1967251482819,12288,12288,639.9701490402222
REF,10,3223998248,1966080,264,0.8712121212121212,200.0,-241.7394754490669,12288,12288,639.9701490402222
REF,10,3223998248,2048000,264,0.8787878787878788,200.0,-247.89516436035828,12288,12288,639.9701490402222
REF,10,3223998248,2129920,264,0.7424242424242424,200.0,-323.118783666058,12288,12288,639.9701490402222
REF,10,3223998248,2211840,264,0.8560606060606061,200.0,-237.135947236382,12288,12288,639.9701490402222
REF,10,3223998248,2293760,264,0.8939393939393939,200.0,-223.86089661051224,12288,12288,639.9701490402222
REF,10,3223998248,2375680,264,0.9090909090909091,200.0,-216.03082522491428,12288,12288,639.9701490402222
REF,10,3223998248,2457600,264,0.8863636363636364,200.0,-230.73766337766912,12288,12288,639.9701490402222
