comparison,metric,diff,ci_lo,ci_hi,p,q_bh,p_holm
S_ce vs N,final_E4,0.03814814814814815,0.011514309764309841,0.06757575757575762,0.009916712038436916,0.3199891993276535,1.0
S_ce vs N,final_E7,0.0338666666666666,0.009865833333333358,0.06020083333333324,0.010860649430589035,0.3199891993276535,1.0
S_ce vs N,final_E0,0.0339716312056737,0.009668144208037613,0.061040484633569744,0.012468866329678299,0.3199891993276535,1.0
S_ce vs N,final_E2,0.03350877192982493,0.008594736842105032,0.06171929824561385,0.016031964434673866,0.3199891993276535,1.0
S_ce vs N,final_steps_E7,7.50040000000007,2.0136933333333404,13.96828166666669,0.017755302332033953,0.3199891993276535,1.0
S_ce vs N,final_E3a,0.032326388888888835,0.00735937499999982,0.06048697916666678,0.019727997816062975,0.3199891993276535,1.0
S_ce vs N,final_E1,0.031256038647343054,0.0069070048309178384,0.05896135265700465,0.021821991798304168,0.3199891993276535,1.0
S_ce vs N,final_steps_E2,7.779754385965077,1.8447412280700564,14.958902631578995,0.025067882971579795,0.3199891993276535,1.0
S_ce vs N,final_E3b,0.028840579710144976,0.005433876811594122,0.0549284420289855,0.025990701546635,0.3199891993276535,1.0
S_ce vs N,final_steps_E0,7.030449172576823,1.5319341016548194,13.656265366430153,0.026665766610637794,0.3199891993276535,1.0
S_ce vs N,final_steps_E3a,7.695625000000064,1.347038194444518,15.037481770833368,0.03149156588791769,0.34354435514092024,1.0
S_ce vs N,final_steps_E1,6.989082125603716,1.1699456521739382,13.944216183574941,0.03917431055957192,0.36976084464927095,1.0
S_ce vs N,final_steps_E4,7.71175084175087,1.0546153198654806,15.380193602693694,0.040057424837004356,0.36976084464927095,1.0
S_ce vs N,final_steps_E3b,5.609891304347855,0.2884420289853879,12.107991847826053,0.07032960373740779,0.5726268720631884,1.0
S_ce vs N,final_steps_E6,-22.767930107526894,-47.43364717741933,1.89838743279561,0.07233191932451392,0.5726268720631884,1.0
S_ce vs N,final_E1b,0.02376344086021509,-0.00039426523297503844,0.051003584229390886,0.07836972114597458,0.5726268720631884,1.0
S_ce vs N,auc_E5,-0.01921507352941154,-0.04052541360294124,0.0019805147058824563,0.0811221402089517,0.5726268720631884,1.0
S_ce vs N,auc_E1b,0.019603942652329787,-0.0038068548387096136,0.04275152329749097,0.10371009828005617,0.6914006552003745,1.0
S_ce vs N,auc_E3a,0.01869097222222238,-0.004944574652777861,0.04204882812499991,0.12120505643809687,0.7655056196090329,1.0
S_ce vs N,auc_E1,0.017072463768115886,-0.006763315217391291,0.0404787137681159,0.1604965473486533,0.9251917830295989,1.0
S_sa vs N,final_E3b,-0.02637681159420302,-0.06394927536231887,0.009130434782608454,0.1619085620301798,0.9251917830295989,1.0
S_ce vs N,auc_E2,0.015407017543859758,-0.00814912280701741,0.038489385964912214,0.19869240370559033,0.9713628547009459,1.0
S_sa vs N,final_E0,-0.024692671394799137,-0.06281412529550814,0.011952718676122924,0.1996266454024357,0.9713628547009459,1.0
S_sa vs N,final_E7,-0.02403333333333335,-0.06113500000000015,0.011900833333333345,0.20121064017798188,0.9713628547009459,1.0
S_ce vs N,auc_E0,0.014325650118203304,-0.008325517139479988,0.036705141843971695,0.2154449118169453,0.9713628547009459,1.0
S_sa vs N,final_steps_E3b,-5.398369565217308,-14.216166666666721,3.10845199275364,0.22894213160503968,0.9713628547009459,1.0
S_sa vs N,final_E5,-0.018308823529411322,-0.04868903186274501,0.011141544117647005,0.23280882532559521,0.9713628547009459,1.0
S_sa vs N,final_E2,-0.023508771929824146,-0.06294824561403532,0.013789473684210577,0.23561892956211578,0.9713628547009459,1.0
S_sa vs N,final_E1,-0.023140096618357475,-0.062198671497584374,0.013574879227053364,0.23610980604854226,0.9713628547009459,1.0
S_sa vs N,auc_E6,-0.010665994623655861,-0.02832792338709674,0.007181468413978504,0.24284071367523646,0.9713628547009459,1.0
S_ce vs N,final_steps_E1b,4.389892473118266,-2.611866487455185,12.442530465949849,0.25699482903956883,0.9792819224349256,1.0
S_sa vs N,final_steps_E0,-5.090413711583892,-14.081617612293192,3.588971335697461,0.2638576741988975,0.9792819224349256,1.0
S_sa vs N,final_E3a,-0.021319444444444557,-0.06049131944444446,0.015729166666666575,0.27792356731447226,0.9792819224349256,1.0
S_sa vs N,final_E4,-0.021582491582491592,-0.06114478114478095,0.017038720538720444,0.2867405634576528,0.9792819224349256,1.0
S_ce vs N,auc_E3b,0.012099637681159403,-0.010281521739130516,0.034288994565217376,0.2917204138608705,0.9792819224349256,1.0
S_sa vs N,final_steps_E7,-4.740799999999922,-13.68723583333335,3.925617499999904,0.29378457673047764,0.9792819224349256,1.0
S_ce vs N,auc_E6,0.009413306451612924,-0.009147379032258004,0.027599361559139717,0.32151470374494107,0.9905893323498332,1.0
S_ce vs N,final_E6,-0.025698924731182682,-0.07651915322580641,0.025043682795698866,0.32206525572051936,0.9905893323498332,1.0
S_sa vs N,final_E1b,-0.01806451612903226,-0.05569892473118277,0.017851254480286682,0.33390009966785805,0.9905893323498332,1.0
S_sa vs N,final_steps_E1,-4.556739130434835,-13.923138888888893,4.5344643719807785,0.3349558585784764,0.9905893323498332,1.0
S_sa vs N,final_steps_E4,-4.8728956228954985,-14.737962121212151,4.918381313131259,0.3384513552195263,0.9905893323498332,1.0
S_ce vs N,auc_E7,0.01041000000000003,-0.012118541666666678,0.03236537499999997,0.362896536790833,0.9941395639363009,1.0
S_sa vs N,final_steps_E2,-4.34599999999989,-13.708963157894761,4.820410526315675,0.36392538887278064,0.9941395639363009,1.0
S_sa vs N,final_steps_E5,-3.251544117647029,-10.839595588235383,4.147056066176435,0.39162052665614716,0.9941395639363009,1.0
S_sa vs N,auc_E4,-0.010212121212121006,-0.0342508417508417,0.013072432659932819,0.4015123285212854,0.9941395639363009,1.0
S_mab vs N,final_steps_E1b,3.5612903225805894,-5.062719534050236,12.427715053763375,0.41888266803949975,0.9941395639363009,1.0
S_sa vs N,final_steps_E3a,-3.809548611111097,-13.569262152777842,5.611316840277785,0.4330087107365448,0.9941395639363009,1.0
S_mab vs N,final_E5,-0.01087009803921557,-0.03848069852941184,0.016005514705882445,0.4375384016631094,0.9941395639363009,1.0
S_mab vs N,final_steps_E3a,3.231041666666613,-4.908826388888877,11.608997395833383,0.44070104198705756,0.9941395639363009,1.0
S_ce vs N,final_E5,0.008492647058823688,-0.012732843137254868,0.0318259803921568,0.45889785738875305,0.9941395639363009,1.0
S_mab vs N,auc_E1b,0.009207885304659547,-0.017817562724014427,0.03505752688172035,0.4967902783292174,0.9941395639363009,1.0
S_mab vs N,auc_E6,0.006110887096774209,-0.013317254704301111,0.02542899865591402,0.5345172081380966,0.9941395639363009,1.0
S_ce vs N,auc_E4,0.006927609427609505,-0.01491254208754216,0.028535858585858456,0.5363149498407661,0.9941395639363009,1.0
S_mab vs N,final_E3b,-0.010036231884058,-0.043189311594202924,0.02228351449275378,0.5508186716162458,0.9941395639363009,1.0
S_sa vs N,final_steps_E1b,-2.6602150537635225,-12.227341397849445,6.845576164874594,0.5822962606822149,0.9941395639363009,1.0
S_sa vs N,auc_E0,-0.006620567375886566,-0.03164867021276586,0.01738723404255315,0.5969650163779843,0.9941395639363009,1.0
S_sa vs N,auc_E5,-0.006064950980392059,-0.0290268995098039,0.01627884497549032,0.5986975629100695,0.9941395639363009,1.0
S_mab vs N,final_steps_E1,2.12123188405792,-5.788689613526492,10.189245772946977,0.6020283028846976,0.9941395639363009,1.0
S_mab vs N,final_E0,-0.008971631205673791,-0.04306264775413745,0.024551122931442286,0.6047990231418292,0.9941395639363009,1.0
S_mab vs N,final_E7,-0.00863333333333316,-0.04146666666666665,0.023935000000000223,0.6074193614900547,0.9941395639363009,1.0
S_mab vs N,auc_E1,0.007027777777777744,-0.020289945652173763,0.0330141606280194,0.6083325267358385,0.9941395639363009,1.0
S_mab vs N,auc_E5,-0.006131127450980323,-0.030326608455882496,0.017257245710784245,0.6150490793497804,0.9941395639363009,1.0
S_sa vs N,auc_E7,-0.0061633333333332985,-0.03054037500000012,0.017307291666666575,0.6152470182929881,0.9941395639363009,1.0
S_mab vs N,auc_E3a,0.006760416666666824,-0.020542361111111122,0.032606553819444516,0.6204646933108807,0.9941395639363009,1.0
S_sa vs N,auc_E2,-0.006143859649122896,-0.03216539473684208,0.018666798245613982,0.6384996854931737,0.9941395639363009,1.0
A vs N,final_E3b,-0.007173913043478475,-0.037573369565217625,0.0240579710144927,0.6577604407792891,0.9941395639363009,1.0
S_sa vs N,auc_E3a,-0.005597222222222142,-0.03174314236111102,0.01941553819444453,0.6692203481493495,0.9941395639363009,1.0
S_sa vs N,auc_E3b,-0.0052536231884058315,-0.03026458333333345,0.018581476449275342,0.6738085466013796,0.9941395639363009,1.0
S_mab vs N,final_E4,-0.007777777777777883,-0.044276094276094136,0.028249158249158413,0.6761179155125538,0.9941395639363009,1.0
S_mab vs N,final_steps_E6,5.07658602150542,-19.580151209677457,29.38594052419356,0.6796440388656537,0.9941395639363009,1.0
A vs N,auc_E1b,0.004955197132616496,-0.01810609318996411,0.028785349462365696,0.683667012437395,0.9941395639363009,1.0
S_mab vs N,final_steps_E2,1.6552280701755535,-6.555795614035014,10.059471929824598,0.6963813330024103,0.9941395639363009,1.0
A vs N,final_E1b,-0.006559139784946266,-0.03813709677419375,0.02620071684587811,0.6967214648499005,0.9941395639363009,1.0
A vs N,final_E3a,-0.006215277777777861,-0.039861979166666575,0.02812499999999974,0.7256712437257856,0.9941395639363009,1.0
S_mab vs N,final_E6,0.008709677419354966,-0.04196303763440863,0.058414986559139875,0.730932223456779,0.9941395639363009,1.0
S_mab vs N,auc_E2,0.004670175438596491,-0.022536929824561326,0.030365043859649183,0.7320710019900336,0.9941395639363009,1.0
A vs N,final_E2,-0.005649122807017348,-0.038282456140350835,0.027860526315789683,0.7458580107219231,0.9941395639363009,1.0
A vs N,final_E1,-0.0055072463768113256,-0.037175120772946546,0.027415458937198104,0.7466223959584671,0.9941395639363009,1.0
S_sa vs N,final_steps_E6,3.8419086021505393,-19.625084677419327,26.699436827956887,0.7470523400013385,0.9941395639363009,1.0
S_sa vs N,auc_E1,-0.004155797101449421,-0.03050419685990341,0.02096023550724632,0.7526787981849439,0.9941395639363009,1.0
A vs N,final_E0,-0.005224586288416266,-0.03644208037825048,0.026927009456265066,0.7554856740260221,0.9941395639363009,1.0
A vs N,auc_E1,0.003667874396135251,-0.019706793478260782,0.02781307367149756,0.7665006408475384,0.9941395639363009,1.0
A vs N,auc_E6,0.0026693548387097255,-0.014913541666666691,0.020289146505376294,0.7681608122940797,0.9941395639363009,1.0
A vs N,final_E5,-0.003897058823529198,-0.02895925245098037,0.022108149509804113,0.7712296819719724,0.9941395639363009,1.0
S_mab vs N,final_E2,-0.0048771929824557025,-0.041087719298245284,0.029999999999999923,0.7879662112584566,0.9941395639363009,1.0
A vs N,final_steps_E7,0.9056333333334123,-5.643477499999926,8.153613333333317,0.8025873158286296,0.9941395639363009,1.0
S_sa vs N,auc_E1b,-0.003028673835125284,-0.028847715053763354,0.021741980286738422,0.8158805380567477,0.9941395639363009,1.0
A vs N,final_E7,-0.0035999999999999366,-0.033534166666666636,0.02736750000000008,0.8235667825871207,0.9941395639363009,1.0
A vs N,final_steps_E1,0.854951690821224,-6.199104468599093,8.53806944444445,0.8241666734686016,0.9941395639363009,1.0
S_ce vs N,final_steps_E5,0.5956004901960341,-4.768115808823444,6.640391850490223,0.8383536368486674,0.9941395639363009,1.0
S_mab vs N,auc_E0,0.002663711583924422,-0.023464539007092187,0.02744151891252952,0.8386419075049744,0.9941395639363009,1.0
S_mab vs N,auc_E4,-0.002579124579124459,-0.028022432659932806,0.02158787878787877,0.8405440386709538,0.9941395639363009,1.0
A vs N,final_steps_E4,0.8338720538721418,-7.129377946127755,9.449962962962985,0.8486086911394781,0.9941395639363009,1.0
A vs N,auc_E4,-0.001941077441077299,-0.02343299663299667,0.01976435185185196,0.8641002159117103,0.9941395639363009,1.0
S_mab vs N,auc_E3b,0.0021702898550725047,-0.02367599637681163,0.0267446105072464,0.8672728066077774,0.9941395639363009,1.0
A vs N,auc_E2,0.0019315789473683953,-0.021186228070175377,0.02545938596491217,0.8739625046760376,0.9941395639363009,1.0
S_mab vs N,final_steps_E7,0.5990999999999644,-6.793914999999893,8.227373333333462,0.8759702819907529,0.9941395639363009,1.0
S_mab vs N,final_steps_E5,0.4734068627449801,-5.98482965686284,7.080776960784254,0.8864766653883535,0.9941395639363009,1.0
S_mab vs N,final_E1b,0.0021505376344087557,-0.03297670250896048,0.03555555555555535,0.9007641824242247,0.9941395639363009,1.0
A vs N,auc_E3a,0.0013854166666666945,-0.02193576388888896,0.025079904513888935,0.9100054054936877,0.9941395639363009,1.0
A vs N,final_steps_E5,0.3724019607843161,-6.072835171568573,6.924833333333383,0.9111732787773169,0.9941395639363009,1.0
S_mab vs N,auc_E7,0.0014399999999999968,-0.024397291666666737,0.025884291666666472,0.9113107616591988,0.9941395639363009,1.0
S_sa vs N,final_E6,0.0026612903225807227,-0.046089717741935474,0.04949193548387099,0.9144295410193282,0.9941395639363009,1.0
A vs N,final_E6,0.002580645161290529,-0.0472456317204301,0.05247412634408597,0.9208252517977797,0.9941395639363009,1.0
S_mab vs N,final_steps_E0,0.35619385342789656,-7.119698877068656,8.012673758865445,0.9270638424040797,0.9941395639363009,1.0
A vs N,final_steps_E0,0.3315366430261406,-6.278920212765954,7.675887706855812,0.9278683999118901,0.9941395639363009,1.0
A vs N,final_steps_E2,0.3614736842106936,-7.04801578947369,8.472947368421048,0.928657617693469,0.9941395639363009,1.0
S_mab vs N,final_E1,-0.0015458937198068456,-0.03606340579710162,0.031667270531400914,0.9292531893113881,0.9941395639363009,1.0
A vs N,final_E4,-0.001313131313131377,-0.03525420875420892,0.0329966329966328,0.9425974341756015,0.9941395639363009,1.0
S_mab vs N,final_steps_E4,0.27774410774418357,-8.473350168350084,9.302021885521826,0.9516800678830498,0.9941395639363009,1.0
A vs N,final_steps_E6,0.7165322580644613,-23.613907594086,24.992721774193445,0.9544305449709571,0.9941395639363009,1.0
S_mab vs N,final_steps_E3b,-0.21887681159410022,-7.545963768115951,7.3283079710145955,0.9544349869056881,0.9941395639363009,1.0
A vs N,final_steps_E3a,-0.24590277777775782,-9.351646701388882,8.754847222222129,0.9575260250317464,0.9941395639363009,1.0
A vs N,final_steps_E1b,0.1997849462366048,-7.888111111111118,8.788518817204373,0.9630564189823956,0.9941395639363009,1.0
A vs N,auc_E7,-0.0004883333333333129,-0.02236870833333343,0.021848458333333248,0.9662176492819674,0.9941395639363009,1.0
A vs N,auc_E3b,0.0003731884057970314,-0.021829755434782595,0.023094474637681116,0.9745844549327667,0.9941395639363009,1.0
A vs N,auc_E5,-0.0002328431372548012,-0.02089679840686281,0.020890962009803952,0.9828430740752776,0.9941395639363009,1.0
A vs N,final_steps_E3b,0.06583333333344399,-6.2827518115942125,7.18321195652176,0.9852702876776089,0.9941395639363009,1.0
S_mab vs N,final_E3a,0.0003124999999998268,-0.03500086805555537,0.03423611111111102,0.9858550675701651,0.9941395639363009,1.0
A vs N,auc_E0,-3.782505910154832e-05,-0.022291415484633658,0.022731161347517827,0.9974323912368399,0.9974323912368399,1.0
