id,a,b,metric,n_a,n_b,mean_a,mean_b,mean_diff,sd_a,sd_b,sd_diff,t,p,ci_lo,ci_hi,detectable,p_adj
C1,A,N,final_E7,100,100,0.9246333333333334,0.9184666666666667,0.006166666666666765,0.13119317325728264,0.13475789489187726,0.018807269590508244,0.3278873967850704,0.7433435030405194,-0.031001666666666795,0.042935833333333666,0.08349960740336133,0.9033483892853978
C1,A,N,auc_E6,100,100,0.25518444444444444,0.24343777777777778,0.011746666666666655,0.10933394037315626,0.10828376006978022,0.015388074347484357,0.7633617047468322,0.44615638593179163,-0.018091222222222172,0.041137777777777745,0.06831922946205594,0.9033483892853978
C1,A,N,S_edge,100,100,0.2914,0.2865333333333333,0.004866666666666686,0.20368535240264443,0.1688036284656375,0.02645418450199409,0.18396585486503433,0.8542349942684654,-0.047034791666666596,0.05620041666666674,0.11745001098976109,0.9107345880410316
C1,A,N,auc_edge,100,100,0.24767916666666667,0.2373791666666667,0.010299999999999976,0.10255093588207735,0.100556049007523,0.014362525349775125,0.7171440780197644,0.4741306679400345,-0.01726649305555553,0.03751177083333329,0.0637660465415086,0.9033483892853978
C1,A,N,final_E1v,100,100,0.29836666666666667,0.28996666666666665,0.008400000000000019,0.2145904119325424,0.1807873384072985,0.028059420275866945,0.29936470238569407,0.7649848363133481,-0.04560083333333325,0.06356750000000001,0.12457685926846393,0.9033483892853978
C1,A,N,final_E2v,100,100,0.31233333333333335,0.3111,0.001233333333333364,0.22084700739063837,0.1866799267777026,0.02891760635583953,0.042649910859039984,0.9660247778335309,-0.05586750000000001,0.0577349999999999,0.1283869923881011,0.9821201569981042
C1,A,N,final_E3v,100,100,0.2871666666666666,0.2822,0.004966666666666619,0.20825304850349458,0.1721046976001147,0.02701654292225891,0.18383797960228976,0.8543353642330025,-0.04793583333333322,0.05730083333333342,0.11994674275011108,0.9107345880410316
C1,A,N,final_E4v,100,100,0.2677333333333333,0.26286666666666664,0.004866666666666686,0.1880724363161917,0.15271359165916137,0.024226572679466873,0.20088135168997337,0.8410062349666299,-0.04240000000000002,0.052268333333333354,0.10755996758218517,0.9107345880410316
C1,A,N,auc_E1v,100,100,0.2554166666666667,0.24303888888888892,0.012377777777777765,0.10851921877826488,0.10657474922778008,0.015210061806978014,0.8137887889514779,0.4167438487788778,-0.017134166666666693,0.04132263888888892,0.06752889798019872,0.9033483892853978
C1,A,N,auc_E2v,100,100,0.26787222222222223,0.2588944444444444,0.008977777777777807,0.10931100911643858,0.11044247455489534,0.01553912381695404,0.5777531528503915,0.5640873001235449,-0.021095416666666665,0.03847833333333338,0.06898985160305879,0.9033483892853978
C1,A,N,auc_E3v,100,100,0.24567222222222218,0.2338388888888889,0.011833333333333279,0.10614629707315247,0.1034982963027569,0.01482529383179814,0.7981854165987905,0.42571979405424726,-0.016661666666666738,0.04025013888888889,0.06582062370283524,0.9033483892853978
C1,A,N,auc_E4v,100,100,0.22175555555555554,0.21374444444444446,0.00801111111111108,0.09227665695683589,0.08954787364044652,0.0128583836825065,0.623026292333304,0.5339848386722998,-0.017200555555555577,0.03268944444444446,0.0570880309958946,0.9033483892853978
C2_ce,S_ce,N,final_E7,100,100,0.9739666666666668,0.9184666666666667,0.055500000000000105,0.07630450987138022,0.13475789489187726,0.015486144924545229,3.583848677021853,0.00045170117269563594,0.02593250000000014,0.08663416666666678,0.06875463847467182,0.07046538294051921
C2_ce,S_ce,N,auc_E6,100,100,0.25456888888888884,0.24343777777777778,0.011131111111111064,0.10706559017059765,0.10828376006978022,0.015227742213942323,0.7309758042081618,0.4656581688771888,-0.018944500000000038,0.04064738888888888,0.06760739459732577,0.9033483892853978
C2_ce,S_ce,N,S_edge,100,100,0.257825,0.2865333333333333,-0.02870833333333328,0.21547955337079064,0.1688036284656375,0.027372632848164314,-1.0487969313210783,0.29562325125639144,-0.08160083333333334,0.025609583333333328,0.12152769360904912,0.9033483892853978
C2_ce,S_ce,N,auc_edge,100,100,0.2437361111111111,0.2373791666666667,0.006356944444444401,0.09958421577858581,0.100556049007523,0.01415222068236618,0.44918353007067097,0.6537905828825876,-0.02165194444444443,0.03375197916666661,0.06283234603388127,0.9033483892853978
C2_ce,S_ce,N,final_E1v,100,100,0.2626,0.28996666666666665,-0.02736666666666665,0.22591258005511888,0.1807873384072985,0.028934504584588204,-0.9458142470233738,0.34545145145123707,-0.08366750000000005,0.02903499999999989,0.1284620163281545,0.9033483892853978
C2_ce,S_ce,N,final_E2v,100,100,0.2776666666666667,0.3111,-0.033433333333333315,0.23225605089255802,0.1866799267777026,0.0297980315185307,-1.121998052540548,0.26328480707940394,-0.09106916666666674,0.0247,0.13229586151335973,0.9033483892853978
C2_ce,S_ce,N,final_E3v,100,100,0.2550333333333333,0.2822,-0.027166666666666728,0.2192618444997285,0.1721046976001147,0.027873963368966755,-0.9746251836189364,0.33100243493475523,-0.08050500000000006,0.027833333333333293,0.1237534766481487,0.9033483892853978
C2_ce,S_ce,N,final_E4v,100,100,0.23600000000000002,0.26286666666666664,-0.026866666666666622,0.19402291972400248,0.15271359165916137,0.02469136173961813,-1.0880998362904442,0.2779466331774633,-0.07440166666666666,0.02199999999999994,0.10962351560872027,0.9033483892853978
C2_ce,S_ce,N,auc_E1v,100,100,0.25801111111111114,0.24303888888888892,0.01497222222222222,0.10643312267426332,0.10657474922778008,0.015061934396072436,0.9940437813967898,0.3214148002378112,-0.01461194444444438,0.04427277777777784,0.06687124905371476,0.9033483892853978
C2_ce,S_ce,N,auc_E2v,100,100,0.26716666666666666,0.2588944444444444,0.008272222222222236,0.1101514817027528,0.11044247455489534,0.015598361807292646,0.5303263460881357,0.5964799359406054,-0.02234486111111111,0.038266666666666616,0.06925285357220874,0.9033483892853978
C2_ce,S_ce,N,auc_E3v,100,100,0.2416111111111111,0.2338388888888889,0.007772222222222208,0.1011270044612252,0.1034982963027569,0.01447016529583333,0.5371204864162963,0.5917877888388332,-0.0209502777777778,0.03573986111111122,0.06424394117653393,0.9033483892853978
C2_ce,S_ce,N,auc_E4v,100,100,0.20815555555555554,0.21374444444444446,-0.005588888888888921,0.08683747018257264,0.08954787364044652,0.012473799702269781,-0.44805023507567987,0.6546072686813744,-0.030312222222222178,0.018222499999999996,0.055380573610395376,0.9033483892853978
C2_mab,S_mab,N,final_E7,100,100,0.9263333333333332,0.9184666666666667,0.007866666666666577,0.1470247389033804,0.13475789489187726,0.0199439123757846,0.3944394920335735,0.6936843161593736,-0.03189999999999982,0.04586916666666669,0.08854601915769372,0.9033483892853978
C2_mab,S_mab,N,auc_E6,100,100,0.25055555555555553,0.24343777777777778,0.007117777777777751,0.11673456845020572,0.10828376006978022,0.01592241569803574,0.44702876201478847,0.6553456388535794,-0.024289277777777774,0.03766888888888889,0.07069157238911963,0.9033483892853978
C2_mab,S_mab,N,S_edge,100,100,0.28475833333333334,0.2865333333333333,-0.001774999999999971,0.19755563988448507,0.1688036284656375,0.025985168045124,-0.06830819785031338,0.9456109066099064,-0.05274208333333332,0.04861124999999999,0.11536769437139702,0.9749620912243359
C2_mab,S_mab,N,auc_edge,100,100,0.24108888888888888,0.2373791666666667,0.0037097222222221837,0.11013104468763803,0.100556049007523,0.014913204215055157,0.24875420256614938,0.8038108692874899,-0.025976770833333367,0.03245406250000003,0.06621092397759414,0.9105545408203706
C2_mab,S_mab,N,final_E1v,100,100,0.29023333333333334,0.28996666666666665,0.0002666666666666928,0.2033409255082016,0.1807873384072985,0.027208747438080837,0.009800769670619651,0.992190245222062,-0.053302499999999954,0.05353416666666664,0.12080008307870317,0.9921902452220619
C2_mab,S_mab,N,final_E2v,100,100,0.3049,0.3111,-0.006199999999999983,0.21106722297656563,0.1866799267777026,0.028177786938787027,-0.22003147420586167,0.8260767142362576,-0.062370000000000016,0.048500833333333306,0.12510237786306425,0.9105545408203706
C2_mab,S_mab,N,final_E3v,100,100,0.28029999999999994,0.2822,-0.0019000000000000683,0.2010238077150016,0.1721046976001147,0.026463294995949554,-0.07179755961194101,0.9428372048941223,-0.05376750000000002,0.04986666666666667,0.11749045932091681,0.9749620912243359
C2_mab,S_mab,N,final_E4v,100,100,0.26360000000000006,0.26286666666666664,0.0007333333333334191,0.18730870825605572,0.15271359165916137,0.024167331930933806,0.03034399227143332,0.9758245149660651,-0.04633500000000006,0.04833333333333331,0.10729695336733665,0.9821201569981042
C2_mab,S_mab,N,auc_E1v,100,100,0.25283888888888884,0.24303888888888892,0.00979999999999992,0.1160990922471019,0.10657474922778008,0.015759814844586623,0.621834716755327,0.5347711115345031,-0.021239583333333364,0.04017777777777781,0.06996966497129302,0.9033483892853978
C2_mab,S_mab,N,auc_E2v,100,100,0.26273888888888886,0.2588944444444444,0.003844444444444428,0.11874565921011404,0.11044247455489534,0.01621668022964418,0.23706729059235945,0.8128509690588612,-0.028400972222222286,0.03500694444444444,0.07199803384774835,0.9105545408203706
C2_mab,S_mab,N,auc_E3v,100,100,0.2383222222222222,0.2338388888888889,0.004483333333333311,0.11174792203688193,0.1034982963027569,0.015231380573386744,0.29434845460869663,0.7688018127666812,-0.025816805555555596,0.033895833333333396,0.06762354800990591,0.9033483892853978
C2_mab,S_mab,N,auc_E4v,100,100,0.21045555555555556,0.21374444444444446,-0.0032888888888888967,0.10011380168807874,0.08954787364044652,0.013431900447057122,-0.24485655636388218,0.8068242022537656,-0.029945833333333383,0.02302250000000005,0.05963430303441482,0.9105545408203706
C2_sa,S_sa,N,final_E7,100,100,0.8878333333333334,0.9184666666666667,-0.03063333333333329,0.1627729512850144,0.13475789489187726,0.021131664370258183,-1.4496412964256737,0.1487957006476512,-0.07226749999999971,0.009399999999999856,0.09381934311116948,0.9033483892853978
C2_sa,S_sa,N,auc_E6,100,100,0.2270511111111111,0.24343777777777778,-0.016386666666666688,0.10688413043487936,0.10828376006978022,0.015214989330811255,-1.0770080944771165,0.28278733229580094,-0.0459735,0.013181277777777783,0.06755077496258398,0.9033483892853978
C2_sa,S_sa,N,S_edge,100,100,0.2764666666666667,0.2865333333333333,-0.010066666666666613,0.18314419076999033,0.1688036284656375,0.024907119383011676,-0.4041682424958686,0.6865281063758097,-0.05815250000000003,0.04001750000000002,0.11058142597582259,0.9033483892853978
C2_sa,S_sa,N,auc_edge,100,100,0.2209652777777778,0.2373791666666667,-0.016413888888888895,0.10057419166300215,0.100556049007523,0.014222055765841188,-1.1541150702215703,0.24984411654410232,-0.04398777777777779,0.011162777777777792,0.06314239646544881,0.9033483892853978
C2_sa,S_sa,N,final_E1v,100,100,0.2783333333333333,0.28996666666666665,-0.011633333333333329,0.19319483022131423,0.1807873384072985,0.026459082401443457,-0.43967259169572254,0.6606558709362274,-0.0630675000000001,0.041135,0.11747175644723724,0.9033483892853978
C2_sa,S_sa,N,final_E2v,100,100,0.2964,0.3111,-0.01469999999999999,0.201238968230449,0.1866799267777026,0.02744932010017444,-0.5355323901048672,0.592886149274528,-0.06793416666666667,0.04003500000000001,0.12186816596761625,0.9033483892853978
C2_sa,S_sa,N,final_E3v,100,100,0.2707333333333333,0.2822,-0.01146666666666668,0.1856571910608167,0.1721046976001147,0.02531573019460816,-0.45294631355760356,0.6510861768414641,-0.06073416666666664,0.0393341666666666,0.11239555652703744,0.9033483892853978
C2_sa,S_sa,N,final_E4v,100,100,0.26039999999999996,0.26286666666666664,-0.0024666666666666726,0.16414884707335187,0.15271359165916137,0.02242014386058924,-0.11002010879165894,0.912505436732374,-0.045933333333333326,0.04279999999999995,0.09953987213704278,0.9618300549341239
C2_sa,S_sa,N,auc_E1v,100,100,0.2288444444444444,0.24303888888888892,-0.01419444444444451,0.10695072073352115,0.10657474922778008,0.015098554181902266,-0.9401194494144705,0.3483018012600322,-0.04355694444444446,0.015122361111111145,0.06703383181062537,0.9033483892853978
C2_sa,S_sa,N,auc_E2v,100,100,0.24037222222222218,0.2588944444444444,-0.018522222222222245,0.10847340666660925,0.11044247455489534,0.015480316579343038,-1.1965015138604034,0.23293211074596912,-0.048294861111111136,0.011478333333333222,0.0687287620690696,0.9033483892853978
C2_sa,S_sa,N,auc_E3v,100,100,0.21654444444444448,0.2338388888888889,-0.017294444444444418,0.10298408268729449,0.1034982963027569,0.014600554312941948,-1.1845060176321252,0.23763274450333582,-0.04551847222222223,0.010939722222222207,0.06482283603875118,0.9033483892853978
C2_sa,S_sa,N,auc_E4v,100,100,0.1981,0.21374444444444446,-0.01564444444444446,0.08957010225158153,0.08954787364044652,0.012665553636096666,-1.2351962570240904,0.2182211354924075,-0.03993527777777779,0.009033333333333282,0.056231913466802584,0.9033483892853978
C3_ce,B_ce,N,final_E7,100,100,0.9535333333333333,0.9184666666666667,0.03506666666666669,0.083872090096731,0.13475789489187726,0.01587268651894959,2.2092458403183604,0.02852914367539042,0.00476666666666691,0.06676749999999997,0.07047078718102749,0.6225198369825605
C3_ce,B_ce,N,auc_E6,100,100,0.2498355555555556,0.24343777777777778,0.006397777777777808,0.10608206156560228,0.10828376006978022,0.015158752086124359,0.42205174551499175,0.6734453444857454,-0.02309561111111109,0.03596255555555553,0.06730109555908499,0.9033483892853978
C3_ce,B_ce,N,S_edge,100,100,0.276575,0.2865333333333333,-0.009958333333333291,0.21404434515286588,0.1688036284656375,0.027259795794371638,-0.3653121031592394,0.7152895524113537,-0.06284187500000002,0.04336958333333334,0.12102672510605093,0.9033483892853978
C3_ce,B_ce,N,auc_edge,100,100,0.23827083333333332,0.2373791666666667,0.000891666666666624,0.10013612557888509,0.100556049007523,0.014191110822607796,0.06283276043804222,0.9499630632442247,-0.0268625,0.028355625000000023,0.0630050086006834,0.9749620912243359
C3_ce,B_ce,N,final_E1v,100,100,0.28093333333333337,0.28996666666666665,-0.009033333333333282,0.22214497647345205,0.1807873384072985,0.028641307983537628,-0.3153952793819834,0.7528074154380943,-0.06453500000000002,0.04627416666666657,0.12716029621605068,0.9033483892853978
C3_ce,B_ce,N,final_E2v,100,100,0.2907666666666666,0.3111,-0.02033333333333337,0.22840925278204782,0.1866799267777026,0.029499183347710123,-0.6892846182778055,0.49148308622636105,-0.07760416666666661,0.03686750000000003,0.1309690498346818,0.9033483892853978
C3_ce,B_ce,N,final_E3v,100,100,0.2772,0.2822,-0.0050000000000000044,0.2201650844752586,0.1721046976001147,0.027945069575512724,-0.17892243876828018,0.8581922079617413,-0.05910166666666668,0.04980083333333327,0.12406917055054946,0.9107345880410316
C3_ce,B_ce,N,final_E4v,100,100,0.2574,0.26286666666666664,-0.00546666666666662,0.19644173634954068,0.15271359165916137,0.024881880326346625,-0.21970472468184574,0.8263412197994051,-0.052935000000000024,0.04306666666666667,0.11046937083072984,0.9105545408203706
C3_ce,B_ce,N,auc_E1v,100,100,0.25422777777777783,0.24303888888888892,0.011188888888888915,0.10652791828898384,0.10657474922778008,0.015068634492862526,0.7425283886332694,0.45864724776594634,-0.01802222222222219,0.04074458333333338,0.06690099581992368,0.9033483892853978
C3_ce,B_ce,N,auc_E2v,100,100,0.2583833333333333,0.2588944444444444,-0.0005111111111111288,0.107808235453628,0.11044247455489534,0.015433779776008726,-0.0331163926483928,0.9736151494025463,-0.030550138888888936,0.02951124999999999,0.06852215021669399,0.9821201569981042
C3_ce,B_ce,N,auc_E3v,100,100,0.23809444444444441,0.2338388888888889,0.0042555555555555125,0.10220579013856118,0.1034982963027569,0.01454576257039172,0.2925632489160663,0.7701624088138328,-0.02406124999999995,0.03234458333333329,0.06457957430584131,0.9033483892853978
C3_ce,B_ce,N,auc_E4v,100,100,0.20237777777777777,0.21374444444444446,-0.011366666666666692,0.09015097561197546,0.08954787364044652,0.012706699051018865,-0.894541266856814,0.3721185073276265,-0.03572250000000004,0.01270027777777779,0.05641458889323375,0.9033483892853978
C3_mab,B_mab,N,final_E7,100,100,0.9338666666666668,0.9184666666666667,0.015400000000000191,0.11225344100220279,0.13475789489187726,0.01753867875654414,0.8780593004620744,0.38101048824933514,-0.01763416666666694,0.04970249999999993,0.07786737907368581,0.9033483892853978
C3_mab,B_mab,N,auc_E6,100,100,0.27412444444444445,0.24343777777777778,0.030686666666666668,0.12256005272724185,0.10828376006978022,0.016354308062206127,1.8763659428418011,0.0620986545992511,-0.0005001666666666494,0.06243333333333334,0.07260906725328307,0.7918845415873547
C3_mab,B_mab,N,S_edge,100,100,0.31361666666666665,0.2865333333333333,0.027083333333333348,0.2080399354900354,0.1688036284656375,0.026790908857644805,1.010915063659929,0.3133431392241445,-0.024583333333333346,0.08004229166666661,0.11894498352496492,0.9033483892853978
C3_mab,B_mab,N,auc_edge,100,100,0.26488611111111116,0.2373791666666667,0.02750694444444446,0.11540433835950897,0.100556049007523,0.0153067567773841,1.7970458957763196,0.07388088651964371,-0.001662465277777698,0.057019062500000016,0.06795819964081098,0.7918845415873547
C3_mab,B_mab,N,final_E1v,100,100,0.32016666666666665,0.28996666666666665,0.030200000000000005,0.21214069775821492,0.1807873384072985,0.02787252004640724,1.0835044678313102,0.27993530710182646,-0.02366666666666667,0.08439999999999998,0.123747068654341,0.9033483892853978
C3_mab,B_mab,N,final_E2v,100,100,0.3379666666666667,0.3111,0.026866666666666705,0.22052274136986294,0.1866799267777026,0.028892849378870177,0.9298725201646172,0.3536002024538083,-0.029435000000000086,0.08326749999999998,0.1282770775571637,0.9033483892853978
C3_mab,B_mab,N,final_E3v,100,100,0.30746666666666667,0.2822,0.02526666666666666,0.21306860679344078,0.1721046976001147,0.02738946113689074,0.9224959388717254,0.3574422812886768,-0.027434166666666725,0.07876666666666671,0.12160240703276885,0.9033483892853978
C3_mab,B_mab,N,final_E4v,100,100,0.2888666666666666,0.26286666666666664,0.025999999999999968,0.20064778371281963,0.15271359165916137,0.025215268030760157,1.0311213019144794,0.3038309547971928,-0.02233499999999998,0.07546999999999994,0.11194952946288382,0.9033483892853978
C3_mab,B_mab,N,auc_E1v,100,100,0.2771055555555556,0.24303888888888892,0.03406666666666669,0.1225077853434602,0.10657474922778008,0.016237713706899606,2.09799650871978,0.03719847190552508,0.0029330555555555113,0.06552875000000008,0.07209141726444812,0.6447735130291014
C3_mab,B_mab,N,auc_E2v,100,100,0.28868333333333335,0.2588944444444444,0.02978888888888892,0.1253612476725054,0.11044247455489534,0.0167071788773018,1.7829993386471605,0.07614274438339949,-0.0020723611111110873,0.06232791666666668,0.0741757260594855,0.7918845415873547
C3_mab,B_mab,N,auc_E3v,100,100,0.26182222222222223,0.2338388888888889,0.027983333333333332,0.11717837329676013,0.1034982963027569,0.015634151242087987,1.7898850343727437,0.07502383847056135,-0.0019341666666666743,0.05802499999999994,0.06941174977669062,0.7918845415873547
C3_mab,B_mab,N,auc_E4v,100,100,0.23193333333333335,0.21374444444444446,0.018188888888888893,0.10392696266020926,0.08954787364044652,0.013718467567954485,1.325868855161129,0.1864440450297942,-0.008212222222222221,0.04530055555555553,0.06090658990064433,0.9033483892853978
C3_sa,B_sa,N,final_E7,100,100,0.8981,0.9184666666666667,-0.020366666666666644,0.17474191647609158,0.13475789489187726,0.02206681390899638,-0.9229545665567694,0.35722666639932366,-0.06510083333333348,0.021434999999999618,0.09797117487878992,0.9033483892853978
C3_sa,B_sa,N,auc_E6,100,100,0.2603711111111111,0.24343777777777778,0.016933333333333328,0.10517901084453443,0.10828376006978022,0.01509569376248883,1.1217327007130227,0.2633357774714919,-0.012353444444444386,0.046289166666666624,0.06702113225863132,0.9033483892853978
C3_sa,B_sa,N,S_edge,100,100,0.3003833333333333,0.2865333333333333,0.013849999999999973,0.1995548293332267,0.1688036284656375,0.026137481686914335,0.5298903760469755,0.5967979307015989,-0.03679208333333328,0.06577520833333342,0.1160439291236275,0.9033483892853978
C3_sa,B_sa,N,auc_edge,100,100,0.2527361111111111,0.2373791666666667,0.01535694444444441,0.09914975849058705,0.100556049007523,0.014121683186060047,1.0874726647035762,0.27815023942509826,-0.011836319444444408,0.04281975694444438,0.0626967671323096,0.9033483892853978
C3_sa,B_sa,N,final_E1v,100,100,0.3038,0.28996666666666665,0.013833333333333364,0.21385249329593725,0.1807873384072985,0.028003026732352335,0.49399421946597993,0.6218729800273064,-0.040634166666666686,0.0692341666666667,0.12432648593697669,0.9033483892853978
C3_sa,B_sa,N,final_E2v,100,100,0.3207666666666666,0.3111,0.009666666666666601,0.215696015363685,0.1866799267777026,0.028526157488434966,0.3388702691761289,0.7350739539457024,-0.04609999999999992,0.06556750000000004,0.12664905660803086,0.9033483892853978
C3_sa,B_sa,N,final_E3v,100,100,0.29603333333333337,0.2822,0.013833333333333364,0.20275193968496508,0.1721046976001147,0.026594807008520037,0.5201516720501733,0.6035542714469865,-0.037400833333333265,0.06640000000000001,0.11807434000416087,0.9033483892853978
C3_sa,B_sa,N,final_E4v,100,100,0.2809333333333333,0.26286666666666664,0.018066666666666675,0.1782166804347595,0.15271359165916137,0.02346968816636179,0.7697872480709369,0.4423650238370571,-0.026999999999999913,0.06420166666666664,0.10419958826769635,0.9033483892853978
C3_sa,B_sa,N,auc_E1v,100,100,0.2612777777777778,0.24303888888888892,0.01823888888888886,0.10533006513467308,0.10657474922778008,0.014984191601230505,1.2172087339961053,0.224973765822947,-0.010866805555555525,0.047333472222222193,0.06652609034705075,0.9033483892853978
C3_sa,B_sa,N,auc_E2v,100,100,0.27330555555555547,0.2588944444444444,0.014411111111111041,0.10692295759776779,0.11044247455489534,0.01537207176904361,0.937486587860736,0.3496516257403436,-0.01561666666666675,0.04425055555555556,0.06824818198699245,0.9033483892853978
C3_sa,B_sa,N,auc_E3v,100,100,0.24885000000000002,0.2338388888888889,0.015011111111111114,0.101397648254066,0.1034982963027569,0.014489092590299972,1.0360283791105467,0.3014530713563601,-0.012961250000000061,0.042735277777777705,0.06432797366458685,0.9033483892853978
C3_sa,B_sa,N,auc_E4v,100,100,0.22751111111111114,0.21374444444444446,0.013766666666666677,0.08967735602182537,0.08954787364044652,0.012673140832718066,1.086286884078923,0.2786727963290906,-0.01057777777777777,0.03844444444444442,0.0562655987360082,0.9033483892853978
C4_ce,B_ce,S_ce,final_E7,100,100,0.9535333333333333,0.9739666666666668,-0.020433333333333414,0.083872090096731,0.07630450987138022,0.011338829623865825,-1.8020672336698305,0.07306938774261212,-0.042000833333333466,0.0014341666666666131,0.05034158825926703,0.7918845415873547
C4_ce,B_ce,S_ce,auc_E6,100,100,0.2498355555555556,0.25456888888888884,-0.004733333333333256,0.10608206156560228,0.10706559017059765,0.015071975446034475,-0.3140486361778558,0.7538147619375617,-0.03420116666666662,0.024827944444444448,0.0669158288224958,0.9033483892853978
C4_ce,B_ce,S_ce,S_edge,100,100,0.276575,0.257825,0.01874999999999999,0.21404434515286588,0.21547955337079064,0.03037209568218739,0.6173429781138375,0.5377178572043939,-0.03969187499999996,0.07753354166666668,0.13484456386799948,0.9033483892853978
C4_ce,B_ce,S_ce,auc_edge,100,100,0.23827083333333332,0.2437361111111111,-0.005465277777777777,0.10013612557888509,0.09958421577858581,0.014122414693736401,-0.38699315211312596,0.6991769085686519,-0.03325180555555559,0.022682326388888875,0.06270001484476961,0.9033483892853978
C4_ce,B_ce,S_ce,final_E1v,100,100,0.28093333333333337,0.2626,0.018333333333333368,0.22214497647345205,0.22591258005511888,0.03168357372512626,0.5786384292499918,0.5634909707000237,-0.04260416666666663,0.07950000000000007,0.14066720075723677,0.9033483892853978
C4_ce,B_ce,S_ce,final_E2v,100,100,0.2907666666666666,0.2776666666666667,0.013099999999999945,0.22840925278204782,0.23225605089255802,0.03257509170096992,0.40214775510854184,0.6880091912515384,-0.04936833333333339,0.0760341666666667,0.14462531921870417,0.9033483892853978
C4_ce,B_ce,S_ce,final_E3v,100,100,0.2772,0.2550333333333333,0.022166666666666723,0.2201650844752586,0.2192618444997285,0.03107224177226691,0.7133912908225137,0.47644366840299573,-0.03780083333333333,0.08200249999999998,0.1379530386716011,0.9033483892853978
C4_ce,B_ce,S_ce,final_E4v,100,100,0.2574,0.23600000000000002,0.021400000000000002,0.19644173634954068,0.19402291972400248,0.02761055036725077,0.7750660423409313,0.43922541980125424,-0.03193500000000009,0.07493333333333332,0.12258398832224486,0.9033483892853978
C4_ce,B_ce,S_ce,auc_E1v,100,100,0.25422777777777783,0.25801111111111114,-0.0037833333333333052,0.10652791828898384,0.10643312267426332,0.015058621111236977,-0.2512403562973055,0.8018888355555808,-0.033150555555555544,0.025711805555555536,0.066856538891687,0.9105545408203706
C4_ce,B_ce,S_ce,auc_E2v,100,100,0.2583833333333333,0.26716666666666666,-0.008783333333333365,0.107808235453628,0.1101514817027528,0.015412970042446971,-0.5698663728758483,0.5694146415496661,-0.03910069444444449,0.021394861111111073,0.06842976016644171,0.9033483892853978
C4_ce,B_ce,S_ce,auc_E3v,100,100,0.23809444444444441,0.2416111111111111,-0.0035166666666666957,0.10220579013856118,0.1011270044612252,0.014378002145342818,-0.24458660049691117,0.8070298494222553,-0.03152236111111112,0.02502388888888892,0.06383475967116016,0.9105545408203706
C4_ce,B_ce,S_ce,auc_E4v,100,100,0.20237777777777777,0.20815555555555554,-0.005777777777777771,0.09015097561197546,0.08683747018257264,0.012517166065647683,-0.4615883297765298,0.6448839821674682,-0.03046666666666667,0.019266666666666654,0.05557310949653984,0.9033483892853978
C4_mab,B_mab,S_mab,final_E7,100,100,0.9338666666666668,0.9263333333333332,0.007533333333333614,0.11225344100220279,0.1470247389033804,0.018497867138251967,0.40725415946767946,0.6842917850285741,-0.0263000000000001,0.04423416666666689,0.08212593733558739,0.9033483892853978
C4_mab,B_mab,S_mab,auc_E6,100,100,0.27412444444444445,0.25055555555555553,0.023568888888888917,0.12256005272724185,0.11673456845020572,0.01692569821181982,1.3924913816807816,0.16533913039215503,-0.008933444444444407,0.05733649999999996,0.0751458976494917,0.9033483892853978
C4_mab,B_mab,S_mab,S_edge,100,100,0.31361666666666665,0.28475833333333334,0.02885833333333332,0.2080399354900354,0.19755563988448507,0.028689518226848364,1.0058842084816528,0.3157022306974826,-0.026134791666666674,0.08600125000000006,0.1273743377264302,0.9033483892853978
C4_mab,B_mab,S_mab,auc_edge,100,100,0.26488611111111116,0.24108888888888888,0.023797222222222275,0.11540433835950897,0.11013104468763803,0.015952118453731016,1.4917907167782083,0.1373490247536184,-0.006866805555555539,0.05536673611111109,0.07082344524963338,0.9033483892853978
C4_mab,B_mab,S_mab,final_E1v,100,100,0.32016666666666665,0.29023333333333334,0.029933333333333312,0.21214069775821492,0.2033409255082016,0.029385575990930363,1.0186403473109396,0.3096190126265356,-0.026169166666666615,0.08770333333333323,0.13046466137767626,0.9033483892853978
C4_mab,B_mab,S_mab,final_E2v,100,100,0.3379666666666667,0.3049,0.03306666666666669,0.22052274136986294,0.21106722297656563,0.030525342271024374,1.083252936955751,0.2800160633407222,-0.02570083333333344,0.09370083333333333,0.13552494067347953,0.9033483892853978
C4_mab,B_mab,S_mab,final_E3v,100,100,0.30746666666666667,0.28029999999999994,0.027166666666666728,0.21306860679344078,0.2010238077150016,0.029293139549924626,0.9274071364172581,0.3548480978000284,-0.029466666666666586,0.08550083333333339,0.13005426653026905,0.9033483892853978
C4_mab,B_mab,S_mab,final_E4v,100,100,0.2888666666666666,0.26360000000000006,0.02526666666666655,0.20064778371281963,0.18730870825605572,0.027448877080386846,0.9204991006615872,0.3584374144732107,-0.026866666666666678,0.0800033333333333,0.12186619906975489,0.9033483892853978
C4_mab,B_mab,S_mab,auc_E1v,100,100,0.2771055555555556,0.25283888888888884,0.02426666666666677,0.1225077853434602,0.1160990922471019,0.016878138727466484,1.437757270425597,0.15208603349295766,-0.00835652777777778,0.05793958333333331,0.0749347453473088,0.9033483892853978
C4_mab,B_mab,S_mab,auc_E2v,100,100,0.28868333333333335,0.26273888888888886,0.025944444444444492,0.1253612476725054,0.11874565921011404,0.017267302626424248,1.5025186623382374,0.13456107428558003,-0.007122638888888864,0.060352083333333265,0.07666253643480057,0.9033483892853978
C4_mab,B_mab,S_mab,auc_E3v,100,100,0.26182222222222223,0.2383222222222222,0.02350000000000002,0.11717837329676013,0.11174792203688193,0.016192087341672757,1.4513261634600536,0.14827514944597026,-0.007527916666666742,0.05552819444444442,0.07188884753122077,0.9033483892853978
C4_mab,B_mab,S_mab,auc_E4v,100,100,0.23193333333333335,0.21045555555555556,0.02147777777777779,0.10392696266020926,0.10011380168807874,0.014430380056054133,1.4883722877948031,0.13824590013535884,-0.006644444444444453,0.050222500000000024,0.06406730459002548,0.9033483892853978
C4_sa,B_sa,S_sa,final_E7,100,100,0.8981,0.8878333333333334,0.010266666666666646,0.17474191647609158,0.1627729512850144,0.023880906817742714,0.42991108943312223,0.6677301736055704,-0.037569999999999756,0.05700083333333337,0.10602529698006445,0.9033483892853978
C4_sa,B_sa,S_sa,auc_E6,100,100,0.2603711111111111,0.2270511111111111,0.033320000000000016,0.10517901084453443,0.10688413043487936,0.014995613245564516,2.2219831529634564,0.027416877873869202,0.0038153888888888773,0.06211372222222218,0.06657679961206134,0.6225198369825605
C4_sa,B_sa,S_sa,S_edge,100,100,0.3003833333333333,0.2764666666666667,0.023916666666666586,0.1995548293332267,0.18314419076999033,0.02708577569924994,0.8829972946770318,0.378316375661871,-0.029033750000000077,0.07601666666666662,0.12025411909043392,0.9033483892853978
C4_sa,B_sa,S_sa,auc_edge,100,100,0.2527361111111111,0.2209652777777778,0.031770833333333304,0.09914975849058705,0.10057419166300215,0.014122975124741964,2.249585023885948,0.025576102442357185,0.004023506944444462,0.05885430555555554,0.06270250301928723,0.6225198369825605
C4_sa,B_sa,S_sa,final_E1v,100,100,0.3038,0.2783333333333333,0.025466666666666693,0.21385249329593725,0.19319483022131423,0.028819634160261526,0.8836568335687573,0.3779641409417582,-0.03150166666666669,0.08056916666666653,0.12795202016484242,0.9033483892853978
C4_sa,B_sa,S_sa,final_E2v,100,100,0.3207666666666666,0.2964,0.024366666666666592,0.215696015363685,0.201238968230449,0.02949947344923748,0.8260034440477932,0.4098010831611518,-0.033600833333333295,0.08130083333333336,0.13097033781343514,0.9033483892853978
C4_sa,B_sa,S_sa,final_E3v,100,100,0.29603333333333337,0.2707333333333333,0.025300000000000045,0.20275193968496508,0.1856571910608167,0.027491260727476343,0.920292461331676,0.35854844551039744,-0.02853833333333335,0.07866833333333341,0.12205437193957334,0.9033483892853978
C4_sa,B_sa,S_sa,final_E4v,100,100,0.2809333333333333,0.26039999999999996,0.020533333333333348,0.1782166804347595,0.16414884707335187,0.024229327101819367,0.847457845075339,0.3977700674028337,-0.02639999999999998,0.06726666666666664,0.1075721965335462,0.9033483892853978
C4_sa,B_sa,S_sa,auc_E1v,100,100,0.2612777777777778,0.2288444444444444,0.03243333333333337,0.10533006513467308,0.10695072073352115,0.01501095576127453,2.1606441221421306,0.03192409420423387,0.002915694444444402,0.06111166666666669,0.0666449165724846,0.6225198369825605
C4_sa,B_sa,S_sa,auc_E2v,100,100,0.27330555555555547,0.24037222222222218,0.03293333333333329,0.10692295759776779,0.10847340666660925,0.015231217553207502,2.1622259164959496,0.031800242209529046,0.0032101388888888895,0.06202777777777768,0.0676228242407857,0.6225198369825605
C4_sa,B_sa,S_sa,auc_E3v,100,100,0.24885000000000002,0.21654444444444448,0.03230555555555553,0.101397648254066,0.10298408268729449,0.014452406152056067,2.235306371524827,0.026514453486988984,0.003955277777777713,0.060218055555555566,0.0641650949875066,0.6225198369825605
C4_sa,B_sa,S_sa,auc_E4v,100,100,0.22751111111111114,0.1981,0.029411111111111138,0.08967735602182537,0.08957010225158153,0.012674711594519219,2.3204560428679932,0.02133480937732338,0.0045441666666666295,0.05410027777777781,0.056272572528407436,0.6225198369825605
C5_ce,B_ce,A,final_E7,100,100,0.9535333333333333,0.9246333333333334,0.028899999999999926,0.083872090096731,0.13119317325728264,0.015571183707897592,1.8559924885698995,0.06520267097512812,-0.0005999999999999367,0.058835833333333476,0.0691321895588316,0.7918845415873547
C5_ce,B_ce,A,auc_E6,100,100,0.2498355555555556,0.25518444444444444,-0.0053488888888888475,0.10608206156560228,0.10933394037315626,0.015233947060275982,-0.35111641570795543,0.7258746722946814,-0.03461355555555555,0.024735555555555566,0.0676349425744718,0.9033483892853978
C5_ce,B_ce,A,S_edge,100,100,0.276575,0.2914,-0.014824999999999977,0.21404434515286588,0.20368535240264443,0.029547031064949426,-0.5017424582325071,0.61640751084542,-0.07135354166666658,0.042700833333333285,0.13118148181931422,0.9033483892853978
C5_ce,B_ce,A,auc_edge,100,100,0.23827083333333332,0.24767916666666667,-0.009408333333333352,0.10013612557888509,0.10255093588207735,0.014333156699150465,-0.656403437903598,0.5123271341715253,-0.037049201388888904,0.01898638888888884,0.06363565702455483,0.9033483892853978
C5_ce,B_ce,A,final_E1v,100,100,0.28093333333333337,0.29836666666666667,-0.0174333333333333,0.22214497647345205,0.2145904119325424,0.03088647527086391,-0.5644325932450653,0.5730993669925517,-0.07660166666666667,0.04233500000000003,0.13712828152856135,0.9033483892853978
C5_ce,B_ce,A,final_E2v,100,100,0.2907666666666666,0.31233333333333335,-0.021566666666666734,0.22840925278204782,0.22084700739063837,0.03177171500404945,-0.678800834765072,0.4980576026317338,-0.08236750000000008,0.040400833333333365,0.14105852615142533,0.9033483892853978
C5_ce,B_ce,A,final_E3v,100,100,0.2772,0.2871666666666666,-0.009966666666666624,0.2201650844752586,0.20825304850349458,0.030305444499791886,-0.32887379911999204,0.7425997352199558,-0.06800250000000006,0.04869999999999999,0.13454864916670742,0.9033483892853978
C5_ce,B_ce,A,final_E4v,100,100,0.2574,0.2677333333333333,-0.010333333333333306,0.19644173634954068,0.1880724363161917,0.027195697652741036,-0.379962061105346,0.7043815993866994,-0.06253500000000002,0.04253333333333331,0.1207421452718712,0.9033483892853978
C5_ce,B_ce,A,auc_E1v,100,100,0.25422777777777783,0.2554166666666667,-0.0011888888888888505,0.10652791828898384,0.10851921877826488,0.015206780796483303,-0.0781814971097493,0.9377626587870261,-0.0305518055555556,0.028933472222222253,0.0675143311082306,0.9749620912243359
C5_ce,B_ce,A,auc_E2v,100,100,0.2583833333333333,0.26787222222222223,-0.009488888888888936,0.107808235453628,0.10931100911643858,0.015353016754266573,-0.6180471916864151,0.5372546150557693,-0.039101250000000046,0.020950138888888963,0.06816358245247252,0.9033483892853978
C5_ce,B_ce,A,auc_E3v,100,100,0.23809444444444441,0.24567222222222218,-0.007577777777777767,0.10220579013856118,0.10614629707315247,0.014735352021648327,-0.5142583473163677,0.6076456931050663,-0.03615638888888883,0.02173333333333333,0.06542130439704684,0.9033483892853978
C5_ce,B_ce,A,auc_E4v,100,100,0.20237777777777777,0.22175555555555554,-0.01937777777777777,0.09015097561197546,0.09227665695683589,0.01290045728760053,-1.5021000686853958,0.13466526553873254,-0.04441111111111107,0.005800555555555491,0.057274827356232225,0.9033483892853978
C5_mab,B_mab,A,final_E7,100,100,0.9338666666666668,0.9246333333333334,0.009233333333333427,0.11225344100220279,0.13119317325728264,0.017266291937225665,0.5347606403796872,0.5934297289643604,-0.02373416666666672,0.04246666666666643,0.07665804922569865,0.9033483892853978
C5_mab,B_mab,A,auc_E6,100,100,0.27412444444444445,0.25518444444444444,0.018940000000000012,0.12256005272724185,0.10933394037315626,0.016424030273360188,1.1531883273937173,0.2502412563342774,-0.012694277777777778,0.0507782222222222,0.07291861655977021,0.9033483892853978
C5_mab,B_mab,A,S_edge,100,100,0.31361666666666665,0.2914,0.022216666666666662,0.2080399354900354,0.20368535240264443,0.029115002583219453,0.7630659349304446,0.4463326640600816,-0.032718125000000056,0.07927562499999997,0.12926338262698228,0.9033483892853978
C5_mab,B_mab,A,auc_edge,100,100,0.26488611111111116,0.24767916666666667,0.017206944444444483,0.11540433835950897,0.10255093588207735,0.015438541304956883,1.1145447037097873,0.2664152438433273,-0.012402118055555529,0.047269652777777726,0.06854329022300365,0.9033483892853978
C5_mab,B_mab,A,final_E1v,100,100,0.32016666666666665,0.29836666666666667,0.021799999999999986,0.21214069775821492,0.2145904119325424,0.030174943336934462,0.7224537178605583,0.47086811049425015,-0.03557000000000002,0.08010249999999994,0.13396925640520968,0.9033483892853978
C5_mab,B_mab,A,final_E2v,100,100,0.3379666666666667,0.31233333333333335,0.02563333333333334,0.22052274136986294,0.22084700739063837,0.031209562658691667,0.8213294628207364,0.41244646288237097,-0.03363333333333329,0.08646666666666664,0.13856270931249712,0.9033483892853978
C5_mab,B_mab,A,final_E3v,100,100,0.30746666666666667,0.2871666666666666,0.02030000000000004,0.21306860679344078,0.20825304850349458,0.029793885851277735,0.681347847720557,0.4964479492273495,-0.035800833333333386,0.07826833333333329,0.132277455780067,0.9033483892853978
C5_mab,B_mab,A,final_E4v,100,100,0.2888666666666666,0.2677333333333333,0.021133333333333282,0.20064778371281963,0.1880724363161917,0.02750104987282748,0.7684555110099326,0.44313601051488893,-0.032201666666666615,0.07526833333333334,0.12209783331442634,0.9033483892853978
C5_mab,B_mab,A,auc_E1v,100,100,0.2771055555555556,0.2554166666666667,0.021688888888888924,0.1225077853434602,0.10851921877826488,0.01636599471892993,1.3252411027483832,0.18664059345759063,-0.009740416666666682,0.0535175,0.07266095310750553,0.9033483892853978
C5_mab,B_mab,A,auc_E2v,100,100,0.28868333333333335,0.26787222222222223,0.020811111111111114,0.1253612476725054,0.10931100911643858,0.016632600257344417,1.2512241495085292,0.2123563831665752,-0.011161666666666731,0.05306708333333337,0.07384461550368909,0.9033483892853978
C5_mab,B_mab,A,auc_E3v,100,100,0.26182222222222223,0.24567222222222218,0.016150000000000053,0.11717837329676013,0.10614629707315247,0.01581069497233338,1.0214604752201224,0.30829482998275304,-0.014273333333333405,0.046694722222222255,0.070195560105674,0.9033483892853978
C5_mab,B_mab,A,auc_E4v,100,100,0.23193333333333335,0.22175555555555554,0.010177777777777813,0.10392696266020926,0.09227665695683589,0.013898127567016392,0.7323128765872127,0.4648556988384634,-0.016511944444444503,0.037511388888888934,0.06170423568944765,0.9033483892853978
C5_sa,B_sa,A,final_E7,100,100,0.8981,0.9246333333333334,-0.02653333333333341,0.17474191647609158,0.13119317325728264,0.021850946451596267,-1.2142876004071248,0.22619663561264688,-0.07093500000000018,0.014367499999999854,0.09701277696476374,0.9033483892853978
C5_sa,B_sa,A,auc_E6,100,100,0.2603711111111111,0.25518444444444444,0.005186666666666673,0.10517901084453443,0.10933394037315626,0.015171201283931202,0.34187580598249695,0.7328074837749934,-0.024271111111111077,0.03493361111111107,0.06735636690638801,0.9033483892853978
C5_sa,B_sa,A,S_edge,100,100,0.3003833333333333,0.2914,0.008983333333333288,0.1995548293332267,0.20368535240264443,0.02851488255167864,0.31504016602742235,0.7530630592364318,-0.047391875,0.06490062499999995,0.12659899868823976,0.9033483892853978
C5_sa,B_sa,A,auc_edge,100,100,0.2527361111111111,0.24767916666666667,0.005056944444444433,0.09914975849058705,0.10255093588207735,0.014264420443548233,0.3545145394765532,0.7233310221180826,-0.022514166666666693,0.03286996527777772,0.06333048511591903,0.9033483892853978
C5_sa,B_sa,A,final_E1v,100,100,0.3038,0.29836666666666667,0.0054333333333333456,0.21385249329593725,0.2145904119325424,0.030295533298205383,0.17934437000503964,0.8578507054062519,-0.05400416666666665,0.0647008333333332,0.13450464589247424,0.9107345880410316
C5_sa,B_sa,A,final_E2v,100,100,0.3207666666666666,0.31233333333333335,0.008433333333333237,0.215696015363685,0.22084700739063837,0.030870401959995873,0.2731850833773324,0.7849958342576935,-0.05259999999999998,0.0691341666666666,0.13705692001908254,0.9105545408203706
C5_sa,B_sa,A,final_E3v,100,100,0.29603333333333337,0.2871666666666666,0.008866666666666745,0.20275193968496508,0.20825304850349458,0.029065044513472638,0.3050628965166987,0.760638917353854,-0.04853500000000009,0.0658016666666666,0.1290415812011871,0.9033483892853978
C5_sa,B_sa,A,final_E4v,100,100,0.2809333333333333,0.2677333333333333,0.01319999999999999,0.1782166804347595,0.1880724363161917,0.025909925991228374,0.5094572637709871,0.6110007126452021,-0.03719999999999993,0.06520333333333321,0.11503363833363607,0.9033483892853978
C5_sa,B_sa,A,auc_E1v,100,100,0.2612777777777778,0.2554166666666667,0.005861111111111095,0.10533006513467308,0.10851921877826488,0.015123109291914606,0.38755992554022395,0.698758394422142,-0.02307388888888888,0.03575027777777783,0.06714285040239436,0.9033483892853978
C5_sa,B_sa,A,auc_E2v,100,100,0.27330555555555547,0.26787222222222223,0.0054333333333332345,0.10692295759776779,0.10931100911643858,0.015290982825020819,0.3553292417831119,0.7227213711011987,-0.023945833333333322,0.03522805555555555,0.06788816720876684,0.9033483892853978
C5_sa,B_sa,A,auc_E3v,100,100,0.24885000000000002,0.24567222222222218,0.003177777777777835,0.101397648254066,0.10614629707315247,0.014679413971203766,0.21647851773998614,0.8288381076698245,-0.02536361111111111,0.03187819444444442,0.06517295334169812,0.9105545408203706
C5_sa,B_sa,A,auc_E4v,100,100,0.22751111111111114,0.22175555555555554,0.005755555555555597,0.08967735602182537,0.09227665695683589,0.012867404401119439,0.4472973240084749,0.6551497290799292,-0.019455555555555563,0.030978055555555543,0.05712808074681945,0.9033483892853978
