algo,space,sampler,runs,cex_rate,modes,first_i,invalid,min_rho,cex_x,modes_x
accel,dr,ce,6,0.3337,36.0,10.0,0.1568,-0.5,4.0029,1.0093
accel,dr,halton,6,0.0876,35.5,19.1667,0.0603,-0.5,1.0511,0.9953
accel,dr,mab,6,0.2847,37.1667,5.3333,0.1433,-0.5,3.4151,1.0421
accel,dr,random,6,0.0834,35.6667,18.6667,0.0663,-0.5,1.0,1.0
accel,dr,sa,6,0.0839,34.0,10.1667,0.062,-0.5,1.006,0.9533
accel,seg,ce,6,0.5739,25.0,5.0,0.1575,-0.5,5.8744,1.0067
accel,seg,halton,6,0.1085,22.0,20.5,0.0857,-0.5,1.1102,0.8859
accel,seg,mab,6,0.5344,21.0,11.3333,0.1062,-0.5,5.4697,0.8456
accel,seg,random,6,0.0977,24.8333,7.3333,0.0937,-0.5,1.0,1.0
accel,seg,sa,6,0.1019,23.8333,2.8333,0.0837,-0.5,1.0426,0.9597
dr,dr,ce,6,0.2511,32.1667,9.6667,0.2337,-0.5,4.7688,1.1914
dr,dr,halton,6,0.0528,26.5,26.3333,0.0603,-0.5,1.0034,0.9815
dr,dr,mab,6,0.1225,28.6667,13.6667,0.1167,-0.5,2.3261,1.0617
dr,dr,random,6,0.0527,27.0,27.6667,0.0663,-0.5,1.0,1.0
dr,dr,sa,6,0.0501,25.3333,19.3333,0.062,-0.5,0.9514,0.9383
dr,seg,ce,6,0.3845,23.8333,12.6667,0.133,-0.5,6.6146,1.1085
dr,seg,halton,6,0.0682,18.5,29.6667,0.0857,-0.5,1.1731,0.8605
dr,seg,mab,6,0.2402,20.1667,26.8333,0.1742,-0.5,4.1328,0.938
dr,seg,random,6,0.0581,21.5,5.0,0.0937,-0.5,1.0,1.0
dr,seg,sa,6,0.0638,20.3333,7.8333,0.0837,-0.5,1.0982,0.9457
plr,dr,ce,6,0.2598,33.5,18.6667,0.2343,-0.5,4.6342,1.1686
plr,dr,halton,6,0.056,28.6667,24.6667,0.0603,-0.5,0.9994,1.0
plr,dr,mab,6,0.1081,29.3333,25.8333,0.1057,-0.5,1.9288,1.0233
plr,dr,random,6,0.0561,28.6667,14.5,0.0663,-0.5,1.0,1.0
plr,dr,sa,6,0.0471,24.1667,17.8333,0.062,-0.5,0.8397,0.843
plr,seg,ce,6,0.1986,21.8333,38.6667,0.2093,-0.5,4.9302,1.1197
plr,seg,halton,6,0.0496,17.3333,30.6667,0.0857,-0.5,1.23,0.8889
plr,seg,mab,6,0.2324,16.6667,48.6667,0.1415,-0.5,5.7698,0.8547
plr,seg,random,6,0.0403,19.5,24.1667,0.0937,-0.5,1.0,1.0
plr,seg,sa,6,0.0447,18.8333,21.8333,0.0837,-0.5,1.1107,0.9658
rplr,dr,ce,6,0.2726,32.0,14.8333,0.2197,-0.5,4.6837,1.1636
rplr,dr,halton,6,0.0582,27.3333,18.3333,0.0603,-0.5,0.9993,0.9939
rplr,dr,mab,6,0.14,30.8333,15.1667,0.1258,-0.5,2.4058,1.1212
rplr,dr,random,6,0.0582,27.5,17.0,0.0663,-0.5,1.0,1.0
rplr,dr,sa,6,0.0549,26.5,19.3333,0.062,-0.5,0.9437,0.9636
rplr,seg,ce,6,0.3941,22.5,11.1667,0.1927,-0.5,6.2829,1.0305
rplr,seg,halton,6,0.0667,20.3333,13.8333,0.0857,-0.5,1.0637,0.9313
rplr,seg,mab,6,0.3572,18.6667,30.6667,0.1595,-0.5,5.6945,0.855
rplr,seg,random,6,0.0627,21.8333,11.0,0.0937,-0.5,1.0,1.0
rplr,seg,sa,6,0.0649,21.0,9.5,0.0837,-0.5,1.0351,0.9618
