config,seed,step,random/n,random/success,random/mean_steps,random/mean_return,verifai_dev/n,verifai_dev/success,verifai_dev/mean_steps,verifai_dev/mean_return,verifai_test/n,verifai_test/success,verifai_test/mean_steps,verifai_test/mean_return,episodes,replays,scouted_steps,lib_counts,wall_time_sec,commit
sir_is,2,0,264,0.0,200.0,-1465.261341175549,1000,0.0,200.0,-1199.793303621205,1000,0.0,200.0,-1204.3464320722962,12288,0,0,uniform=3055;sir=9241,613.5405349731445,ea7c779
sir_is,2,245760,264,0.0,200.0,-1025.7911881288371,1000,0.0,200.0,-1096.8176710291998,1000,0.0,200.0,-1107.2090261153019,12288,0,0,uniform=3055;sir=9241,613.5405349731445,ea7c779
sir_is,2,491520,264,0.2159090909090909,200.0,-753.4214496791172,1000,0.008,200.0,-1081.8259427487578,1000,0.015,200.0,-1082.5638056088815,12288,0,0,uniform=3055;sir=9241,613.5405349731445,ea7c779
sir_is,2,737280,264,0.003787878787878788,200.0,-775.1206685996405,1000,0.0,200.0,-1022.1066214240308,1000,0.0,200.0,-1026.3316557085489,12288,0,0,uniform=3055;sir=9241,613.5405349731445,ea7c779
sir_is,2,983040,264,0.4128787878787879,200.0,-617.360984920161,1000,0.028,200.0,-1050.651933898836,1000,0.016,200.0,-1067.655184050575,12288,0,0,uniform=3055;sir=9241,613.5405349731445,ea7c779
sir_is,2,1228800,264,0.5757575757575758,200.0,-491.157266815405,1000,0.149,200.0,-952.4542141294877,1000,0.145,200.0,-962.7960933000192,12288,0,0,uniform=3055;sir=9241,613.5405349731445,ea7c779
sir_is,2,1474560,264,0.7651515151515151,200.0,-309.5362813200776,1000,0.14,200.0,-883.3137778415673,1000,0.148,200.0,-889.1136814970905,12288,0,0,uniform=3055;sir=9241,613.5405349731445,ea7c779
sir_is,2,1720320,264,0.7045454545454546,200.0,-362.14500559881924,1000,0.19,200.0,-859.6304366761283,1000,0.194,200.0,-861.5989683304562,12288,0,0,uniform=3055;sir=9241,613.5405349731445,ea7c779
sir_is,2,1966080,264,0.8787878787878788,200.0,-244.18835294205385,1000,0.311,200.0,-763.1458482607638,1000,0.334,200.0,-757.6099802342814,12288,0,0,uniform=3055;sir=9241,613.5405349731445,ea7c779
sir_is,2,2211840,264,0.8598484848484849,200.0,-252.52284992307062,1000,0.292,200.0,-764.9936871604666,1000,0.303,200.0,-763.499054392895,12288,0,0,uniform=3055;sir=9241,613.5405349731445,ea7c779
sir_is,2,2457600,264,0.8522727272727273,200.0,-261.75335507464536,1000,0.34,200.0,-732.1047279744099,1000,0.35,200.0,-729.1750683561064,12288,0,0,uniform=3055;sir=9241,613.5405349731445,ea7c779
sir_a4,2,0,264,0.0,200.0,-1275.1185419322414,1000,0.0,200.0,-1245.86766959708,1000,0.0,200.0,-1250.948232099606,12288,0,0,uniform=6128;sir=6168,613.9099462032318,ea7c779
sir_a4,2,245760,264,0.3068181818181818,200.0,-641.3117061032747,1000,0.031,200.0,-982.4377786327182,1000,0.027,200.0,-991.9335707911383,12288,0,0,uniform=6128;sir=6168,613.9099462032318,ea7c779
sir_a4,2,491520,264,0.24242424242424243,200.0,-678.2267254449187,1000,0.007,200.0,-1019.3248714692344,1000,0.007,200.0,-1020.8328906059128,12288,0,0,uniform=6128;sir=6168,613.9099462032318,ea7c779
sir_a4,2,737280,264,0.375,200.0,-589.462442424902,1000,0.038,200.0,-993.7786140982518,1000,0.047,200.0,-996.071676194666,12288,0,0,uniform=6128;sir=6168,613.9099462032318,ea7c779
sir_a4,2,983040,264,0.4318181818181818,200.0,-564.821258850282,1000,0.02,200.0,-1030.1612809510355,1000,0.021,200.0,-1034.3383253515403,12288,0,0,uniform=6128;sir=6168,613.9099462032318,ea7c779
sir_a4,2,1228800,264,0.4583333333333333,200.0,-594.3294667394113,1000,0.039,200.0,-1065.4493598666056,1000,0.038,200.0,-1071.1602307317658,12288,0,0,uniform=6128;sir=6168,613.9099462032318,ea7c779
sir_a4,2,1474560,264,0.5303030303030303,200.0,-553.5927288834121,1000,0.066,200.0,-1065.4689744908833,1000,0.068,200.0,-1071.3534916842218,12288,0,0,uniform=6128;sir=6168,613.9099462032318,ea7c779
sir_a4,2,1720320,264,0.553030303030303,200.0,-538.286279579982,1000,0.064,200.0,-1060.1471524740577,1000,0.071,200.0,-1061.9614439769216,12288,0,0,uniform=6128;sir=6168,613.9099462032318,ea7c779
sir_a4,2,1966080,264,0.5984848484848485,200.0,-511.599204047766,1000,0.126,200.0,-1025.8852563113483,1000,0.152,200.0,-1010.8895143729094,12288,0,0,uniform=6128;sir=6168,613.9099462032318,ea7c779
sir_a4,2,2211840,264,0.6212121212121212,200.0,-495.4373769457388,1000,0.131,200.0,-1016.2852967295795,1000,0.15,200.0,-1005.8413364543508,12288,0,0,uniform=6128;sir=6168,613.9099462032318,ea7c779
sir_a4,2,2457600,264,0.6439393939393939,200.0,-474.77746725833964,1000,0.2,200.0,-970.9723874370857,1000,0.23,200.0,-948.2891270268038,12288,0,0,uniform=6128;sir=6168,613.9099462032318,ea7c779
sir_a4,3,0,264,0.0,200.0,-1388.417956218346,1000,0.0,200.0,-1253.0944294628296,1000,0.0,200.0,-1258.4108823699266,12288,0,0,uniform=6188;sir=6108,614.342344045639,ea7c779
sir_a4,3,245760,264,0.0,200.0,-1201.1112282847928,1000,0.0,200.0,-1110.7177421495787,1000,0.0,200.0,-1114.2108137757139,12288,0,0,uniform=6188;sir=6108,614.342344045639,ea7c779
sir_a4,3,491520,264,0.0,200.0,-912.7881464679608,1000,0.0,200.0,-1004.2198911225167,1000,0.0,200.0,-1012.9540633231127,12288,0,0,uniform=6188;sir=6108,614.342344045639,ea7c779
sir_a4,3,737280,264,0.17045454545454544,200.0,-676.8053955923003,1000,0.016,200.0,-971.9946731219536,1000,0.009,200.0,-978.8724743143204,12288,0,0,uniform=6188;sir=6108,614.342344045639,ea7c779
sir_a4,3,983040,264,0.5340909090909091,200.0,-471.9975699013997,1000,0.095,200.0,-919.6991129131836,1000,0.087,200.0,-928.138141744065,12288,0,0,uniform=6188;sir=6108,614.342344045639,ea7c779
sir_a4,3,1228800,264,0.6666666666666666,200.0,-358.941630014915,1000,0.111,200.0,-876.1336933169955,1000,0.107,200.0,-880.0391501778483,12288,0,0,uniform=6188;sir=6108,614.342344045639,ea7c779
sir_a4,3,1474560,264,0.8712121212121212,200.0,-248.83422383066036,1000,0.32,200.0,-760.3949230175792,1000,0.345,200.0,-746.7746729854669,12288,0,0,uniform=6188;sir=6108,614.342344045639,ea7c779
sir_a4,3,1720320,264,0.8143939393939394,200.0,-254.78083297567807,1000,0.219,200.0,-793.5605165476894,1000,0.207,200.0,-800.9805011543809,12288,0,0,uniform=6188;sir=6108,614.342344045639,ea7c779
sir_a4,3,1966080,264,0.9015151515151515,200.0,-198.59349340775742,1000,0.446,200.0,-646.3696223592735,1000,0.456,200.0,-643.9580794817158,12288,0,0,uniform=6188;sir=6108,614.342344045639,ea7c779
sir_a4,3,2211840,264,0.8901515151515151,200.0,-192.43409402209505,1000,0.456,200.0,-626.9719432114684,1000,0.438,200.0,-647.5175795340813,12288,0,0,uniform=6188;sir=6108,614.342344045639,ea7c779
sir_a4,3,2457600,264,0.9431818181818182,200.0,-171.13527228904502,1000,0.507,200.0,-596.7143640914976,1000,0.494,200.0,-609.940208734631,12288,0,0,uniform=6188;sir=6108,614.342344045639,ea7c779
sir_a4,1,0,264,0.0,200.0,-1245.3015864796066,1000,0.0,200.0,-1088.7485371700893,1000,0.0,200.0,-1096.4201799767127,12288,0,0,uniform=6206;sir=6090,614.6516799926758,ea7c779
sir_a4,1,245760,264,0.14393939393939395,200.0,-961.7490654734901,1000,0.013,200.0,-1044.7474274401748,1000,0.005,200.0,-1054.0299874657649,12288,0,0,uniform=6206;sir=6090,614.6516799926758,ea7c779
sir_a4,1,491520,264,0.30303030303030304,200.0,-726.3438625225868,1000,0.011,200.0,-1075.0116077536336,1000,0.013,200.0,-1078.0229849957163,12288,0,0,uniform=6206;sir=6090,614.6516799926758,ea7c779
sir_a4,1,737280,264,0.022727272727272728,200.0,-1104.5406644477682,1000,0.0,200.0,-1083.4639672367864,1000,0.0,200.0,-1089.9400707997959,12288,0,0,uniform=6206;sir=6090,614.6516799926758,ea7c779
sir_a4,1,983040,264,0.03409090909090909,200.0,-1074.959435093208,1000,0.001,200.0,-1036.9017336287968,1000,0.003,200.0,-1043.4323300315193,12288,0,0,uniform=6206;sir=6090,614.6516799926758,ea7c779
sir_a4,1,1228800,264,0.026515151515151516,200.0,-909.3137285086599,1000,0.005,200.0,-1000.4103942140108,1000,0.007,200.0,-1006.2623326889693,12288,0,0,uniform=6206;sir=6090,614.6516799926758,ea7c779
sir_a4,1,1474560,264,0.4962121212121212,200.0,-474.4118407606629,1000,0.026,200.0,-978.8109292326735,1000,0.027,200.0,-978.0504433657709,12288,0,0,uniform=6206;sir=6090,614.6516799926758,ea7c779
sir_a4,1,1720320,264,0.6174242424242424,200.0,-439.22428190855027,1000,0.083,200.0,-970.0711721303051,1000,0.1,200.0,-969.6930860471872,12288,0,0,uniform=6206;sir=6090,614.6516799926758,ea7c779
sir_a4,1,1966080,264,0.8106060606060606,200.0,-294.28222498806866,1000,0.228,200.0,-839.022570146492,1000,0.234,200.0,-844.5908479235786,12288,0,0,uniform=6206;sir=6090,614.6516799926758,ea7c779
sir_a4,1,2211840,264,0.7916666666666666,200.0,-293.1852727270871,1000,0.183,200.0,-841.7798134216723,1000,0.209,200.0,-846.2884879056635,12288,0,0,uniform=6206;sir=6090,614.6516799926758,ea7c779
sir_a4,1,2457600,264,0.9090909090909091,200.0,-216.98484122355,1000,0.379,200.0,-716.7118828840835,1000,0.426,200.0,-700.4786716233508,12288,0,0,uniform=6206;sir=6090,614.6516799926758,ea7c779
sir_is,1,0,264,0.0,200.0,-1499.4632780833301,1000,0.0,200.0,-1242.778952737241,1000,0.0,200.0,-1250.4438814204823,12288,0,0,uniform=3056;sir=9240,614.9647402763367,ea7c779
sir_is,1,245760,264,0.0,200.0,-1271.126859500173,1000,0.0,200.0,-1041.0767302803613,1000,0.0,200.0,-1050.878780408821,12288,0,0,uniform=3056;sir=9240,614.9647402763367,ea7c779
sir_is,1,491520,264,0.06439393939393939,200.0,-923.5937186127388,1000,0.001,200.0,-1062.2887784494906,1000,0.003,200.0,-1067.9035841715072,12288,0,0,uniform=3056;sir=9240,614.9647402763367,ea7c779
sir_is,1,737280,264,0.3977272727272727,200.0,-655.6136102456347,1000,0.054,200.0,-1023.2802819595028,1000,0.07,200.0,-1018.9116632928881,12288,0,0,uniform=3056;sir=9240,614.9647402763367,ea7c779
sir_is,1,983040,264,0.026515151515151516,200.0,-917.5714635228662,1000,0.005,200.0,-989.4394959567985,1000,0.005,200.0,-998.0584692770955,12288,0,0,uniform=3056;sir=9240,614.9647402763367,ea7c779
sir_is,1,1228800,264,0.32196969696969696,200.0,-638.7377252681584,1000,0.019,200.0,-1001.4309868202549,1000,0.014,200.0,-1003.3106134520141,12288,0,0,uniform=3056;sir=9240,614.9647402763367,ea7c779
sir_is,1,1474560,264,0.5416666666666666,200.0,-469.0964161678397,1000,0.036,200.0,-1013.3882561059709,1000,0.049,200.0,-1005.8078198998479,12288,0,0,uniform=3056;sir=9240,614.9647402763367,ea7c779
sir_is,1,1720320,264,0.5492424242424242,200.0,-489.68371755211706,1000,0.059,200.0,-1015.7548443620603,1000,0.06,200.0,-1014.0806642985547,12288,0,0,uniform=3056;sir=9240,614.9647402763367,ea7c779
sir_is,1,1966080,264,0.6022727272727273,200.0,-483.35302062919203,1000,0.133,200.0,-981.1492449597945,1000,0.162,200.0,-974.6586297324984,12288,0,0,uniform=3056;sir=9240,614.9647402763367,ea7c779
sir_is,1,2211840,264,0.5909090909090909,200.0,-522.3649400290725,1000,0.094,200.0,-1036.4535323423434,1000,0.104,200.0,-1037.5708010429605,12288,0,0,uniform=3056;sir=9240,614.9647402763367,ea7c779
sir_is,1,2457600,264,0.6136363636363636,200.0,-495.7441145747139,1000,0.122,200.0,-1021.2244311215843,1000,0.12,200.0,-1026.9296396905077,12288,0,0,uniform=3056;sir=9240,614.9647402763367,ea7c779
sir_is,3,0,264,0.0,200.0,-1291.4548640390549,1000,0.0,200.0,-1118.9696954440299,1000,0.0,200.0,-1125.9249369346016,12288,0,0,uniform=3093;sir=9203,760.1634838581085,ea7c779
sir_is,3,245760,264,0.0,200.0,-1110.3797041126227,1000,0.001,200.0,-1242.9713201104241,1000,0.0,200.0,-1247.7827628205202,12288,0,0,uniform=3093;sir=9203,760.1634838581085,ea7c779
sir_is,3,491520,264,0.3484848484848485,200.0,-693.0895718664343,1000,0.017,200.0,-1073.3457788623175,1000,0.028,200.0,-1073.6448616005937,12288,0,0,uniform=3093;sir=9203,760.1634838581085,ea7c779
sir_is,3,737280,264,0.38257575757575757,200.0,-646.1591088762227,1000,0.02,200.0,-1052.7837800035315,1000,0.023,200.0,-1053.5640684340265,12288,0,0,uniform=3093;sir=9203,760.1634838581085,ea7c779
sir_is,3,983040,264,0.5,200.0,-527.828709107316,1000,0.109,200.0,-971.8163544468251,1000,0.114,200.0,-972.990374822737,12288,0,0,uniform=3093;sir=9203,760.1634838581085,ea7c779
sir_is,3,1228800,264,0.5643939393939394,200.0,-480.93995591955195,1000,0.127,200.0,-972.2917050443867,1000,0.124,200.0,-981.1966448849041,12288,0,0,uniform=3093;sir=9203,760.1634838581085,ea7c779
sir_is,3,1474560,264,0.5946969696969697,200.0,-467.3089918320224,1000,0.04,200.0,-1019.6614007907158,1000,0.041,200.0,-1026.7329384554869,12288,0,0,uniform=3093;sir=9203,760.1634838581085,ea7c779
sir_is,3,1720320,264,0.6856060606060606,200.0,-402.6084224644865,1000,0.091,200.0,-974.9092434563823,1000,0.084,200.0,-982.2876009138326,12288,0,0,uniform=3093;sir=9203,760.1634838581085,ea7c779
sir_is,3,1966080,264,0.6893939393939394,200.0,-415.37661041461274,1000,0.137,200.0,-939.9126701629535,1000,0.141,200.0,-943.7140005737137,12288,0,0,uniform=3093;sir=9203,760.1634838581085,ea7c779
sir_is,3,2211840,264,0.7083333333333334,200.0,-403.64121731664693,1000,0.202,200.0,-892.7648019693718,1000,0.213,200.0,-888.0292846325154,12288,0,0,uniform=3093;sir=9203,760.1634838581085,ea7c779
sir_is,3,2457600,264,0.7765151515151515,200.0,-311.7616646807492,1000,0.221,200.0,-862.8205240401164,1000,0.227,200.0,-861.723975083623,12288,0,0,uniform=3093;sir=9203,760.1634838581085,ea7c779
sir_a4,4,0,264,0.0,200.0,-1410.961387620254,1000,0.0,200.0,-1372.5711788120605,1000,0.0,200.0,-1381.4866937396055,12288,0,0,uniform=6138;sir=6158,759.8759548664093,ea7c779
sir_a4,4,245760,264,0.26136363636363635,200.0,-758.1391243413686,1000,0.005,200.0,-1083.127536773682,1000,0.006,200.0,-1089.0520470770798,12288,0,0,uniform=6138;sir=6158,759.8759548664093,ea7c779
sir_a4,4,491520,264,0.3068181818181818,200.0,-679.1512866963983,1000,0.014,200.0,-1045.0106240960033,1000,0.014,200.0,-1051.1762180074763,12288,0,0,uniform=6138;sir=6158,759.8759548664093,ea7c779
sir_a4,4,737280,264,0.4015151515151515,200.0,-592.2690062972657,1000,0.036,200.0,-1005.5076133769862,1000,0.046,200.0,-1003.1317806743808,12288,0,0,uniform=6138;sir=6158,759.8759548664093,ea7c779
sir_a4,4,983040,264,0.39015151515151514,200.0,-751.856151512291,1000,0.011,200.0,-1169.9301236929878,1000,0.016,200.0,-1170.7854063868558,12288,0,0,uniform=6138;sir=6158,759.8759548664093,ea7c779
sir_a4,4,1228800,264,0.4090909090909091,200.0,-742.3336871181015,1000,0.023,200.0,-1171.412460928119,1000,0.03,200.0,-1171.8869207410708,12288,0,0,uniform=6138;sir=6158,759.8759548664093,ea7c779
sir_a4,4,1474560,264,0.5151515151515151,200.0,-614.6384692442194,1000,0.116,200.0,-1060.375632953393,1000,0.105,200.0,-1069.9944058810677,12288,0,0,uniform=6138;sir=6158,759.8759548664093,ea7c779
sir_a4,4,1720320,264,0.5037878787878788,200.0,-591.7828230537167,1000,0.077,200.0,-1044.163227436749,1000,0.055,200.0,-1064.1375719822668,12288,0,0,uniform=6138;sir=6158,759.8759548664093,ea7c779
sir_a4,4,1966080,264,0.5151515151515151,200.0,-580.7884299471763,1000,0.081,200.0,-1042.7720259380644,1000,0.062,200.0,-1061.7378854597564,12288,0,0,uniform=6138;sir=6158,759.8759548664093,ea7c779
sir_a4,4,2211840,264,0.4696969696969697,200.0,-614.4777997043584,1000,0.052,200.0,-1073.6321324249773,1000,0.034,200.0,-1091.4562342425072,12288,0,0,uniform=6138;sir=6158,759.8759548664093,ea7c779
sir_a4,4,2457600,264,0.5113636363636364,200.0,-576.6118793194858,1000,0.061,200.0,-1061.3777886819412,1000,0.053,200.0,-1078.917991348609,12288,0,0,uniform=6138;sir=6158,759.8759548664093,ea7c779
sir_is,4,0,264,0.0,200.0,-1276.8233829176193,1000,0.0,200.0,-1112.6054385170232,1000,0.0,200.0,-1121.9964944122783,12288,0,0,uniform=3079;sir=9217,810.8253519535065,ea7c779
sir_is,4,245760,264,0.0,200.0,-1050.9288137567617,1000,0.0,200.0,-1188.8615880742577,1000,0.0,200.0,-1195.2556420912763,12288,0,0,uniform=3079;sir=9217,810.8253519535065,ea7c779
sir_is,4,491520,264,0.0,200.0,-871.132491024156,1000,0.0,200.0,-1097.7495605007473,1000,0.0,200.0,-1101.5228676880558,12288,0,0,uniform=3079;sir=9217,810.8253519535065,ea7c779
sir_is,4,737280,264,0.01893939393939394,200.0,-749.3815365891194,1000,0.0,200.0,-1030.7547896029262,1000,0.0,200.0,-1033.308500408494,12288,0,0,uniform=3079;sir=9217,810.8253519535065,ea7c779
sir_is,4,983040,264,0.015151515151515152,200.0,-1017.0886679413238,1000,0.0,200.0,-1074.7712992136408,1000,0.0,200.0,-1073.2741525756558,12288,0,0,uniform=3079;sir=9217,810.8253519535065,ea7c779
sir_is,4,1228800,264,0.375,200.0,-605.1917661481056,1000,0.016,200.0,-1017.620969799962,1000,0.014,200.0,-1019.2422553377512,12288,0,0,uniform=3079;sir=9217,810.8253519535065,ea7c779
sir_is,4,1474560,264,0.5378787878787878,200.0,-482.0371167997382,1000,0.04,200.0,-995.7493763731094,1000,0.037,200.0,-1000.8244287228615,12288,0,0,uniform=3079;sir=9217,810.8253519535065,ea7c779
sir_is,4,1720320,264,0.5416666666666666,200.0,-495.72170610054417,1000,0.025,200.0,-1025.6612614359408,1000,0.03,200.0,-1028.9687423458602,12288,0,0,uniform=3079;sir=9217,810.8253519535065,ea7c779
sir_is,4,1966080,264,0.5946969696969697,200.0,-477.0169292762453,1000,0.09,200.0,-1001.364564175324,1000,0.092,200.0,-1009.3338443470323,12288,0,0,uniform=3079;sir=9217,810.8253519535065,ea7c779
sir_is,4,2211840,264,0.5643939393939394,200.0,-548.6471948683673,1000,0.108,200.0,-1014.2219562649037,1000,0.098,200.0,-1024.5277841785585,12288,0,0,uniform=3079;sir=9217,810.8253519535065,ea7c779
sir_is,4,2457600,264,0.5303030303030303,200.0,-604.2484147240156,1000,0.11,200.0,-1017.3180068296011,1000,0.103,200.0,-1028.2250107395048,12288,0,0,uniform=3079;sir=9217,810.8253519535065,ea7c779
sir_a4,5,0,264,0.0,200.0,-1473.7175393025075,1000,0.0,200.0,-1225.2060998319537,1000,0.0,200.0,-1231.6309365956672,12288,0,0,uniform=6247;sir=6049,810.6729688644409,ea7c779
sir_a4,5,245760,264,0.3181818181818182,200.0,-815.4962034526435,1000,0.003,200.0,-1165.742366068754,1000,0.005,200.0,-1170.294938530529,12288,0,0,uniform=6247;sir=6049,810.6729688644409,ea7c779
sir_a4,5,491520,264,0.4015151515151515,200.0,-631.7416087866142,1000,0.053,200.0,-1037.4115447614147,1000,0.043,200.0,-1049.2583079062701,12288,0,0,uniform=6247;sir=6049,810.6729688644409,ea7c779
sir_a4,5,737280,264,0.3106060606060606,200.0,-798.4772612571182,1000,0.025,200.0,-1126.7076389477193,1000,0.018,200.0,-1139.2477857041235,12288,0,0,uniform=6247;sir=6049,810.6729688644409,ea7c779
sir_a4,5,983040,264,0.5113636363636364,200.0,-575.7113196045873,1000,0.07,200.0,-1052.0670319733615,1000,0.085,200.0,-1046.7444794037538,12288,0,0,uniform=6247;sir=6049,810.6729688644409,ea7c779
sir_a4,5,1228800,264,0.5378787878787878,200.0,-592.0599823207516,1000,0.123,200.0,-1079.161818353236,1000,0.118,200.0,-1080.8414689376561,12288,0,0,uniform=6247;sir=6049,810.6729688644409,ea7c779
sir_a4,5,1474560,264,0.5113636363636364,200.0,-579.6196939439723,1000,0.036,200.0,-1093.3218283698689,1000,0.039,200.0,-1092.1963632917912,12288,0,0,uniform=6247;sir=6049,810.6729688644409,ea7c779
sir_a4,5,1720320,264,0.4696969696969697,200.0,-604.9428228616839,1000,0.037,200.0,-1086.5147865854221,1000,0.038,200.0,-1086.5528752207695,12288,0,0,uniform=6247;sir=6049,810.6729688644409,ea7c779
sir_a4,5,1966080,264,0.5454545454545454,200.0,-541.1270966008941,1000,0.057,200.0,-1077.129321118847,1000,0.068,200.0,-1068.4134957195474,12288,0,0,uniform=6247;sir=6049,810.6729688644409,ea7c779
sir_a4,5,2211840,264,0.5340909090909091,200.0,-542.846615313708,1000,0.056,200.0,-1076.1749785593227,1000,0.065,200.0,-1071.4899995184423,12288,0,0,uniform=6247;sir=6049,810.6729688644409,ea7c779
sir_a4,5,2457600,264,0.678030303030303,200.0,-378.48266281948906,1000,0.189,200.0,-912.4455476421916,1000,0.191,200.0,-908.2140946149364,12288,0,0,uniform=6247;sir=6049,810.6729688644409,ea7c779
sir_is,5,0,264,0.0,200.0,-1116.0818939446724,1000,0.001,200.0,-1018.3376169699965,1000,0.0,200.0,-1019.9821692976891,12288,0,0,uniform=3077;sir=9219,811.0814890861511,ea7c779
sir_is,5,245760,264,0.0,200.0,-751.5758578640532,1000,0.0,200.0,-944.2473560538916,1000,0.0,200.0,-944.4049625997609,12288,0,0,uniform=3077;sir=9219,811.0814890861511,ea7c779
sir_is,5,491520,264,0.39015151515151514,200.0,-807.4304316738693,1000,0.011,200.0,-1233.3216469476145,1000,0.009,200.0,-1237.9929011441125,12288,0,0,uniform=3077;sir=9219,811.0814890861511,ea7c779
sir_is,5,737280,264,0.0,200.0,-1139.1726657431266,1000,0.0,200.0,-1012.492782202468,1000,0.0,200.0,-1017.9125179648122,12288,0,0,uniform=3077;sir=9219,811.0814890861511,ea7c779
sir_is,5,983040,264,0.29924242424242425,200.0,-625.3621685043105,1000,0.011,200.0,-989.189083111481,1000,0.012,200.0,-997.2982238883013,12288,0,0,uniform=3077;sir=9219,811.0814890861511,ea7c779
sir_is,5,1228800,264,0.42045454545454547,200.0,-565.2619289130871,1000,0.031,200.0,-984.1915915526171,1000,0.036,200.0,-990.0474694952392,12288,0,0,uniform=3077;sir=9219,811.0814890861511,ea7c779
sir_is,5,1474560,264,0.7310606060606061,200.0,-332.82422058804195,1000,0.174,200.0,-857.843141898228,1000,0.188,200.0,-858.691152922776,12288,0,0,uniform=3077;sir=9219,811.0814890861511,ea7c779
sir_is,5,1720320,264,0.8674242424242424,200.0,-248.78096850004712,1000,0.21,200.0,-795.5778865819275,1000,0.234,200.0,-782.8858263354601,12288,0,0,uniform=3077;sir=9219,811.0814890861511,ea7c779
sir_is,5,1966080,264,0.7765151515151515,200.0,-310.9105805691173,1000,0.212,200.0,-816.0411863728885,1000,0.195,200.0,-818.9120665622158,12288,0,0,uniform=3077;sir=9219,811.0814890861511,ea7c779
sir_is,5,2211840,264,0.9128787878787878,200.0,-209.60692225197346,1000,0.391,200.0,-686.5482324997051,1000,0.413,200.0,-684.5203811991876,12288,0,0,uniform=3077;sir=9219,811.0814890861511,ea7c779
sir_is,5,2457600,264,0.946969696969697,200.0,-188.17027087858855,1000,0.462,200.0,-649.1478424586979,1000,0.457,200.0,-652.3752250798783,12288,0,0,uniform=3077;sir=9219,811.0814890861511,ea7c779
sir_a4,6,0,264,0.0,200.0,-1361.7399519719947,1000,0.0,200.0,-1321.7318273037247,1000,0.0,200.0,-1331.3096140759835,12288,0,0,uniform=6064;sir=6232,605.3823530673981,ea7c779
sir_a4,6,245760,264,0.01893939393939394,200.0,-976.8792916585909,1000,0.0,200.0,-1081.029521057088,1000,0.0,200.0,-1082.6994507366333,12288,0,0,uniform=6064;sir=6232,605.3823530673981,ea7c779
sir_a4,6,491520,264,0.0,200.0,-794.7101280402978,1000,0.0,200.0,-958.206307627663,1000,0.001,200.0,-960.784842650509,12288,0,0,uniform=6064;sir=6232,605.3823530673981,ea7c779
sir_a4,6,737280,264,0.0,200.0,-817.653514658249,1000,0.0,200.0,-1003.3014094913057,1000,0.0,200.0,-1007.4212067353831,12288,0,0,uniform=6064;sir=6232,605.3823530673981,ea7c779
sir_a4,6,983040,264,0.0,200.0,-1103.3974070077422,1000,0.0,200.0,-1002.9796044759411,1000,0.0,200.0,-1003.2331697907669,12288,0,0,uniform=6064;sir=6232,605.3823530673981,ea7c779
sir_a4,6,1228800,264,0.0,200.0,-1236.9571404778442,1000,0.0,200.0,-1034.3966800239803,1000,0.0,200.0,-1033.9129800883582,12288,0,0,uniform=6064;sir=6232,605.3823530673981,ea7c779
sir_a4,6,1474560,264,0.4128787878787879,200.0,-617.0736951976161,1000,0.035,200.0,-1046.3131386636205,1000,0.037,200.0,-1047.9844216107806,12288,0,0,uniform=6064;sir=6232,605.3823530673981,ea7c779
sir_a4,6,1720320,264,0.5265151515151515,200.0,-595.4642168544538,1000,0.106,200.0,-1085.6297957653744,1000,0.102,200.0,-1087.867944065887,12288,0,0,uniform=6064;sir=6232,605.3823530673981,ea7c779
sir_a4,6,1966080,264,0.5492424242424242,200.0,-558.8043336809029,1000,0.061,200.0,-1090.7724073783188,1000,0.071,200.0,-1084.668761241431,12288,0,0,uniform=6064;sir=6232,605.3823530673981,ea7c779
sir_a4,6,2211840,264,0.5340909090909091,200.0,-563.8163292350356,1000,0.041,200.0,-1100.7211321350733,1000,0.038,200.0,-1102.642169122963,12288,0,0,uniform=6064;sir=6232,605.3823530673981,ea7c779
sir_a4,6,2457600,264,0.5606060606060606,200.0,-531.3713887758124,1000,0.06,200.0,-1071.9260776101812,1000,0.064,200.0,-1069.7366086618752,12288,0,0,uniform=6064;sir=6232,605.3823530673981,ea7c779
sir_is,6,0,264,0.0,200.0,-1435.0791793346689,1000,0.0,200.0,-1245.8806705541012,1000,0.0,200.0,-1251.0310403472672,12288,0,0,uniform=3070;sir=9226,607.3676180839539,ea7c779
sir_is,6,245760,264,0.03787878787878788,200.0,-883.9882425501992,1000,0.011,200.0,-1059.4599649476586,1000,0.014,200.0,-1063.8703774452317,12288,0,0,uniform=3070;sir=9226,607.3676180839539,ea7c779
sir_is,6,491520,264,0.0,200.0,-994.287260132739,1000,0.0,200.0,-1076.7818577844557,1000,0.0,200.0,-1079.016783097038,12288,0,0,uniform=3070;sir=9226,607.3676180839539,ea7c779
sir_is,6,737280,264,0.0,200.0,-850.2547849016197,1000,0.001,200.0,-1038.5480401871473,1000,0.0,200.0,-1043.7466890852295,12288,0,0,uniform=3070;sir=9226,607.3676180839539,ea7c779
sir_is,6,983040,264,0.0,200.0,-870.0725136834986,1000,0.001,200.0,-994.6386759167631,1000,0.001,200.0,-1000.7041762538862,12288,0,0,uniform=3070;sir=9226,607.3676180839539,ea7c779
sir_is,6,1228800,264,0.0,200.0,-1006.7533924894537,1000,0.0,200.0,-997.8232435677567,1000,0.0,200.0,-1002.0017090632675,12288,0,0,uniform=3070;sir=9226,607.3676180839539,ea7c779
sir_is,6,1474560,264,0.0,200.0,-880.3856720275157,1000,0.0,200.0,-1004.1296953214752,1000,0.0,200.0,-1010.034758340876,12288,0,0,uniform=3070;sir=9226,607.3676180839539,ea7c779
sir_is,6,1720320,264,0.22348484848484848,200.0,-648.6228328989812,1000,0.015,200.0,-935.5783838465261,1000,0.02,200.0,-934.8808810983352,12288,0,0,uniform=3070;sir=9226,607.3676180839539,ea7c779
sir_is,6,1966080,264,0.5833333333333334,200.0,-419.68338814862665,1000,0.067,200.0,-935.1419034787318,1000,0.057,200.0,-946.1365053709548,12288,0,0,uniform=3070;sir=9226,607.3676180839539,ea7c779
sir_is,6,2211840,264,0.7878787878787878,200.0,-291.86820076689355,1000,0.131,200.0,-876.6809662957785,1000,0.13,200.0,-882.1896985423087,12288,0,0,uniform=3070;sir=9226,607.3676180839539,ea7c779
sir_is,6,2457600,264,0.8143939393939394,200.0,-289.41837267840043,1000,0.224,200.0,-811.1038893180546,1000,0.231,200.0,-810.7374842877127,12288,0,0,uniform=3070;sir=9226,607.3676180839539,ea7c779
sir_a4,7,0,264,0.0,200.0,-1331.2456489479857,1000,0.0,200.0,-1172.2293918373323,1000,0.0,200.0,-1178.0119176521432,12288,0,0,uniform=6160;sir=6136,558.9328360557556,ea7c779
sir_a4,7,245760,264,0.0,200.0,-1201.4629288667566,1000,0.0,200.0,-1046.741888335105,1000,0.0,200.0,-1053.9674080023628,12288,0,0,uniform=6160;sir=6136,558.9328360557556,ea7c779
sir_a4,7,491520,264,0.1590909090909091,200.0,-827.8464823805623,1000,0.006,200.0,-1114.0862663508813,1000,0.007,200.0,-1123.6389104140187,12288,0,0,uniform=6160;sir=6136,558.9328360557556,ea7c779
sir_a4,7,737280,264,0.10984848484848485,200.0,-666.0880838659655,1000,0.005,200.0,-966.4482569850529,1000,0.002,200.0,-976.8372116612423,12288,0,0,uniform=6160;sir=6136,558.9328360557556,ea7c779
sir_a4,7,983040,264,0.3939393939393939,200.0,-768.9773905119056,1000,0.012,200.0,-1202.6811523502083,1000,0.015,200.0,-1206.2021881175472,12288,0,0,uniform=6160;sir=6136,558.9328360557556,ea7c779
sir_a4,7,1228800,264,0.4090909090909091,200.0,-727.7695366408676,1000,0.021,200.0,-1154.8121962954303,1000,0.022,200.0,-1156.3951986596435,12288,0,0,uniform=6160;sir=6136,558.9328360557556,ea7c779
sir_a4,7,1474560,264,0.5,200.0,-556.3164333410709,1000,0.079,200.0,-1017.712010241216,1000,0.095,200.0,-1012.4154376428593,12288,0,0,uniform=6160;sir=6136,558.9328360557556,ea7c779
sir_a4,7,1720320,264,0.6931818181818182,200.0,-368.72994897123255,1000,0.141,200.0,-895.5659139312589,1000,0.157,200.0,-887.3273278433227,12288,0,0,uniform=6160;sir=6136,558.9328360557556,ea7c779
sir_a4,7,1966080,264,0.7083333333333334,200.0,-340.0825087363746,1000,0.185,200.0,-814.1615686841675,1000,0.196,200.0,-814.3791887805106,12288,0,0,uniform=6160;sir=6136,558.9328360557556,ea7c779
sir_a4,7,2211840,264,0.8560606060606061,200.0,-232.89061297060954,1000,0.302,200.0,-727.1506193928451,1000,0.308,200.0,-729.131366104524,12288,0,0,uniform=6160;sir=6136,558.9328360557556,ea7c779
sir_a4,7,2457600,264,0.8863636363636364,200.0,-211.51623332287045,1000,0.407,200.0,-656.1750727423979,1000,0.418,200.0,-656.3655185671903,12288,0,0,uniform=6160;sir=6136,558.9328360557556,ea7c779
sir_a4,8,0,264,0.0,200.0,-1263.5135986356695,1000,0.0,200.0,-1049.4310886204946,1000,0.0,200.0,-1054.1886205723927,12288,0,0,uniform=6205;sir=6091,558.4490749835968,ea7c779
sir_a4,8,245760,264,0.0,200.0,-887.4867209582577,1000,0.0,200.0,-1063.0280154951188,1000,0.0,200.0,-1074.2550876129847,12288,0,0,uniform=6205;sir=6091,558.4490749835968,ea7c779
sir_a4,8,491520,264,0.0,200.0,-1107.4128504763291,1000,0.0,200.0,-1242.7540043017175,1000,0.001,200.0,-1249.6404191681277,12288,0,0,uniform=6205;sir=6091,558.4490749835968,ea7c779
sir_a4,8,737280,264,0.3333333333333333,200.0,-703.1983368805377,1000,0.019,200.0,-1114.8381198865004,1000,0.025,200.0,-1117.2276185916933,12288,0,0,uniform=6205;sir=6091,558.4490749835968,ea7c779
sir_a4,8,983040,264,0.5909090909090909,200.0,-402.66306562564887,1000,0.117,200.0,-862.260693927171,1000,0.106,200.0,-872.6459312147845,12288,0,0,uniform=6205;sir=6091,558.4490749835968,ea7c779
sir_a4,8,1228800,264,0.6704545454545454,200.0,-337.84397316042447,1000,0.118,200.0,-834.9665332701061,1000,0.118,200.0,-836.6068666707333,12288,0,0,uniform=6205;sir=6091,558.4490749835968,ea7c779
sir_a4,8,1474560,264,0.8143939393939394,200.0,-266.36335559078157,1000,0.272,200.0,-772.2619940178918,1000,0.284,200.0,-768.5956511642843,12288,0,0,uniform=6205;sir=6091,558.4490749835968,ea7c779
sir_a4,8,1720320,264,0.9090909090909091,200.0,-217.6026045758639,1000,0.345,200.0,-716.5964035198925,1000,0.348,200.0,-712.3722640269787,12288,0,0,uniform=6205;sir=6091,558.4490749835968,ea7c779
sir_a4,8,1966080,264,0.8598484848484849,200.0,-232.37488223229946,1000,0.416,200.0,-686.8941564919588,1000,0.43,200.0,-673.5879173861509,12288,0,0,uniform=6205;sir=6091,558.4490749835968,ea7c779
sir_a4,8,2211840,264,0.8181818181818182,200.0,-256.977950692834,1000,0.258,200.0,-769.699967451827,1000,0.274,200.0,-761.1602552083436,12288,0,0,uniform=6205;sir=6091,558.4490749835968,ea7c779
sir_a4,8,2457600,264,0.8674242424242424,200.0,-211.94184347815178,1000,0.358,200.0,-699.9750490348107,1000,0.371,200.0,-695.9559505354468,12288,0,0,uniform=6205;sir=6091,558.4490749835968,ea7c779
sir_is,7,0,264,0.0,200.0,-1458.429889438262,1000,0.0,200.0,-1236.5041167570644,1000,0.0,200.0,-1240.6345343009011,12288,0,0,uniform=3069;sir=9227,560.1503267288208,ea7c779
sir_is,7,245760,264,0.0,200.0,-780.4600978408199,1000,0.0,200.0,-930.7625094815463,1000,0.0,200.0,-936.0885890221235,12288,0,0,uniform=3069;sir=9227,560.1503267288208,ea7c779
sir_is,7,491520,264,0.3712121212121212,200.0,-732.3604242460004,1000,0.01,200.0,-1136.0753897843765,1000,0.01,200.0,-1143.5866602462565,12288,0,0,uniform=3069;sir=9227,560.1503267288208,ea7c779
sir_is,7,737280,264,0.4356060606060606,200.0,-667.9421200827359,1000,0.061,200.0,-1076.1851290154223,1000,0.055,200.0,-1086.1077774875564,12288,0,0,uniform=3069;sir=9227,560.1503267288208,ea7c779
sir_is,7,983040,264,0.4166666666666667,200.0,-710.6167219946232,1000,0.022,200.0,-1141.7640258637778,1000,0.027,200.0,-1142.5229811463967,12288,0,0,uniform=3069;sir=9227,560.1503267288208,ea7c779
sir_is,7,1228800,264,0.3446969696969697,200.0,-663.5004399106139,1000,0.01,200.0,-1013.2966751762161,1000,0.007,200.0,-1022.5845560994491,12288,0,0,uniform=3069;sir=9227,560.1503267288208,ea7c779
sir_is,7,1474560,264,0.5871212121212122,200.0,-459.49971793814444,1000,0.067,200.0,-1016.3051105136311,1000,0.074,200.0,-1013.7522700513028,12288,0,0,uniform=3069;sir=9227,560.1503267288208,ea7c779
sir_is,7,1720320,264,0.625,200.0,-431.5426736871105,1000,0.093,200.0,-985.6811325576448,1000,0.117,200.0,-970.0810907802396,12288,0,0,uniform=3069;sir=9227,560.1503267288208,ea7c779
sir_is,7,1966080,264,0.5378787878787878,200.0,-557.7162214199103,1000,0.076,200.0,-995.4586504500378,1000,0.076,200.0,-1005.6375763709725,12288,0,0,uniform=3069;sir=9227,560.1503267288208,ea7c779
sir_is,7,2211840,264,0.625,200.0,-473.71168840082134,1000,0.089,200.0,-1007.7103747185096,1000,0.106,200.0,-1001.3947657913517,12288,0,0,uniform=3069;sir=9227,560.1503267288208,ea7c779
sir_is,7,2457600,264,0.7234848484848485,200.0,-382.0448546916307,1000,0.151,200.0,-946.575055418638,1000,0.141,200.0,-954.8340379991417,12288,0,0,uniform=3069;sir=9227,560.1503267288208,ea7c779
sir_is,8,0,264,0.0,200.0,-1203.179264064834,1000,0.0,200.0,-1118.1594269312718,1000,0.0,200.0,-1121.2137368636986,12288,0,0,uniform=3071;sir=9225,383.9114592075348,ea7c779
sir_is,8,245760,264,0.0,200.0,-820.7088570639985,1000,0.0,200.0,-987.5867284681021,1000,0.0,200.0,-993.7963308441084,12288,0,0,uniform=3071;sir=9225,383.9114592075348,ea7c779
sir_is,8,491520,264,0.0,200.0,-766.4212488202646,1000,0.0,200.0,-995.888526657333,1000,0.001,200.0,-997.3704830847739,12288,0,0,uniform=3071;sir=9225,383.9114592075348,ea7c779
sir_is,8,737280,264,0.07196969696969698,200.0,-871.1716985212731,1000,0.001,200.0,-996.4461377118563,1000,0.003,200.0,-997.998147212883,12288,0,0,uniform=3071;sir=9225,383.9114592075348,ea7c779
sir_is,8,983040,264,0.0,200.0,-976.4915545953147,1000,0.003,200.0,-1002.7364890000057,1000,0.001,200.0,-1013.8386870941289,12288,0,0,uniform=3071;sir=9225,383.9114592075348,ea7c779
sir_is,8,1228800,264,0.21212121212121213,200.0,-766.1243198202562,1000,0.0,200.0,-1034.651476571184,1000,0.003,200.0,-1041.5114340891246,12288,0,0,uniform=3071;sir=9225,383.9114592075348,ea7c779
sir_is,8,1474560,264,0.571969696969697,200.0,-510.5265067933199,1000,0.14,200.0,-989.8052939943625,1000,0.141,200.0,-988.6231587310028,12288,0,0,uniform=3071;sir=9225,383.9114592075348,ea7c779
sir_is,8,1720320,264,0.5606060606060606,200.0,-543.0275813221575,1000,0.04,200.0,-1061.2127443389745,1000,0.051,200.0,-1060.6104040958617,12288,0,0,uniform=3071;sir=9225,383.9114592075348,ea7c779
sir_is,8,1966080,264,0.5568181818181818,200.0,-559.0427803125874,1000,0.068,200.0,-1053.7174220396091,1000,0.071,200.0,-1056.6677403010153,12288,0,0,uniform=3071;sir=9225,383.9114592075348,ea7c779
sir_is,8,2211840,264,0.6174242424242424,200.0,-504.43714789531475,1000,0.136,200.0,-1014.7184047584143,1000,0.141,200.0,-1015.4766810215996,12288,0,0,uniform=3071;sir=9225,383.9114592075348,ea7c779
sir_is,8,2457600,264,0.6287878787878788,200.0,-476.88982345248564,1000,0.17,200.0,-989.3107920724273,1000,0.174,200.0,-988.475752586618,12288,0,0,uniform=3071;sir=9225,383.9114592075348,ea7c779
