config,seed,step,random/n,random/success,random/mean_steps,random/mean_return,verifai_dev/n,verifai_dev/success,verifai_dev/mean_steps,verifai_dev/mean_return,verifai_test/n,verifai_test/success,verifai_test/mean_steps,verifai_test/mean_return,episodes,replays,scouted_steps,wall_time_sec,commit
DR_po,1,0,264,0.0,200.0,-1463.2951736197406,1000,0.0,200.0,-1228.3917479439056,1000,0.0,200.0,-1247.4790444763025,12288,0,0,145.57807874679565,7e99f75
DR_po,1,245760,264,0.19696969696969696,200.0,-848.0992447948996,1000,0.009,200.0,-1112.89177270763,1000,0.008,200.0,-1119.0067476953775,12288,0,0,145.57807874679565,7e99f75
DR_po,1,491520,264,0.19318181818181818,200.0,-879.5428447461154,1000,0.005,200.0,-1155.7736193876913,1000,0.007,200.0,-1163.815050867774,12288,0,0,145.57807874679565,7e99f75
DR_po,1,737280,264,0.011363636363636364,200.0,-939.3850803106604,1000,0.0,200.0,-1055.5341646665165,1000,0.001,200.0,-1059.8294414973534,12288,0,0,145.57807874679565,7e99f75
DR_po,1,983040,264,0.26515151515151514,200.0,-755.9011546009621,1000,0.018,200.0,-1072.541577770348,1000,0.016,200.0,-1074.87507549691,12288,0,0,145.57807874679565,7e99f75
DR_po,1,1228800,264,0.5303030303030303,200.0,-459.259468791977,1000,0.049,200.0,-944.8924976375837,1000,0.047,200.0,-944.3257929728986,12288,0,0,145.57807874679565,7e99f75
DR_po,1,1474560,264,0.6363636363636364,200.0,-412.2919957788227,1000,0.086,200.0,-939.3966995008334,1000,0.088,200.0,-939.821092482219,12288,0,0,145.57807874679565,7e99f75
DR_po,1,1720320,264,0.7348484848484849,200.0,-322.2420807351085,1000,0.137,200.0,-877.9252240127822,1000,0.137,200.0,-883.8139385924985,12288,0,0,145.57807874679565,7e99f75
DR_po,1,1966080,264,0.8484848484848485,200.0,-256.8178235289429,1000,0.219,200.0,-838.7478728554637,1000,0.214,200.0,-850.416190298381,12288,0,0,145.57807874679565,7e99f75
DR_po,1,2211840,264,0.8522727272727273,200.0,-252.72481841220366,1000,0.305,200.0,-778.9627077417438,1000,0.323,200.0,-770.7670619199506,12288,0,0,145.57807874679565,7e99f75
DR_po,1,2457600,264,0.7007575757575758,200.0,-377.44303428363224,1000,0.189,200.0,-867.2496568964714,1000,0.192,200.0,-874.4874273587051,12288,0,0,145.57807874679565,7e99f75
DR_po,2,0,264,0.01893939393939394,200.0,-1293.1564384851083,1000,0.0,200.0,-1368.3129882194607,1000,0.0,200.0,-1373.9193832319013,12288,0,0,145.62443494796753,7e99f75
DR_po,2,245760,264,0.007575757575757576,200.0,-920.5902024430325,1000,0.0,200.0,-1045.147800366326,1000,0.0,200.0,-1047.842721957872,12288,0,0,145.62443494796753,7e99f75
DR_po,2,491520,264,0.0,200.0,-779.1751796549853,1000,0.001,200.0,-1002.5638235872395,1000,0.0,200.0,-1004.998285147844,12288,0,0,145.62443494796753,7e99f75
DR_po,2,737280,264,0.19318181818181818,200.0,-774.4018917771621,1000,0.014,200.0,-1066.1306320303747,1000,0.01,200.0,-1074.2448471334344,12288,0,0,145.62443494796753,7e99f75
DR_po,2,983040,264,0.2916666666666667,200.0,-676.5526571016595,1000,0.009,200.0,-1044.9758471168523,1000,0.011,200.0,-1043.075474722704,12288,0,0,145.62443494796753,7e99f75
DR_po,2,1228800,264,0.3143939393939394,200.0,-708.0620310013546,1000,0.022,200.0,-1075.9828441201532,1000,0.022,200.0,-1080.6861484406406,12288,0,0,145.62443494796753,7e99f75
DR_po,2,1474560,264,0.4128787878787879,200.0,-683.3196837700203,1000,0.037,200.0,-1119.3523729467695,1000,0.04,200.0,-1122.1105147342928,12288,0,0,145.62443494796753,7e99f75
DR_po,2,1720320,264,0.4053030303030303,200.0,-632.0494724251629,1000,0.035,200.0,-1070.8402559387875,1000,0.034,200.0,-1071.17712530928,12288,0,0,145.62443494796753,7e99f75
DR_po,2,1966080,264,0.5151515151515151,200.0,-567.3302857609001,1000,0.06,200.0,-1066.669152279832,1000,0.059,200.0,-1068.6201552757589,12288,0,0,145.62443494796753,7e99f75
DR_po,2,2211840,264,0.5416666666666666,200.0,-521.9123587698975,1000,0.073,200.0,-976.4791976394151,1000,0.071,200.0,-986.2124464590521,12288,0,0,145.62443494796753,7e99f75
DR_po,2,2457600,264,0.5492424242424242,200.0,-538.851793900051,1000,0.105,200.0,-1004.7667893761369,1000,0.095,200.0,-1015.2102133674987,12288,0,0,145.62443494796753,7e99f75
DR_po,3,0,264,0.0,200.0,-1266.74423123248,1000,0.0,200.0,-1199.068524898858,1000,0.001,200.0,-1206.401741737105,12288,0,0,146.19775891304016,7e99f75
DR_po,3,245760,264,0.20454545454545456,200.0,-919.1502950223885,1000,0.002,200.0,-1252.7020195011055,1000,0.006,200.0,-1256.7804680807246,12288,0,0,146.19775891304016,7e99f75
DR_po,3,491520,264,0.03409090909090909,200.0,-921.0033893717751,1000,0.004,200.0,-1034.370843789205,1000,0.003,200.0,-1039.509244582984,12288,0,0,146.19775891304016,7e99f75
DR_po,3,737280,264,0.1553030303030303,200.0,-754.0714730982796,1000,0.007,200.0,-1054.679175734284,1000,0.01,200.0,-1055.5798119205517,12288,0,0,146.19775891304016,7e99f75
DR_po,3,983040,264,0.2840909090909091,200.0,-805.6205999196053,1000,0.014,200.0,-1161.0453240362747,1000,0.016,200.0,-1162.5698714014886,12288,0,0,146.19775891304016,7e99f75
DR_po,3,1228800,264,0.23106060606060605,200.0,-632.0783331309686,1000,0.015,200.0,-961.4217066834386,1000,0.017,200.0,-963.8801081937112,12288,0,0,146.19775891304016,7e99f75
DR_po,3,1474560,264,0.4621212121212121,200.0,-516.7158391122856,1000,0.044,200.0,-976.0535158494461,1000,0.041,200.0,-978.4202927639719,12288,0,0,146.19775891304016,7e99f75
DR_po,3,1720320,264,0.6060606060606061,200.0,-401.4142067526722,1000,0.065,200.0,-928.1294576310355,1000,0.072,200.0,-930.0326826835557,12288,0,0,146.19775891304016,7e99f75
DR_po,3,1966080,264,0.6439393939393939,200.0,-409.73124638375543,1000,0.142,200.0,-892.0328383488225,1000,0.148,200.0,-886.7788693187974,12288,0,0,146.19775891304016,7e99f75
DR_po,3,2211840,264,0.803030303030303,200.0,-276.80677173986857,1000,0.206,200.0,-833.7937668477374,1000,0.225,200.0,-824.1453963717307,12288,0,0,146.19775891304016,7e99f75
DR_po,3,2457600,264,0.8636363636363636,200.0,-237.64268453268454,1000,0.301,200.0,-778.4604481950099,1000,0.304,200.0,-777.2031727142605,12288,0,0,146.19775891304016,7e99f75
DR_po,4,0,264,0.0,200.0,-1425.7819043328896,1000,0.0,200.0,-1275.2210113712772,1000,0.0,200.0,-1283.0715558265229,12288,0,0,146.20608687400818,7e99f75
DR_po,4,245760,264,0.1553030303030303,200.0,-1005.2336858701434,1000,0.013,200.0,-1070.023605257377,1000,0.014,200.0,-1066.887818072349,12288,0,0,146.20608687400818,7e99f75
DR_po,4,491520,264,0.003787878787878788,200.0,-834.8983614000736,1000,0.002,200.0,-1048.142892630716,1000,0.0,200.0,-1058.5704649259462,12288,0,0,146.20608687400818,7e99f75
DR_po,4,737280,264,0.25,200.0,-882.4036719578603,1000,0.007,200.0,-1181.6442253194973,1000,0.007,200.0,-1183.7621350214874,12288,0,0,146.20608687400818,7e99f75
DR_po,4,983040,264,0.22727272727272727,200.0,-753.4033861205537,1000,0.007,200.0,-1085.3835684181613,1000,0.007,200.0,-1089.3800333628176,12288,0,0,146.20608687400818,7e99f75
DR_po,4,1228800,264,0.06439393939393939,200.0,-801.8579899913516,1000,0.001,200.0,-1012.9893797371429,1000,0.0,200.0,-1017.5894752671088,12288,0,0,146.20608687400818,7e99f75
DR_po,4,1474560,264,0.4393939393939394,200.0,-551.7349243181496,1000,0.028,200.0,-1010.4208460655225,1000,0.032,200.0,-1016.4395174278329,12288,0,0,146.20608687400818,7e99f75
DR_po,4,1720320,264,0.4962121212121212,200.0,-522.6227542998159,1000,0.019,200.0,-1048.497927188092,1000,0.024,200.0,-1052.3227945741737,12288,0,0,146.20608687400818,7e99f75
DR_po,4,1966080,264,0.5151515151515151,200.0,-570.0703007618343,1000,0.01,200.0,-1089.9115937843305,1000,0.014,200.0,-1095.3179282962774,12288,0,0,146.20608687400818,7e99f75
DR_po,4,2211840,264,0.553030303030303,200.0,-536.7000802702535,1000,0.038,200.0,-1091.8116704794652,1000,0.045,200.0,-1092.125645847701,12288,0,0,146.20608687400818,7e99f75
DR_po,4,2457600,264,0.5037878787878788,200.0,-612.6198514315728,1000,0.046,200.0,-1096.5283185973958,1000,0.045,200.0,-1102.8516244263867,12288,0,0,146.20608687400818,7e99f75
DR_po,5,0,264,0.0,200.0,-1295.6946331223478,1000,0.0,200.0,-1195.217368534422,1000,0.0,200.0,-1200.4810638750102,12288,0,0,145.93761897087097,7e99f75
DR_po,5,245760,264,0.0,200.0,-1344.1470865043223,1000,0.0,200.0,-1080.5733777212026,1000,0.0,200.0,-1089.9127868861235,12288,0,0,145.93761897087097,7e99f75
DR_po,5,491520,264,0.20833333333333334,200.0,-792.7596092779436,1000,0.002,200.0,-1114.4493850643198,1000,0.004,200.0,-1120.5233612182183,12288,0,0,145.93761897087097,7e99f75
DR_po,5,737280,264,0.23863636363636365,200.0,-763.9873888425162,1000,0.009,200.0,-1069.2846511979417,1000,0.007,200.0,-1075.9886366611418,12288,0,0,145.93761897087097,7e99f75
DR_po,5,983040,264,0.38257575757575757,200.0,-729.6526385701363,1000,0.045,200.0,-1079.446038223996,1000,0.048,200.0,-1085.1882145602265,12288,0,0,145.93761897087097,7e99f75
DR_po,5,1228800,264,0.4696969696969697,200.0,-605.187487297542,1000,0.066,200.0,-1027.2716247741425,1000,0.057,200.0,-1040.961737373285,12288,0,0,145.93761897087097,7e99f75
DR_po,5,1474560,264,0.553030303030303,200.0,-462.26701756498824,1000,0.057,200.0,-954.8347127388388,1000,0.057,200.0,-967.7565783713737,12288,0,0,145.93761897087097,7e99f75
DR_po,5,1720320,264,0.7083333333333334,200.0,-327.2614066563165,1000,0.129,200.0,-840.3209574509156,1000,0.13,200.0,-844.8660420718488,12288,0,0,145.93761897087097,7e99f75
DR_po,5,1966080,264,0.7007575757575758,200.0,-347.0886700066673,1000,0.163,200.0,-850.4090665150914,1000,0.155,200.0,-858.8859199872171,12288,0,0,145.93761897087097,7e99f75
DR_po,5,2211840,264,0.8674242424242424,200.0,-233.482235820816,1000,0.268,200.0,-767.6718037210693,1000,0.282,200.0,-765.0040772798768,12288,0,0,145.93761897087097,7e99f75
DR_po,5,2457600,264,0.8674242424242424,200.0,-210.74346819195102,1000,0.35,200.0,-720.8982620735143,1000,0.343,200.0,-722.2375511836515,12288,0,0,145.93761897087097,7e99f75
DR_po,6,0,264,0.0,200.0,-1263.9325240023759,1000,0.0,200.0,-1087.9435093246175,1000,0.0,200.0,-1095.6873135024541,12288,0,0,121.07043981552124,7e99f75
DR_po,6,245760,264,0.015151515151515152,200.0,-1015.6838348236682,1000,0.0,200.0,-1153.4497829738796,1000,0.0,200.0,-1164.1766723776823,12288,0,0,121.07043981552124,7e99f75
DR_po,6,491520,264,0.20454545454545456,200.0,-826.4908176024932,1000,0.006,200.0,-1132.9675484097463,1000,0.004,200.0,-1138.367388425934,12288,0,0,121.07043981552124,7e99f75
DR_po,6,737280,264,0.15151515151515152,200.0,-877.060808129363,1000,0.016,200.0,-1143.3606314385538,1000,0.014,200.0,-1150.8601181551894,12288,0,0,121.07043981552124,7e99f75
DR_po,6,983040,264,0.16666666666666666,200.0,-766.4149644562576,1000,0.015,200.0,-1058.0249322398824,1000,0.009,200.0,-1066.7772916034198,12288,0,0,121.07043981552124,7e99f75
DR_po,6,1228800,264,0.38636363636363635,200.0,-606.9512638024414,1000,0.04,200.0,-991.0461568877972,1000,0.052,200.0,-983.7181470495868,12288,0,0,121.07043981552124,7e99f75
DR_po,6,1474560,264,0.6060606060606061,200.0,-449.08570044226684,1000,0.08,200.0,-949.1838121036665,1000,0.09,200.0,-940.3017372607325,12288,0,0,121.07043981552124,7e99f75
DR_po,6,1720320,264,0.7803030303030303,200.0,-316.80054833934724,1000,0.186,200.0,-880.9026026610857,1000,0.212,200.0,-857.5251070266596,12288,0,0,121.07043981552124,7e99f75
DR_po,6,1966080,264,0.7765151515151515,200.0,-302.8829709241359,1000,0.244,200.0,-834.4031153591143,1000,0.244,200.0,-831.014255984246,12288,0,0,121.07043981552124,7e99f75
DR_po,6,2211840,264,0.696969696969697,200.0,-395.56973327914557,1000,0.227,200.0,-844.0381114527777,1000,0.237,200.0,-834.4511977978624,12288,0,0,121.07043981552124,7e99f75
DR_po,6,2457600,264,0.7954545454545454,200.0,-276.672823325437,1000,0.279,200.0,-774.830451495222,1000,0.288,200.0,-770.889797854304,12288,0,0,121.07043981552124,7e99f75
DR_po,7,0,264,0.011363636363636364,200.0,-1117.909464476886,1000,0.002,200.0,-1069.645256503355,1000,0.0,200.0,-1075.5053929834285,12288,0,0,121.086580991745,7e99f75
DR_po,7,245760,264,0.03787878787878788,200.0,-1102.4903504634774,1000,0.0,200.0,-1109.2458335387341,1000,0.001,200.0,-1110.9329198325063,12288,0,0,121.086580991745,7e99f75
DR_po,7,491520,264,0.2765151515151515,200.0,-795.6025991417007,1000,0.008,200.0,-1135.419121081223,1000,0.008,200.0,-1141.814072445767,12288,0,0,121.086580991745,7e99f75
DR_po,7,737280,264,0.2537878787878788,200.0,-666.33256365261,1000,0.013,200.0,-1007.7222644248758,1000,0.011,200.0,-1012.6097558150856,12288,0,0,121.086580991745,7e99f75
DR_po,7,983040,264,0.32954545454545453,200.0,-589.9231995995885,1000,0.013,200.0,-981.9631705475373,1000,0.014,200.0,-990.6318769249007,12288,0,0,121.086580991745,7e99f75
DR_po,7,1228800,264,0.5757575757575758,200.0,-456.7443909755245,1000,0.066,200.0,-986.0149517769098,1000,0.08,200.0,-983.9998956780557,12288,0,0,121.086580991745,7e99f75
DR_po,7,1474560,264,0.7045454545454546,200.0,-352.9561320380324,1000,0.07,200.0,-943.7929782002583,1000,0.069,200.0,-948.1279822169831,12288,0,0,121.086580991745,7e99f75
DR_po,7,1720320,264,0.803030303030303,200.0,-294.80363253901845,1000,0.196,200.0,-869.8272606426959,1000,0.201,200.0,-862.4458817910185,12288,0,0,121.086580991745,7e99f75
DR_po,7,1966080,264,0.7803030303030303,200.0,-306.4441047176251,1000,0.253,200.0,-836.7991245306521,1000,0.242,200.0,-837.4133627010505,12288,0,0,121.086580991745,7e99f75
DR_po,7,2211840,264,0.8068181818181818,200.0,-265.7790956386509,1000,0.273,200.0,-801.6067608607763,1000,0.267,200.0,-806.7849354631051,12288,0,0,121.086580991745,7e99f75
DR_po,7,2457600,264,0.7272727272727273,200.0,-346.8828110928817,1000,0.273,200.0,-808.9114874527145,1000,0.242,200.0,-829.6201989324535,12288,0,0,121.086580991745,7e99f75
DR_po,8,0,264,0.0,200.0,-1130.5111876699134,1000,0.0,200.0,-1078.5740772418221,1000,0.0,200.0,-1078.1000840628435,12288,0,0,121.05588507652283,7e99f75
DR_po,8,245760,264,0.0,200.0,-1324.4354730944287,1000,0.0,200.0,-1106.9451980641745,1000,0.0,200.0,-1112.1971683823838,12288,0,0,121.05588507652283,7e99f75
DR_po,8,491520,264,0.2537878787878788,200.0,-845.8967880991706,1000,0.012,200.0,-1156.4617144589536,1000,0.012,200.0,-1160.5309195592224,12288,0,0,121.05588507652283,7e99f75
DR_po,8,737280,264,0.24242424242424243,200.0,-777.9288776445992,1000,0.021,200.0,-1093.333787219106,1000,0.014,200.0,-1099.3722086399753,12288,0,0,121.05588507652283,7e99f75
DR_po,8,983040,264,0.22727272727272727,200.0,-742.5654991936948,1000,0.009,200.0,-1056.5671677239238,1000,0.012,200.0,-1052.4953802772582,12288,0,0,121.05588507652283,7e99f75
DR_po,8,1228800,264,0.36742424242424243,200.0,-677.6953939843889,1000,0.02,200.0,-1082.7575795433727,1000,0.02,200.0,-1083.1080987512826,12288,0,0,121.05588507652283,7e99f75
DR_po,8,1474560,264,0.4583333333333333,200.0,-568.6520218227957,1000,0.046,200.0,-1028.5954831826043,1000,0.042,200.0,-1029.500032161592,12288,0,0,121.05588507652283,7e99f75
DR_po,8,1720320,264,0.6818181818181818,200.0,-380.63098564686976,1000,0.126,200.0,-919.91083385057,1000,0.141,200.0,-908.9673760664699,12288,0,0,121.05588507652283,7e99f75
DR_po,8,1966080,264,0.7272727272727273,200.0,-332.89514909271804,1000,0.141,200.0,-880.6444224436987,1000,0.139,200.0,-877.1276673932513,12288,0,0,121.05588507652283,7e99f75
DR_po,8,2211840,264,0.7272727272727273,200.0,-343.70396024614905,1000,0.147,200.0,-895.3707091940116,1000,0.154,200.0,-887.9049770650661,12288,0,0,121.05588507652283,7e99f75
DR_po,8,2457600,264,0.8409090909090909,200.0,-244.13679818522021,1000,0.224,200.0,-800.7365970619428,1000,0.245,200.0,-793.1761820128849,12288,0,0,121.05588507652283,7e99f75
