config,seed,step,heldout/n,heldout/success,heldout/mean_steps,heldout/mean_return,random/n,random/success,random/mean_steps,random/mean_return,episodes,replays,scouted_steps,wall_time_sec
DR,1,0,76,0.0,250.0,0.0,283,0.01060070671378092,247.46289752650176,0.010193639575971731,123976,0,0,1502.3395347595215
DR,1,512000,76,0.0,250.0,0.0,283,0.4558303886925795,143.63250883392226,0.4285060070671378,123976,0,0,1502.3395347595215
DR,1,1024000,76,0.0,250.0,0.0,283,0.5901060070671378,113.08127208480565,0.5519180212014133,123976,0,0,1502.3395347595215
DR,1,1536000,76,0.05263157894736842,238.39473684210526,0.0470421052631579,283,0.5795053003533569,115.7279151943463,0.5413300353356891,123976,0,0,1502.3395347595215
DR,1,2048000,76,0.0,250.0,0.0,283,0.6113074204946997,109.22968197879858,0.5679038869257951,123976,0,0,1502.3395347595215
DR,1,2560000,76,0.05263157894736842,242.8421052631579,0.031031578947368417,283,0.6219081272084805,105.90106007067138,0.580946996466431,123976,0,0,1502.3395347595215
DR,1,3072000,76,0.0,250.0,0.0,283,0.6183745583038869,107.21908127208481,0.5758487632508833,123976,0,0,1502.3395347595215
DR,1,3584000,76,0.0,250.0,0.0,283,0.6643109540636042,97.53710247349824,0.6152975265017667,123976,0,0,1502.3395347595215
DR,1,4096000,76,0.02631578947368421,244.03947368421052,0.024089473684210525,283,0.6219081272084805,106.53356890459364,0.578669964664311,123976,0,0,1502.3395347595215
DR,1,4608000,76,0.02631578947368421,244.03947368421052,0.024089473684210525,283,0.7314487632508834,84.23674911660777,0.6698925795053003,123976,0,0,1502.3395347595215
DR,1,5120000,76,0.06578947368421052,235.89473684210526,0.0573578947368421,283,0.6431095406360424,102.4982332155477,0.5953173144876326,123976,0,0,1502.3395347595215
DR,1,5632000,76,0.10526315789473684,234.05263157894737,0.06793684210526316,283,0.7455830388692579,79.86572438162544,0.6870416961130742,123976,0,0,1502.3395347595215
DR,1,6144000,76,0.0,250.0,0.0,283,0.6183745583038869,108.1696113074205,0.572426855123675,123976,0,0,1502.3395347595215
DR,1,6656000,76,0.0,250.0,0.0,283,0.7420494699646644,81.97526501766785,0.6790939929328622,123976,0,0,1502.3395347595215
DR,1,7168000,76,0.0,250.0,0.0,283,0.7067137809187279,87.88339222614842,0.6542911660777385,123976,0,0,1502.3395347595215
DR,1,7680000,76,0.02631578947368421,244.03947368421052,0.024089473684210525,283,0.7208480565371025,86.66077738515901,0.6601060070671378,123976,0,0,1502.3395347595215
DR,1,8192000,76,0.0,250.0,0.0,283,0.6713780918727915,96.20848056537102,0.6207872791519434,123976,0,0,1502.3395347595215
DR,1,8704000,76,0.0,250.0,0.0,283,0.6713780918727915,96.18021201413427,0.6208890459363958,123976,0,0,1502.3395347595215
DR,1,9216000,76,0.0,250.0,0.0,283,0.7173144876325088,85.95053003533569,0.6623095406360424,123976,0,0,1502.3395347595215
DR,1,9728000,76,0.0,250.0,0.0,283,0.696113074204947,90.47703180212014,0.6438939929328621,123976,0,0,1502.3395347595215
DR,1,10240000,76,0.02631578947368421,244.03947368421052,0.024089473684210525,283,0.6855123674911661,93.21201413427562,0.6329879858657245,123976,0,0,1502.3395347595215
DR,2,0,76,0.0,250.0,0.0,283,0.01060070671378092,247.37455830388691,0.010511660777385159,125032,0,0,1509.516988992691
DR,2,512000,76,0.02631578947368421,244.72368421052633,0.021626315789473688,283,0.5159010600706714,130.20848056537102,0.48283957597173144,125032,0,0,1509.516988992691
DR,2,1024000,76,0.05263157894736842,242.8421052631579,0.031031578947368417,283,0.5371024734982333,125.50883392226149,0.5018784452296821,125032,0,0,1509.516988992691
DR,2,1536000,76,0.05263157894736842,238.44736842105263,0.04685263157894737,283,0.5865724381625441,114.02826855123675,0.5481554770318021,125032,0,0,1509.516988992691
DR,2,2048000,76,0.0,250.0,0.0,283,0.6395759717314488,102.98586572438163,0.5932084805653711,125032,0,0,1509.516988992691
DR,2,2560000,76,0.05263157894736842,238.44736842105263,0.04685263157894737,283,0.6289752650176679,104.15547703180212,0.5879378091872792,125032,0,0,1509.516988992691
DR,2,3072000,76,0.0,250.0,0.0,283,0.5653710247349824,119.2720848056537,0.5271575971731448,125032,0,0,1509.516988992691
DR,2,3584000,76,0.02631578947368421,244.27631578947367,0.023236842105263156,283,0.5371024734982333,124.7773851590106,0.5045116607773851,125032,0,0,1509.516988992691
DR,2,4096000,76,0.09210526315789473,233.9078947368421,0.06714210526315789,283,0.6360424028268551,103.56537102473499,0.5907689045936395,125032,0,0,1509.516988992691
DR,2,4608000,76,0.0,250.0,0.0,283,0.6643109540636042,98.26855123674912,0.6126643109540637,125032,0,0,1509.516988992691
DR,2,5120000,76,0.0,250.0,0.0,283,0.6749116607773852,94.28975265017668,0.6280480565371025,125032,0,0,1509.516988992691
DR,2,5632000,76,0.0,250.0,0.0,283,0.6643109540636042,97.13780918727915,0.6167349823321555,125032,0,0,1509.516988992691
DR,2,6144000,76,0.05263157894736842,238.55263157894737,0.04647368421052631,283,0.7031802120141343,88.8303886925795,0.6505286219081272,125032,0,0,1509.516988992691
DR,2,6656000,76,0.0,250.0,0.0,283,0.6890459363957597,94.54416961130742,0.6285455830388692,125032,0,0,1509.516988992691
DR,2,7168000,76,0.0,250.0,0.0,283,0.7208480565371025,85.0,0.6660848056537103,125032,0,0,1509.516988992691
DR,2,7680000,76,0.0,250.0,0.0,283,0.6996466431095406,89.70318021201413,0.6470332155477033,125032,0,0,1509.516988992691
DR,2,8192000,76,0.0,250.0,0.0,283,0.7137809187279152,85.58657243816255,0.6632664310954063,125032,0,0,1509.516988992691
DR,2,8704000,76,0.0,250.0,0.0,283,0.696113074204947,90.74558303886926,0.6429272084805654,125032,0,0,1509.516988992691
DR,2,9216000,76,0.15789473684210525,219.55263157894737,0.1254,283,0.7420494699646644,82.01413427561837,0.6789540636042402,125032,0,0,1509.516988992691
DR,2,9728000,76,0.05263157894736842,238.6315789473684,0.04618947368421052,283,0.7208480565371025,85.92226148409894,0.6627646643109542,125032,0,0,1509.516988992691
DR,2,10240000,76,0.13157894736842105,225.53947368421052,0.1012157894736842,283,0.6784452296819788,94.36749116607774,0.628121554770318,125032,0,0,1509.516988992691
DR,3,0,76,0.0,250.0,0.0,283,0.0176678445229682,245.62544169611309,0.017515194346289755,127636,0,0,1509.8766741752625
DR,3,512000,76,0.05263157894736842,238.3421052631579,0.04723157894736842,283,0.4734982332155477,139.08480565371025,0.44664452296819784,127636,0,0,1509.8766741752625
DR,3,1024000,76,0.15789473684210525,223.89473684210526,0.10976842105263157,283,0.5971731448763251,112.12014134275618,0.5560848056537103,127636,0,0,1509.8766741752625
DR,3,1536000,76,0.0,250.0,0.0,283,0.6148409893992933,108.47349823321555,0.5709795053003534,127636,0,0,1509.8766741752625
DR,3,2048000,76,0.05263157894736842,238.07894736842104,0.04817894736842105,283,0.657243816254417,99.30035335689045,0.6082431095406361,127636,0,0,1509.8766741752625
DR,3,2560000,76,0.039473684210526314,241.3815789473684,0.03497368421052632,283,0.6466431095406361,102.21201413427562,0.5967010600706714,127636,0,0,1509.8766741752625
DR,3,3072000,76,0.05263157894736842,238.92105263157896,0.04514736842105263,283,0.5901060070671378,114.40989399293287,0.5471349823321555,127636,0,0,1509.8766741752625
DR,3,3584000,76,0.05263157894736842,238.5,0.046663157894736844,283,0.6360424028268551,103.96819787985866,0.5893187279151944,127636,0,0,1509.8766741752625
DR,3,4096000,76,0.10526315789473684,226.76315789473685,0.09417894736842106,283,0.6395759717314488,102.72084805653711,0.5941625441696113,127636,0,0,1509.8766741752625
DR,3,4608000,76,0.07894736842105263,232.32894736842104,0.07151052631578947,283,0.657243816254417,99.9469964664311,0.6059151943462897,127636,0,0,1509.8766741752625
DR,3,5120000,76,0.039473684210526314,241.06578947368422,0.03611052631578947,283,0.6360424028268551,103.4982332155477,0.5910106007067137,127636,0,0,1509.8766741752625
DR,3,5632000,76,0.02631578947368421,244.43421052631578,0.022668421052631577,283,0.6537102473498233,100.06360424028269,0.6051420494699646,127636,0,0,1509.8766741752625
DR,3,6144000,76,0.05263157894736842,238.6315789473684,0.04618947368421052,283,0.6678445229681979,97.23674911660777,0.6167321554770319,127636,0,0,1509.8766741752625
DR,3,6656000,76,0.05263157894736842,238.5,0.046663157894736844,283,0.6501766784452296,100.81272084805654,0.6020918727915194,127636,0,0,1509.8766741752625
DR,3,7168000,76,0.05263157894736842,242.8421052631579,0.031031578947368417,283,0.6819787985865724,94.01766784452296,0.6297342756183746,127636,0,0,1509.8766741752625
DR,3,7680000,76,0.02631578947368421,244.03947368421052,0.024089473684210525,283,0.6183745583038869,108.21201413427562,0.5722742049469964,127636,0,0,1509.8766741752625
DR,3,8192000,76,0.23684210526315788,206.8815789473684,0.17891052631578946,283,0.6749116607773852,96.03886925795052,0.6217512367491166,127636,0,0,1509.8766741752625
DR,3,8704000,76,0.07894736842105263,232.69736842105263,0.07018421052631578,283,0.6395759717314488,103.40282685512368,0.5917074204946997,127636,0,0,1509.8766741752625
DR,3,9216000,76,0.07894736842105263,232.93421052631578,0.06933157894736841,283,0.6749116607773852,95.40989399293287,0.6240155477031802,127636,0,0,1509.8766741752625
DR,3,9728000,76,0.039473684210526314,241.1578947368421,0.035778947368421056,283,0.6113074204946997,109.13074204946996,0.568260070671378,127636,0,0,1509.8766741752625
DR,3,10240000,76,0.0,250.0,0.0,283,0.6289752650176679,106.23321554770318,0.5804579505300352,127636,0,0,1509.8766741752625
DR,5,0,76,0.0,250.0,0.0,283,0.0,250.0,0.0,123607,0,0,1510.0309040546417
DR,5,512000,76,0.05263157894736842,238.07894736842104,0.04817894736842105,283,0.5300353356890459,126.49116607773851,0.497635335689046,123607,0,0,1510.0309040546417
DR,5,1024000,76,0.13157894736842105,225.3815789473684,0.10178421052631578,283,0.6007067137809188,111.5547703180212,0.5584734982332155,123607,0,0,1510.0309040546417
DR,5,1536000,76,0.0,250.0,0.0,283,0.6007067137809188,112.15194346289752,0.5563236749116608,123607,0,0,1510.0309040546417
DR,5,2048000,76,0.0,250.0,0.0,283,0.6395759717314488,103.34275618374558,0.5919236749116608,123607,0,0,1510.0309040546417
DR,5,2560000,76,0.0,250.0,0.0,283,0.5830388692579506,114.87985865724382,0.5447363957597173,123607,0,0,1510.0309040546417
DR,5,3072000,76,0.02631578947368421,244.03947368421052,0.024089473684210525,283,0.6607773851590106,98.23674911660777,0.6124254416961131,123607,0,0,1510.0309040546417
DR,5,3584000,76,0.05263157894736842,242.8421052631579,0.031031578947368417,283,0.6784452296819788,94.81272084805654,0.6265187279151944,123607,0,0,1510.0309040546417
DR,5,4096000,76,0.07894736842105263,232.53947368421052,0.07075263157894737,283,0.6890459363957597,92.34982332155477,0.6364452296819788,123607,0,0,1510.0309040546417
DR,5,4608000,76,0.05263157894736842,242.8421052631579,0.031031578947368417,283,0.6466431095406361,101.25795053003533,0.6001356890459363,123607,0,0,1510.0309040546417
DR,5,5120000,76,0.09210526315789473,233.9078947368421,0.06714210526315789,283,0.7067137809187279,89.14487632508833,0.6497498233215547,123607,0,0,1510.0309040546417
DR,5,5632000,76,0.05263157894736842,238.8421052631579,0.04543157894736842,283,0.6678445229681979,97.29681978798587,0.6165159010600706,123607,0,0,1510.0309040546417
DR,5,6144000,76,0.05263157894736842,242.8421052631579,0.031031578947368417,283,0.6113074204946997,109.1660777385159,0.5681328621908126,123607,0,0,1510.0309040546417
DR,5,6656000,76,0.05263157894736842,242.8421052631579,0.031031578947368417,283,0.7420494699646644,81.83745583038869,0.679590106007067,123607,0,0,1510.0309040546417
DR,5,7168000,76,0.05263157894736842,241.21052631578948,0.03690526315789474,283,0.7314487632508834,83.51943462897526,0.6724749116607774,123607,0,0,1510.0309040546417
DR,5,7680000,76,0.10526315789473684,234.05263157894737,0.06793684210526316,283,0.734982332155477,82.04240282685512,0.6781455830388693,123607,0,0,1510.0309040546417
DR,5,8192000,76,0.0,250.0,0.0,283,0.784452296819788,71.26501766784452,0.7218911660777385,123607,0,0,1510.0309040546417
DR,5,8704000,76,0.02631578947368421,244.03947368421052,0.024089473684210525,283,0.7385159010600707,82.89752650176679,0.6754204946996467,123607,0,0,1510.0309040546417
DR,5,9216000,76,0.0,250.0,0.0,283,0.7137809187279152,86.57950530035336,0.6596918727915194,123607,0,0,1510.0309040546417
DR,5,9728000,76,0.15789473684210525,219.8684210526316,0.12426315789473683,283,0.7243816254416962,85.31448763250883,0.6653060070671378,123607,0,0,1510.0309040546417
DR,5,10240000,76,0.0,250.0,0.0,283,0.7279151943462897,84.69611307420494,0.6678855123674912,123607,0,0,1510.0309040546417
DR,4,0,76,0.0,250.0,0.0,283,0.0035335689045936395,249.12720848056537,0.0034954063604240282,125227,0,0,1514.8772070407867
DR,4,512000,76,0.0,250.0,0.0,283,0.4558303886925795,142.69257950530036,0.43188975265017676,125227,0,0,1514.8772070407867
DR,4,1024000,76,0.15789473684210525,219.23684210526315,0.12653684210526314,283,0.5901060070671378,113.90812720848056,0.5489413427561837,125227,0,0,1514.8772070407867
DR,4,1536000,76,0.0,250.0,0.0,283,0.5724381625441696,117.91872791519435,0.5327363957597173,125227,0,0,1514.8772070407867
DR,4,2048000,76,0.15789473684210525,219.81578947368422,0.12445263157894736,283,0.5441696113074205,124.0,0.508016961130742,125227,0,0,1514.8772070407867
DR,4,2560000,76,0.05263157894736842,238.53947368421052,0.04652105263157895,283,0.6501766784452296,101.87279151943463,0.5982756183745582,125227,0,0,1514.8772070407867
DR,4,3072000,76,0.0,250.0,0.0,283,0.6325088339222615,104.79151943462898,0.5860014134275618,125227,0,0,1514.8772070407867
DR,4,3584000,76,0.0,250.0,0.0,283,0.6325088339222615,105.51590106007068,0.5833936395759717,125227,0,0,1514.8772070407867
DR,4,4096000,76,0.05263157894736842,238.57894736842104,0.046378947368421054,283,0.6855123674911661,95.16254416961131,0.625966077738516,125227,0,0,1514.8772070407867
DR,4,4608000,76,0.10526315789473684,226.8684210526316,0.0938,283,0.6431095406360424,102.91519434628975,0.5938162544169612,125227,0,0,1514.8772070407867
DR,4,5120000,76,0.0,250.0,0.0,283,0.6360424028268551,104.86572438162544,0.5860876325088339,125227,0,0,1514.8772070407867
DR,4,5632000,76,0.05263157894736842,238.21052631578948,0.04770526315789474,283,0.6431095406360424,102.98939929328623,0.5935491166077738,125227,0,0,1514.8772070407867
DR,4,6144000,76,0.0,250.0,0.0,283,0.5759717314487632,117.66431095406361,0.5340056537102473,125227,0,0,1514.8772070407867
DR,4,6656000,76,0.10526315789473684,226.81578947368422,0.09398947368421053,283,0.6219081272084805,106.68904593639576,0.5781102473498234,125227,0,0,1514.8772070407867
DR,4,7168000,76,0.0,250.0,0.0,283,0.6501766784452296,101.6148409893993,0.5992042402826855,125227,0,0,1514.8772070407867
DR,4,7680000,76,0.10526315789473684,226.76315789473685,0.09417894736842106,283,0.6643109540636042,98.66077738515901,0.611252296819788,125227,0,0,1514.8772070407867
DR,4,8192000,76,0.05263157894736842,238.21052631578948,0.047705263157894744,283,0.6360424028268551,104.68904593639576,0.5867236749116608,125227,0,0,1514.8772070407867
DR,4,8704000,76,0.15789473684210525,223.92105263157896,0.10967368421052633,283,0.6784452296819788,95.63604240282686,0.6235547703180212,125227,0,0,1514.8772070407867
DR,4,9216000,76,0.13157894736842105,225.03947368421052,0.10301578947368421,283,0.6925795053003534,92.27915194346289,0.6370530035335689,125227,0,0,1514.8772070407867
DR,4,9728000,76,0.05263157894736842,238.52631578947367,0.04656842105263158,283,0.734982332155477,83.02473498233215,0.674609187279152,125227,0,0,1514.8772070407867
DR,4,10240000,76,0.07894736842105263,232.43421052631578,0.07113157894736843,283,0.7208480565371025,86.84098939929329,0.6594572438162544,125227,0,0,1514.8772070407867
DR,6,0,76,0.0,250.0,0.0,283,0.0,250.0,0.0,124774,0,0,1515.4360167980194
DR,6,512000,76,0.0,250.0,0.0,283,0.4734982332155477,138.9964664310954,0.44696254416961134,124774,0,0,1515.4360167980194
DR,6,1024000,76,0.0,250.0,0.0,283,0.5724381625441696,118.43109540636043,0.5308918727915194,124774,0,0,1515.4360167980194
DR,6,1536000,76,0.05263157894736842,242.8421052631579,0.031031578947368417,283,0.5936395759717314,112.57950530035336,0.5540777385159011,124774,0,0,1515.4360167980194
DR,6,2048000,76,0.05263157894736842,238.44736842105263,0.04685263157894737,283,0.6325088339222615,105.21908127208481,0.5844621908127208,124774,0,0,1515.4360167980194
DR,6,2560000,76,0.13157894736842105,224.56578947368422,0.10472105263157895,283,0.657243816254417,97.99293286219081,0.6129498233215549,124774,0,0,1515.4360167980194
DR,6,3072000,76,0.0,250.0,0.0,283,0.6113074204946997,108.45936395759718,0.5706770318021201,124774,0,0,1515.4360167980194
DR,6,3584000,76,0.039473684210526314,242.53947368421052,0.030805263157894735,283,0.6607773851590106,98.17667844522968,0.6126416961130741,124774,0,0,1515.4360167980194
DR,6,4096000,76,0.0,250.0,0.0,283,0.7173144876325088,87.03886925795052,0.6583915194346289,124774,0,0,1515.4360167980194
DR,6,4608000,76,0.05263157894736842,238.07894736842104,0.04817894736842105,283,0.6643109540636042,96.76678445229682,0.6180706713780918,124774,0,0,1515.4360167980194
DR,6,5120000,76,0.05263157894736842,242.8421052631579,0.031031578947368417,283,0.7067137809187279,89.27915194346289,0.6492664310954063,124774,0,0,1515.4360167980194
DR,6,5632000,76,0.09210526315789473,233.9078947368421,0.06714210526315789,283,0.6996466431095406,90.65017667844523,0.6436240282685513,124774,0,0,1515.4360167980194
DR,6,6144000,76,0.0,250.0,0.0,283,0.6537102473498233,100.10600706713781,0.6049893992932862,124774,0,0,1515.4360167980194
DR,6,6656000,76,0.02631578947368421,244.03947368421052,0.024089473684210525,283,0.696113074204947,90.59010600706713,0.643486925795053,124774,0,0,1515.4360167980194
DR,6,7168000,76,0.02631578947368421,244.03947368421052,0.024089473684210525,283,0.6713780918727915,95.50883392226149,0.6233060070671378,124774,0,0,1515.4360167980194
DR,6,7680000,76,0.0,250.0,0.0,283,0.7243816254416962,84.91872791519435,0.6667307420494699,124774,0,0,1515.4360167980194
DR,6,8192000,76,0.10526315789473684,234.05263157894737,0.06793684210526316,283,0.7314487632508834,82.91166077738517,0.6746628975265019,124774,0,0,1515.4360167980194
DR,6,8704000,76,0.0,250.0,0.0,283,0.6537102473498233,99.6678445229682,0.6065667844522968,124774,0,0,1515.4360167980194
DR,6,9216000,76,0.02631578947368421,244.03947368421052,0.024089473684210525,283,0.7137809187279152,87.27915194346289,0.6571731448763252,124774,0,0,1515.4360167980194
DR,6,9728000,76,0.05263157894736842,240.23684210526315,0.04041052631578947,283,0.6890459363957597,92.26855123674912,0.6367378091872792,124774,0,0,1515.4360167980194
DR,6,10240000,76,0.05263157894736842,241.42105263157896,0.036147368421052636,283,0.696113074204947,90.89752650176679,0.6423802120141343,124774,0,0,1515.4360167980194
