config,seed,step,adv/n,adv/success,adv/mean_steps,adv/mean_return,adv/cvar,calib_dev/n,calib_dev/success,calib_dev/mean_steps,calib_dev/mean_return,calib_test/n,calib_test/success,calib_test/mean_steps,calib_test/mean_return,random/n,random/success,random/mean_steps,random/mean_return,verifai_dev/n,verifai_dev/success,verifai_dev/mean_steps,verifai_dev/mean_return,verifai_test/n,verifai_test/success,verifai_test/mean_steps,verifai_test/mean_return,episodes,replays,scouted_steps,wall_time_sec,commit
sfl_carry_mem,1,0,2000,0.0,200.0,-1173.998804114252,0.0,1000,0.0,200.0,-1093.1660235504573,1000,0.0,200.0,-1107.8021601966182,264,0.0,200.0,-1185.6401209241528,1000,0.0,200.0,-1152.5205385664292,1000,0.0,200.0,-1160.7361908494179,12288,6236,384000000,652.3134188652039,ab16711
sfl_carry_mem,1,245760,2000,0.182,200.0,-852.3480812330288,0.0,1000,0.052,200.0,-867.5369774664664,1000,0.052,200.0,-876.6850118435076,264,0.17803030303030304,200.0,-850.7897065853882,1000,0.015,200.0,-978.231776403442,1000,0.015,200.0,-983.1005664665822,12288,6236,384000000,652.3134188652039,ab16711
sfl_carry_mem,1,491520,2000,0.004,200.0,-900.9960012418696,0.0,1000,0.0,200.0,-989.5705575870151,1000,0.0,200.0,-994.2948573590994,264,0.0,200.0,-912.0634883216852,1000,0.0,200.0,-1068.3768465302833,1000,0.0,200.0,-1074.1402917430985,12288,6236,384000000,652.3134188652039,ab16711
sfl_carry_mem,1,737280,2000,0.0375,200.0,-923.7576584810819,0.0,1000,0.012,200.0,-993.7039464205299,1000,0.016,200.0,-993.1073792901358,264,0.04924242424242424,200.0,-911.5684481191206,1000,0.003,200.0,-1098.0503881602435,1000,0.0,200.0,-1104.6280521834158,12288,6236,384000000,652.3134188652039,ab16711
sfl_carry_mem,1,983040,2000,0.0335,200.0,-816.1149371397926,0.0,1000,0.002,200.0,-984.5975936620288,1000,0.002,200.0,-981.1531453792269,264,0.04924242424242424,200.0,-802.3063063186528,1000,0.001,200.0,-1088.4066141238588,1000,0.001,200.0,-1092.5380332892498,12288,6236,384000000,652.3134188652039,ab16711
sfl_carry_mem,1,1228800,2000,0.417,200.0,-740.0335468075677,0.0,1000,0.07,200.0,-1108.8616953489618,1000,0.071,200.0,-1102.912234174864,264,0.4318181818181818,200.0,-721.3897312561065,1000,0.036,200.0,-1189.912932578377,1000,0.033,200.0,-1194.9133844238431,12288,6236,384000000,652.3134188652039,ab16711
sfl_carry_mem,1,1474560,2000,0.5435,200.0,-575.9400387289828,0.0,1000,0.227,200.0,-891.8068442333205,1000,0.239,200.0,-881.0986930404415,264,0.553030303030303,200.0,-566.7090514131985,1000,0.11,200.0,-1072.7501927574629,1000,0.114,200.0,-1069.594036017213,12288,6236,384000000,652.3134188652039,ab16711
sfl_carry_mem,1,1720320,2000,0.471,200.0,-683.2655418357679,0.0,1000,0.166,200.0,-1011.8222658340874,1000,0.166,200.0,-1004.9657270653522,264,0.48484848484848486,200.0,-664.7889352670388,1000,0.087,200.0,-1143.3633012766609,1000,0.086,200.0,-1145.4012492962884,12288,6236,384000000,652.3134188652039,ab16711
sfl_carry_mem,1,1966080,2000,0.564,200.0,-557.6373338265216,0.0,1000,0.245,200.0,-875.5855670169766,1000,0.252,200.0,-865.4110293279078,264,0.5643939393939394,200.0,-550.5057716736178,1000,0.101,200.0,-1078.2345686191873,1000,0.103,200.0,-1076.1543269827118,12288,6236,384000000,652.3134188652039,ab16711
sfl_carry_mem,1,2211840,2000,0.569,200.0,-527.1882846453407,0.0,1000,0.212,200.0,-869.9929095872573,1000,0.224,200.0,-862.568396141615,264,0.5757575757575758,200.0,-527.8063095280904,1000,0.068,200.0,-1079.1138338115984,1000,0.077,200.0,-1072.7985595116486,12288,6236,384000000,652.3134188652039,ab16711
sfl_carry_mem,1,2457600,2000,0.5975,200.0,-506.37873231177457,0.02,1000,0.277,200.0,-826.0991213278401,1000,0.276,200.0,-826.3065447653626,264,0.5795454545454546,200.0,-518.3225383722962,1000,0.101,200.0,-1058.0414684737827,1000,0.103,200.0,-1054.887699644617,12288,6236,384000000,652.3134188652039,ab16711
sfl_carry0,2,0,2000,0.0,200.0,-1521.9974260861866,0.0,1000,0.0,200.0,-1361.5277876307646,1000,0.0,200.0,-1353.7147008008596,264,0.0,200.0,-1503.2738249648396,1000,0.0,200.0,-1275.190183531893,1000,0.0,200.0,-1277.805662077324,12288,6071,384000000,652.0519399642944,ab16711
sfl_carry0,2,245760,2000,0.0,200.0,-1097.0820230883025,0.0,1000,0.0,200.0,-1139.2994740604297,1000,0.0,200.0,-1136.5342559965814,264,0.0,200.0,-1130.1213120682512,1000,0.0,200.0,-1180.2687638243037,1000,0.0,200.0,-1186.511039878521,12288,6071,384000000,652.0519399642944,ab16711
sfl_carry0,2,491520,2000,0.0,200.0,-995.9157596017066,0.0,1000,0.0,200.0,-954.3211277296604,1000,0.0,200.0,-949.3992725200014,264,0.0,200.0,-978.0436335355147,1000,0.0,200.0,-1004.4072209561554,1000,0.0,200.0,-1002.9581565364857,12288,6071,384000000,652.0519399642944,ab16711
sfl_carry0,2,737280,2000,0.254,200.0,-804.0390526280003,0.0,1000,0.055,200.0,-1000.1864601568186,1000,0.079,200.0,-985.2700316586102,264,0.22348484848484848,200.0,-820.0595233021727,1000,0.029,200.0,-1108.065223490511,1000,0.027,200.0,-1114.3226520759779,12288,6071,384000000,652.0519399642944,ab16711
sfl_carry0,2,983040,2000,0.396,200.0,-787.5674355506178,0.0,1000,0.038,200.0,-1171.5639589075045,1000,0.048,200.0,-1158.7627949441821,264,0.4128787878787879,200.0,-765.4903705576236,1000,0.028,200.0,-1226.3234359020792,1000,0.026,200.0,-1231.0703072388,12288,6071,384000000,652.0519399642944,ab16711
sfl_carry0,2,1228800,2000,0.454,200.0,-659.4047473529421,0.0,1000,0.141,200.0,-966.1259674411295,1000,0.158,200.0,-952.9922747652779,264,0.4772727272727273,200.0,-645.0997402774929,1000,0.067,200.0,-1098.6300926913725,1000,0.054,200.0,-1112.111230293415,12288,6071,384000000,652.0519399642944,ab16711
sfl_carry0,2,1474560,2000,0.4915,200.0,-623.6570923609327,0.0,1000,0.173,200.0,-932.8196644775447,1000,0.175,200.0,-926.9036481561828,264,0.5037878787878788,200.0,-611.183522056699,1000,0.067,200.0,-1099.8343587931656,1000,0.062,200.0,-1103.204932578931,12288,6071,384000000,652.0519399642944,ab16711
sfl_carry0,2,1720320,2000,0.522,200.0,-586.532595419482,0.0,1000,0.182,200.0,-909.6561629797178,1000,0.19,200.0,-905.2169910964608,264,0.5340909090909091,200.0,-573.7584430893617,1000,0.052,200.0,-1101.121023219127,1000,0.053,200.0,-1101.3063031482636,12288,6071,384000000,652.0519399642944,ab16711
sfl_carry0,2,1966080,2000,0.5505,200.0,-575.8618488549232,0.0,1000,0.228,200.0,-895.8427591817281,1000,0.225,200.0,-893.2632771137601,264,0.5606060606060606,200.0,-560.3167935097358,1000,0.082,200.0,-1095.0493851697809,1000,0.093,200.0,-1087.2556395300985,12288,6071,384000000,652.0519399642944,ab16711
sfl_carry0,2,2211840,2000,0.6055,200.0,-451.01635656157265,0.0,1000,0.244,200.0,-766.992315666813,1000,0.261,200.0,-753.275130225381,264,0.6098484848484849,200.0,-448.03056036954206,1000,0.094,200.0,-988.4908294065103,1000,0.093,200.0,-989.5528716817751,12288,6071,384000000,652.0519399642944,ab16711
sfl_carry0,2,2457600,2000,0.7395,200.0,-362.29868995924795,0.21,1000,0.423,200.0,-650.4870927702252,1000,0.408,200.0,-658.2765970193675,264,0.75,200.0,-346.46557770944867,1000,0.219,200.0,-878.1805474413835,1000,0.241,200.0,-869.3581868144895,12288,6071,384000000,652.0519399642944,ab16711
sfl_carry_mem,3,0,2000,0.0,200.0,-1428.1254448119207,0.0,1000,0.0,200.0,-1287.5001795742053,1000,0.0,200.0,-1277.8844788234112,264,0.0,200.0,-1428.8877681946033,1000,0.0,200.0,-1216.1033090086491,1000,0.0,200.0,-1223.3721131209893,12288,6093,384000000,652.3152420520782,ab16711
sfl_carry_mem,3,245760,2000,0.323,200.0,-815.7188796614989,0.0,1000,0.025,200.0,-1110.3208766484408,1000,0.028,200.0,-1106.3845839850014,264,0.32954545454545453,200.0,-806.1539402963928,1000,0.014,200.0,-1170.3880508730715,1000,0.011,200.0,-1177.2994242676243,12288,6093,384000000,652.3152420520782,ab16711
sfl_carry_mem,3,491520,2000,0.217,200.0,-713.0799281419391,0.0,1000,0.02,200.0,-938.0686840024441,1000,0.028,200.0,-931.7010955623527,264,0.20075757575757575,200.0,-715.8840581758743,1000,0.01,200.0,-1039.26508860446,1000,0.007,200.0,-1046.940217709209,12288,6093,384000000,652.3152420520782,ab16711
sfl_carry_mem,3,737280,2000,0.376,200.0,-841.4008362970648,0.0,1000,0.015,200.0,-1237.0236949875855,1000,0.022,200.0,-1225.1498788105935,264,0.3939393939393939,200.0,-814.5353955247114,1000,0.009,200.0,-1284.4440472321023,1000,0.009,200.0,-1288.5880163716838,12288,6093,384000000,652.3152420520782,ab16711
sfl_carry_mem,3,983040,2000,0.369,200.0,-787.3711825727909,0.0,1000,0.013,200.0,-1145.4735339260326,1000,0.021,200.0,-1135.6582993675636,264,0.39015151515151514,200.0,-768.4592164007232,1000,0.009,200.0,-1197.5368576972612,1000,0.009,200.0,-1203.4325502427441,12288,6093,384000000,652.3152420520782,ab16711
sfl_carry_mem,3,1228800,2000,0.3835,200.0,-731.6718941233207,0.0,1000,0.027,200.0,-1071.631377319694,1000,0.032,200.0,-1068.5407242420222,264,0.3977272727272727,200.0,-719.377111883659,1000,0.025,200.0,-1132.6014070176943,1000,0.029,200.0,-1133.3499340680805,12288,6093,384000000,652.3152420520782,ab16711
sfl_carry_mem,3,1474560,2000,0.433,200.0,-608.5508307162853,0.0,1000,0.091,200.0,-914.837520808038,1000,0.106,200.0,-904.6751135217327,264,0.4810606060606061,200.0,-575.0507090670642,1000,0.056,200.0,-1030.8043534260137,1000,0.049,200.0,-1036.145388383809,12288,6093,384000000,652.3152420520782,ab16711
sfl_carry_mem,3,1720320,2000,0.4475,200.0,-592.9843369041047,0.0,1000,0.106,200.0,-901.7859922932611,1000,0.118,200.0,-896.3184862558933,264,0.48484848484848486,200.0,-567.6370530483672,1000,0.055,200.0,-1031.7038421445911,1000,0.059,200.0,-1035.5115044883044,12288,6093,384000000,652.3152420520782,ab16711
sfl_carry_mem,3,1966080,2000,0.4855,200.0,-618.8790138864905,0.0,1000,0.145,200.0,-923.5579827355123,1000,0.146,200.0,-919.8892095269807,264,0.5303030303030303,200.0,-579.7172586424042,1000,0.08,200.0,-1049.1169754356442,1000,0.095,200.0,-1040.268961303062,12288,6093,384000000,652.3152420520782,ab16711
sfl_carry_mem,3,2211840,2000,0.434,200.0,-644.9325891780733,0.0,1000,0.08,200.0,-924.6744676689933,1000,0.087,200.0,-925.2093538344208,264,0.4810606060606061,200.0,-600.6897988739131,1000,0.036,200.0,-1042.9314445411753,1000,0.04,200.0,-1050.9623989718384,12288,6093,384000000,652.3152420520782,ab16711
sfl_carry_mem,3,2457600,2000,0.4985,200.0,-593.9054225194095,0.0,1000,0.161,200.0,-884.9841621187611,1000,0.159,200.0,-892.075779034608,264,0.5378787878787878,200.0,-549.368921867669,1000,0.067,200.0,-1038.1696954031017,1000,0.072,200.0,-1041.5577350988688,12288,6093,384000000,652.3152420520782,ab16711
sfl_carry_mem,2,0,2000,0.0,200.0,-1352.3865141326783,0.0,1000,0.0,200.0,-1175.6744342921177,1000,0.0,200.0,-1173.1533342700916,264,0.0,200.0,-1348.669380147537,1000,0.0,200.0,-1129.9694802683814,1000,0.0,200.0,-1137.1906763002896,12288,6173,384000000,653.4723470211029,ab16711
sfl_carry_mem,2,245760,2000,0.338,200.0,-777.9455631549785,0.0,1000,0.007,200.0,-1105.616729087957,1000,0.011,200.0,-1105.1833541914573,264,0.35984848484848486,200.0,-758.2521435696556,1000,0.006,200.0,-1145.7258040941767,1000,0.004,200.0,-1155.6889704420378,12288,6173,384000000,653.4723470211029,ab16711
sfl_carry_mem,2,491520,2000,0.06,200.0,-822.588676558229,0.0,1000,0.001,200.0,-984.4250219647186,1000,0.003,200.0,-988.8073777727218,264,0.07196969696969698,200.0,-808.8493043475652,1000,0.0,200.0,-1062.3548565432104,1000,0.001,200.0,-1068.4728706846004,12288,6173,384000000,653.4723470211029,ab16711
sfl_carry_mem,2,737280,2000,0.3245,200.0,-755.2512051064251,0.0,1000,0.065,200.0,-998.8434923792549,1000,0.078,200.0,-991.9376801658009,264,0.3409090909090909,200.0,-755.7067372343344,1000,0.051,200.0,-1064.1036422530824,1000,0.032,200.0,-1082.9028001782788,12288,6173,384000000,653.4723470211029,ab16711
sfl_carry_mem,2,983040,2000,0.4265,200.0,-745.733510791636,0.0,1000,0.062,200.0,-1133.2838501742588,1000,0.065,200.0,-1130.5826234944293,264,0.45075757575757575,200.0,-723.4620016642525,1000,0.05,200.0,-1178.69734557107,1000,0.049,200.0,-1188.0402315903682,12288,6173,384000000,653.4723470211029,ab16711
sfl_carry_mem,2,1228800,2000,0.494,200.0,-657.2237594477343,0.0,1000,0.151,200.0,-1010.3206580954425,1000,0.157,200.0,-1002.4729997994406,264,0.5227272727272727,200.0,-626.6425938801572,1000,0.136,200.0,-1070.0090987861354,1000,0.125,200.0,-1084.0985938979682,12288,6173,384000000,653.4723470211029,ab16711
sfl_carry_mem,2,1474560,2000,0.523,200.0,-588.6346873678183,0.0,1000,0.162,200.0,-951.7222714020908,1000,0.174,200.0,-943.2622213708086,264,0.5568181818181818,200.0,-560.4303004773622,1000,0.106,200.0,-1051.1368639272712,1000,0.099,200.0,-1062.9353844206773,12288,6173,384000000,653.4723470211029,ab16711
sfl_carry_mem,2,1720320,2000,0.535,200.0,-592.2359393834877,0.0,1000,0.174,200.0,-960.4205447262578,1000,0.186,200.0,-954.1861015590617,264,0.5681818181818182,200.0,-559.9950235027371,1000,0.123,200.0,-1051.2691571373389,1000,0.126,200.0,-1056.814230170433,12288,6173,384000000,653.4723470211029,ab16711
sfl_carry_mem,2,1966080,2000,0.5655,200.0,-569.2678333561504,0.0,1000,0.225,200.0,-928.2634499866278,1000,0.23,200.0,-925.12241323171,264,0.5871212121212122,200.0,-546.0739432931117,1000,0.181,200.0,-1018.9152430090604,1000,0.174,200.0,-1029.7030045369231,12288,6173,384000000,653.4723470211029,ab16711
sfl_carry_mem,2,2211840,2000,0.549,200.0,-558.1855976655914,0.0,1000,0.159,200.0,-944.8677793495001,1000,0.164,200.0,-943.0355942344188,264,0.5871212121212122,200.0,-532.0313969705192,1000,0.096,200.0,-1053.996682365567,1000,0.083,200.0,-1070.506806011624,12288,6173,384000000,653.4723470211029,ab16711
sfl_carry_mem,2,2457600,2000,0.524,200.0,-567.8364982730383,0.0,1000,0.128,200.0,-960.3234274449342,1000,0.139,200.0,-955.0550284839753,264,0.5454545454545454,200.0,-552.6914719169031,1000,0.075,200.0,-1068.9998995800331,1000,0.062,200.0,-1087.3811846077044,12288,6173,384000000,653.4723470211029,ab16711
sfl_spread_carry0,1,0,2000,0.0,200.0,-1535.5406071504797,0.0,1000,0.0,200.0,-1361.1731232009502,1000,0.0,200.0,-1358.0724045498641,264,0.0,200.0,-1518.8714899105298,1000,0.0,200.0,-1292.1103703652534,1000,0.0,200.0,-1300.8245185240871,12288,6161,384000000,654.2469317913055,ab16711
sfl_spread_carry0,1,245760,2000,0.109,200.0,-658.7590580041492,0.0,1000,0.022,200.0,-803.7683328385358,1000,0.021,200.0,-811.7110953222935,264,0.0946969696969697,200.0,-689.1663469296076,1000,0.003,200.0,-936.4118104473077,1000,0.003,200.0,-941.8812379896452,12288,6161,384000000,654.2469317913055,ab16711
sfl_spread_carry0,1,491520,2000,0.0855,200.0,-766.4346995389827,0.0,1000,0.013,200.0,-922.672100506525,1000,0.014,200.0,-920.5691525458437,264,0.06818181818181818,200.0,-769.3089414897175,1000,0.008,200.0,-1032.1685438669042,1000,0.004,200.0,-1041.1621190864928,12288,6161,384000000,654.2469317913055,ab16711
sfl_spread_carry0,1,737280,2000,0.38,200.0,-579.3958429713067,0.0,1000,0.078,200.0,-833.385185421816,1000,0.07,200.0,-836.1661734647895,264,0.42803030303030304,200.0,-555.329082946096,1000,0.044,200.0,-941.0279487305703,1000,0.037,200.0,-947.5356172997501,12288,6161,384000000,654.2469317913055,ab16711
sfl_spread_carry0,1,983040,2000,0.539,200.0,-432.93698516986734,0.0,1000,0.218,200.0,-686.3020293576736,1000,0.2,200.0,-691.8171067080214,264,0.5378787878787878,200.0,-430.9375933091079,1000,0.085,200.0,-882.3127180404618,1000,0.085,200.0,-880.5695775251747,12288,6161,384000000,654.2469317913055,ab16711
sfl_spread_carry0,1,1228800,2000,0.604,200.0,-421.3354209970457,0.01,1000,0.26,200.0,-714.4159913884175,1000,0.29,200.0,-703.8826758487627,264,0.6287878787878788,200.0,-410.01413078430846,1000,0.134,200.0,-909.6077556801399,1000,0.135,200.0,-909.2236022485691,12288,6161,384000000,654.2469317913055,ab16711
sfl_spread_carry0,1,1474560,2000,0.728,200.0,-338.0581132817023,0.095,1000,0.365,200.0,-626.8188295295444,1000,0.375,200.0,-626.9638181291822,264,0.7083333333333334,200.0,-345.3782040679953,1000,0.144,200.0,-880.0252207289126,1000,0.167,200.0,-867.3585655082485,12288,6161,384000000,654.2469317913055,ab16711
sfl_spread_carry0,1,1720320,2000,0.8835,200.0,-237.027907183561,0.35,1000,0.655,200.0,-455.56512181227595,1000,0.649,200.0,-456.8644552841256,264,0.875,200.0,-248.0944576421073,1000,0.368,200.0,-726.4760611354559,1000,0.377,200.0,-720.991204648539,12288,6161,384000000,654.2469317913055,ab16711
sfl_spread_carry0,1,1966080,2000,0.9055,200.0,-197.54135212191605,0.5,1000,0.678,200.0,-411.2543833569095,1000,0.668,200.0,-420.26181733199644,264,0.9242424242424242,200.0,-197.96383129522582,1000,0.339,200.0,-699.869758414259,1000,0.365,200.0,-691.0586626548145,12288,6161,384000000,654.2469317913055,ab16711
sfl_spread_carry0,1,2211840,2000,0.8905,200.0,-223.42334874420908,0.475,1000,0.68,200.0,-437.8314604257381,1000,0.697,200.0,-430.65187478420387,264,0.875,200.0,-236.61910203406694,1000,0.34,200.0,-717.7473363250177,1000,0.368,200.0,-710.1681948346368,12288,6161,384000000,654.2469317913055,ab16711
sfl_spread_carry0,1,2457600,2000,0.9395,200.0,-175.4878983949841,0.585,1000,0.783,200.0,-352.93848141036256,1000,0.777,200.0,-355.56278483086066,264,0.9393939393939394,200.0,-176.0473821753074,1000,0.456,200.0,-619.8199096190613,1000,0.49,200.0,-608.9373555835881,12288,6161,384000000,654.2469317913055,ab16711
sfl_spread_carry0,3,0,2000,0.0,200.0,-1104.877176152805,0.0,1000,0.0,200.0,-1027.620464497468,1000,0.0,200.0,-1041.1133528321457,264,0.0,200.0,-1120.5622359217346,1000,0.0,200.0,-1090.0467804187667,1000,0.0,200.0,-1103.7527587263905,12288,6221,384000000,654.4670259952545,ab16711
sfl_spread_carry0,3,245760,2000,0.2865,200.0,-666.0847450245043,0.0,1000,0.033,200.0,-920.5419512099782,1000,0.037,200.0,-919.8545696188784,264,0.2803030303030303,200.0,-681.8302651642931,1000,0.01,200.0,-1022.1473481350148,1000,0.013,200.0,-1028.5391055453028,12288,6221,384000000,654.4670259952545,ab16711
sfl_spread_carry0,3,491520,2000,0.3205,200.0,-813.5933817495604,0.0,1000,0.011,200.0,-1136.0849286017274,1000,0.018,200.0,-1129.4554375531557,264,0.3181818181818182,200.0,-814.4150323076738,1000,0.008,200.0,-1182.6013877694377,1000,0.009,200.0,-1187.9404551954713,12288,6221,384000000,654.4670259952545,ab16711
sfl_spread_carry0,3,737280,2000,0.3395,200.0,-707.8277588426378,0.0,1000,0.033,200.0,-1026.4784158809493,1000,0.038,200.0,-1028.8683970444074,264,0.36363636363636365,200.0,-694.5047610094001,1000,0.018,200.0,-1099.809595624045,1000,0.018,200.0,-1106.3667081488595,12288,6221,384000000,654.4670259952545,ab16711
sfl_spread_carry0,3,983040,2000,0.0345,200.0,-851.458032286284,0.0,1000,0.004,200.0,-888.3973881761758,1000,0.001,200.0,-905.6680638091468,264,0.056818181818181816,200.0,-831.6152069510663,1000,0.0,200.0,-998.3053156417326,1000,0.004,200.0,-1000.25337089625,12288,6221,384000000,654.4670259952545,ab16711
sfl_spread_carry0,3,1228800,2000,0.2075,200.0,-885.8833119406763,0.0,1000,0.007,200.0,-979.2390739312631,1000,0.017,200.0,-980.8186036478103,264,0.23863636363636365,200.0,-829.3950519089569,1000,0.005,200.0,-1023.2920751683955,1000,0.005,200.0,-1031.0927883630852,12288,6221,384000000,654.4670259952545,ab16711
sfl_spread_carry0,3,1474560,2000,0.3915,200.0,-574.7666419366168,0.0,1000,0.082,200.0,-851.881701003475,1000,0.069,200.0,-866.8287826386204,264,0.375,200.0,-576.1161390274632,1000,0.017,200.0,-1003.4481570915851,1000,0.015,200.0,-1011.076594186777,12288,6221,384000000,654.4670259952545,ab16711
sfl_spread_carry0,3,1720320,2000,0.4825,200.0,-535.1616502003997,0.0,1000,0.15,200.0,-823.4318329320788,1000,0.142,200.0,-830.7662504997135,264,0.5265151515151515,200.0,-508.40046863313324,1000,0.069,200.0,-1003.500763777806,1000,0.079,200.0,-1000.7060341714432,12288,6221,384000000,654.4670259952545,ab16711
sfl_spread_carry0,3,1966080,2000,0.5875,200.0,-489.94027828575145,0.01,1000,0.254,200.0,-771.3856131096694,1000,0.23,200.0,-795.5667433985788,264,0.5454545454545454,200.0,-483.46829404435243,1000,0.076,200.0,-996.9241004534596,1000,0.103,200.0,-989.9658623128827,12288,6221,384000000,654.4670259952545,ab16711
sfl_spread_carry0,3,2211840,2000,0.5625,200.0,-522.8271012042774,0.0,1000,0.21,200.0,-821.5650920447824,1000,0.196,200.0,-842.473382029795,264,0.5378787878787878,200.0,-529.9470750733481,1000,0.077,200.0,-1014.8981768316334,1000,0.077,200.0,-1018.9741311442762,12288,6221,384000000,654.4670259952545,ab16711
sfl_spread_carry0,3,2457600,2000,0.6405,200.0,-473.5295738498721,0.095,1000,0.338,200.0,-741.4792480140836,1000,0.319,200.0,-763.8239079190248,264,0.6287878787878788,200.0,-453.953657624614,1000,0.148,200.0,-975.9233159290515,1000,0.171,200.0,-967.1253066005845,12288,6221,384000000,654.4670259952545,ab16711
sfl_carry_mem,4,0,2000,0.0,200.0,-1450.94677311937,0.0,1000,0.0,200.0,-1270.9057549137226,1000,0.0,200.0,-1258.2466061362536,264,0.0,200.0,-1412.3769550110715,1000,0.0,200.0,-1209.6159656092361,1000,0.0,200.0,-1223.731526056588,12288,6200,384000000,654.3304460048676,ab16711
sfl_carry_mem,4,245760,2000,0.3095,200.0,-702.2392124964492,0.0,1000,0.016,200.0,-983.4940855454859,1000,0.023,200.0,-983.576377472966,264,0.3371212121212121,200.0,-676.5017554457555,1000,0.011,200.0,-1051.4669553440717,1000,0.008,200.0,-1059.34842161224,12288,6200,384000000,654.3304460048676,ab16711
sfl_carry_mem,4,491520,2000,0.3425,200.0,-780.6634919459859,0.0,1000,0.021,200.0,-1109.995861108066,1000,0.024,200.0,-1108.3204362851457,264,0.3522727272727273,200.0,-777.1706729041539,1000,0.01,200.0,-1168.532917571555,1000,0.011,200.0,-1173.8937875051656,12288,6200,384000000,654.3304460048676,ab16711
sfl_carry_mem,4,737280,2000,0.3625,200.0,-749.9681358407029,0.0,1000,0.025,200.0,-1093.5944288842722,1000,0.031,200.0,-1089.4764164785179,264,0.375,200.0,-745.1968859375755,1000,0.012,200.0,-1155.9435440018863,1000,0.017,200.0,-1158.7345117687103,12288,6200,384000000,654.3304460048676,ab16711
sfl_carry_mem,4,983040,2000,0.3715,200.0,-850.5046050403716,0.0,1000,0.011,200.0,-1262.8768604270065,1000,0.022,200.0,-1248.2936874822474,264,0.39015151515151514,200.0,-826.8749027491832,1000,0.01,200.0,-1299.0239429679386,1000,0.015,200.0,-1301.6763789581837,12288,6200,384000000,654.3304460048676,ab16711
sfl_carry_mem,4,1228800,2000,0.378,200.0,-817.1347229972653,0.0,1000,0.015,200.0,-1208.3521471160116,1000,0.03,200.0,-1190.9786406326496,264,0.4015151515151515,200.0,-792.151835988109,1000,0.011,200.0,-1250.8806415058732,1000,0.017,200.0,-1252.1257181953797,12288,6200,384000000,654.3304460048676,ab16711
sfl_carry_mem,4,1474560,2000,0.419,200.0,-700.7703323762724,0.0,1000,0.064,200.0,-1050.5280593313441,1000,0.069,200.0,-1044.6772733828443,264,0.45454545454545453,200.0,-670.2957360803772,1000,0.041,200.0,-1119.5598777602668,1000,0.049,200.0,-1118.0249583291472,12288,6200,384000000,654.3304460048676,ab16711
sfl_carry_mem,4,1720320,2000,0.4315,200.0,-683.5453902310071,0.0,1000,0.07,200.0,-1030.958554788248,1000,0.076,200.0,-1025.7737897215402,264,0.4431818181818182,200.0,-666.1934065210605,1000,0.042,200.0,-1107.1947121150738,1000,0.048,200.0,-1107.0217196761514,12288,6200,384000000,654.3304460048676,ab16711
sfl_carry_mem,4,1966080,2000,0.476,200.0,-619.4402143567523,0.0,1000,0.127,200.0,-944.4071076659758,1000,0.132,200.0,-936.5987343144809,264,0.5151515151515151,200.0,-587.9314715858361,1000,0.066,200.0,-1060.6344667080111,1000,0.072,200.0,-1059.409342571722,12288,6200,384000000,654.3304460048676,ab16711
sfl_carry_mem,4,2211840,2000,0.457,200.0,-616.4664180059235,0.0,1000,0.087,200.0,-947.5311383377486,1000,0.098,200.0,-937.087177001254,264,0.4810606060606061,200.0,-591.7865711108963,1000,0.046,200.0,-1063.7908671841644,1000,0.05,200.0,-1064.880693117177,12288,6200,384000000,654.3304460048676,ab16711
sfl_carry_mem,4,2457600,2000,0.517,200.0,-599.0097488174941,0.0,1000,0.156,200.0,-927.7549761663205,1000,0.148,200.0,-929.4149652203745,264,0.5454545454545454,200.0,-573.5237012438611,1000,0.082,200.0,-1054.1769072511554,1000,0.091,200.0,-1052.3744584786639,12288,6200,384000000,654.3304460048676,ab16711
sfl_spread_carry0,2,0,2000,0.0015,200.0,-1244.1859752738765,0.0,1000,0.0,200.0,-1237.8977293113326,1000,0.0,200.0,-1238.6595744681852,264,0.003787878787878788,200.0,-1234.2204099545236,1000,0.0,200.0,-1258.6806475835497,1000,0.0,200.0,-1269.6761268419382,12288,6179,384000000,654.9458401203156,ab16711
sfl_spread_carry0,2,245760,2000,0.2455,200.0,-678.7160001947188,0.0,1000,0.068,200.0,-829.083572445537,1000,0.087,200.0,-821.8753199227801,264,0.29924242424242425,200.0,-653.9495630138408,1000,0.032,200.0,-989.5211961986262,1000,0.027,200.0,-995.9163075674409,12288,6179,384000000,654.9458401203156,ab16711
sfl_spread_carry0,2,491520,2000,0.5055,200.0,-516.1853416046218,0.0,1000,0.2,200.0,-770.4434439360244,1000,0.201,200.0,-772.3289605717055,264,0.48484848484848486,200.0,-534.9585615695844,1000,0.083,200.0,-965.4408739482495,1000,0.087,200.0,-961.5295483950341,12288,6179,384000000,654.9458401203156,ab16711
sfl_spread_carry0,2,737280,2000,0.005,200.0,-1148.2695370574172,0.0,1000,0.0,200.0,-1051.7144834433946,1000,0.0,200.0,-1056.1315674605767,264,0.003787878787878788,200.0,-1114.227105715842,1000,0.0,200.0,-1035.871859242626,1000,0.0,200.0,-1038.92175791673,12288,6179,384000000,654.9458401203156,ab16711
sfl_spread_carry0,2,983040,2000,0.4105,200.0,-617.9154331322108,0.0,1000,0.102,200.0,-903.1310864154368,1000,0.107,200.0,-903.6389434317654,264,0.42424242424242425,200.0,-612.2300244333321,1000,0.031,200.0,-1058.077422180693,1000,0.031,200.0,-1058.6036423665782,12288,6179,384000000,654.9458401203156,ab16711
sfl_spread_carry0,2,1228800,2000,0.422,200.0,-574.0163451201748,0.0,1000,0.132,200.0,-818.1185640131554,1000,0.133,200.0,-821.152842549501,264,0.4166666666666667,200.0,-588.0054441464342,1000,0.064,200.0,-971.2668878650303,1000,0.063,200.0,-978.5513297782708,12288,6179,384000000,654.9458401203156,ab16711
sfl_spread_carry0,2,1474560,2000,0.5215,200.0,-576.6874370092766,0.0,1000,0.207,200.0,-866.9907488990632,1000,0.193,200.0,-874.0285354394834,264,0.5416666666666666,200.0,-558.5074076126867,1000,0.053,200.0,-1071.2413967380865,1000,0.062,200.0,-1070.259276331143,12288,6179,384000000,654.9458401203156,ab16711
sfl_spread_carry0,2,1720320,2000,0.539,200.0,-530.1518577455702,0.0,1000,0.176,200.0,-847.7282071381672,1000,0.189,200.0,-838.204454445439,264,0.5568181818181818,200.0,-516.4307090777338,1000,0.07,200.0,-1039.6459145194772,1000,0.071,200.0,-1037.866286819624,12288,6179,384000000,654.9458401203156,ab16711
sfl_spread_carry0,2,1966080,2000,0.579,200.0,-507.6384305774203,0.1,1000,0.203,200.0,-833.7571871174199,1000,0.169,200.0,-864.4281872848935,264,0.5833333333333334,200.0,-484.3437209369362,1000,0.076,200.0,-1010.9578190155144,1000,0.082,200.0,-1012.8859116425651,12288,6179,384000000,654.9458401203156,ab16711
sfl_spread_carry0,2,2211840,2000,0.788,200.0,-322.1280261625558,0.22,1000,0.466,200.0,-610.3100453675363,1000,0.455,200.0,-610.8895198606347,264,0.7689393939393939,200.0,-330.1038902499789,1000,0.213,200.0,-887.7033937159825,1000,0.212,200.0,-890.3764065717444,12288,6179,384000000,654.9458401203156,ab16711
sfl_spread_carry0,2,2457600,2000,0.7095,200.0,-366.79002683138583,0.18,1000,0.356,200.0,-675.1898697856205,1000,0.348,200.0,-683.2696804920774,264,0.7348484848484849,200.0,-342.163958024566,1000,0.155,200.0,-896.2867646876557,1000,0.157,200.0,-896.4332193190479,12288,6179,384000000,654.9458401203156,ab16711
sfl_carry0,3,0,2000,0.0,200.0,-1128.7522943857218,0.0,1000,0.0,200.0,-1103.9941392774715,1000,0.0,200.0,-1104.1037946355964,264,0.0,200.0,-1098.3397953717424,1000,0.0,200.0,-1169.1948264297444,1000,0.0,200.0,-1173.186122333902,12288,6180,384000000,654.5548512935638,ab16711
sfl_carry0,3,245760,2000,0.0,200.0,-1114.6926850922255,0.0,1000,0.0,200.0,-1145.4780305253614,1000,0.0,200.0,-1144.216921765232,264,0.0,200.0,-1100.4952368542415,1000,0.0,200.0,-1193.018868313409,1000,0.0,200.0,-1199.6763532528564,12288,6180,384000000,654.5548512935638,ab16711
sfl_carry0,3,491520,2000,0.0065,200.0,-844.9970218745561,0.0,1000,0.0,200.0,-1003.5490586179336,1000,0.0,200.0,-1003.9862649234913,264,0.007575757575757576,200.0,-832.311086934717,1000,0.001,200.0,-1077.8019672822206,1000,0.0,200.0,-1083.9246325769507,12288,6180,384000000,654.5548512935638,ab16711
sfl_carry0,3,737280,2000,0.368,200.0,-807.3589451052783,0.0,1000,0.013,200.0,-1176.0819516183592,1000,0.024,200.0,-1162.7458710619694,264,0.3939393939393939,200.0,-782.7908910060476,1000,0.011,200.0,-1215.9545444242228,1000,0.013,200.0,-1220.728897881951,12288,6180,384000000,654.5548512935638,ab16711
sfl_carry0,3,983040,2000,0.0,200.0,-961.5031764515934,0.0,1000,0.0,200.0,-975.0627808672543,1000,0.0,200.0,-974.2638737669116,264,0.003787878787878788,200.0,-957.637105172037,1000,0.0,200.0,-1053.634245575264,1000,0.0,200.0,-1069.2715016808304,12288,6180,384000000,654.5548512935638,ab16711
sfl_carry0,3,1228800,2000,0.2715,200.0,-735.6637238456269,0.0,1000,0.034,200.0,-968.0923436331195,1000,0.037,200.0,-969.7852886409562,264,0.2803030303030303,200.0,-725.41085607386,1000,0.017,200.0,-1054.8613326316108,1000,0.024,200.0,-1055.6669255337013,12288,6180,384000000,654.5548512935638,ab16711
sfl_carry0,3,1474560,2000,0.3825,200.0,-788.0742625628542,0.0,1000,0.025,200.0,-1161.2445811233824,1000,0.034,200.0,-1149.085311682879,264,0.4053030303030303,200.0,-765.6234363663173,1000,0.017,200.0,-1210.5355455301483,1000,0.019,200.0,-1215.1021943161568,12288,6180,384000000,654.5548512935638,ab16711
sfl_carry0,3,1720320,2000,0.368,200.0,-709.018433076188,0.0,1000,0.021,200.0,-1032.065524351068,1000,0.025,200.0,-1030.4158686535854,264,0.3787878787878788,200.0,-702.3981100648856,1000,0.011,200.0,-1109.9677188774263,1000,0.014,200.0,-1113.1360051966515,12288,6180,384000000,654.5548512935638,ab16711
sfl_carry0,3,1966080,2000,0.461,200.0,-594.51745633601,0.0,1000,0.13,200.0,-895.4805745854039,1000,0.132,200.0,-889.5180417387265,264,0.49242424242424243,200.0,-570.5799243337303,1000,0.089,200.0,-1012.1295232485722,1000,0.106,200.0,-1008.0793110735684,12288,6180,384000000,654.5548512935638,ab16711
sfl_carry0,3,2211840,2000,0.6125,200.0,-465.73690308387205,0.025,1000,0.291,200.0,-737.2476217546505,1000,0.252,200.0,-767.362598632917,264,0.6287878787878788,200.0,-440.954142611619,1000,0.117,200.0,-967.1239086269103,1000,0.111,200.0,-972.3220181781908,12288,6180,384000000,654.5548512935638,ab16711
sfl_carry0,3,2457600,2000,0.634,200.0,-454.4314126567093,0.1,1000,0.298,200.0,-741.5235342067734,1000,0.283,200.0,-754.6103726954466,264,0.6666666666666666,200.0,-403.44686428896426,1000,0.109,200.0,-974.7218769020803,1000,0.122,200.0,-975.25639666926,12288,6180,384000000,654.5548512935638,ab16711
sfl_carry0,1,0,2000,0.0,200.0,-1518.3168027278173,0.0,1000,0.0,200.0,-1377.7406655193417,1000,0.0,200.0,-1382.8541410673397,264,0.0,200.0,-1515.7158783382154,1000,0.0,200.0,-1363.3389759525176,1000,0.0,200.0,-1375.919971223808,12288,6169,384000000,656.0772178173065,ab16711
sfl_carry0,1,245760,2000,0.0595,200.0,-890.1507850542902,0.0,1000,0.001,200.0,-1029.4913592172652,1000,0.002,200.0,-1027.6721864321303,264,0.06439393939393939,200.0,-870.0579592645767,1000,0.002,200.0,-1102.3288511844576,1000,0.0,200.0,-1105.2338710704507,12288,6169,384000000,656.0772178173065,ab16711
sfl_carry0,1,491520,2000,0.369,200.0,-801.9629599443363,0.0,1000,0.011,200.0,-1175.8778854398508,1000,0.021,200.0,-1164.1729010056306,264,0.38257575757575757,200.0,-788.5636964835793,1000,0.009,200.0,-1214.0113213828165,1000,0.01,200.0,-1218.382995395112,12288,6169,384000000,656.0772178173065,ab16711
sfl_carry0,1,737280,2000,0.105,200.0,-911.3861447767757,0.0,1000,0.011,200.0,-917.5984509008124,1000,0.012,200.0,-916.4504111578473,264,0.13257575757575757,200.0,-871.3011300636788,1000,0.009,200.0,-1023.9698254577946,1000,0.004,200.0,-1033.9927236474007,12288,6169,384000000,656.0772178173065,ab16711
sfl_carry0,1,983040,2000,0.1825,200.0,-728.6243228327442,0.0,1000,0.03,200.0,-893.7651082764578,1000,0.03,200.0,-897.5251498565583,264,0.20454545454545456,200.0,-725.2148051130548,1000,0.014,200.0,-991.9835499989547,1000,0.021,200.0,-997.0666876349565,12288,6169,384000000,656.0772178173065,ab16711
sfl_carry0,1,1228800,2000,0.151,200.0,-885.479795889938,0.0,1000,0.007,200.0,-988.5239556695349,1000,0.012,200.0,-992.207215115869,264,0.14772727272727273,200.0,-871.0169327293439,1000,0.004,200.0,-1032.7062312866883,1000,0.01,200.0,-1027.0776548863548,12288,6169,384000000,656.0772178173065,ab16711
sfl_carry0,1,1474560,2000,0.495,200.0,-549.8309988001813,0.0,1000,0.187,200.0,-816.8865576751137,1000,0.18,200.0,-817.7567490651916,264,0.5,200.0,-533.7137725048507,1000,0.07,200.0,-996.4741459818104,1000,0.088,200.0,-992.6782730410732,12288,6169,384000000,656.0772178173065,ab16711
sfl_carry0,1,1720320,2000,0.4305,200.0,-653.3552742988484,0.0,1000,0.098,200.0,-953.2361508268858,1000,0.118,200.0,-934.32678602852,264,0.4393939393939394,200.0,-642.7124437479699,1000,0.059,200.0,-1067.8972653403011,1000,0.068,200.0,-1065.4591089325454,12288,6169,384000000,656.0772178173065,ab16711
sfl_carry0,1,1966080,2000,0.5645,200.0,-512.9043082708677,0.0,1000,0.235,200.0,-797.784446332311,1000,0.219,200.0,-804.84457962336,264,0.5833333333333334,200.0,-484.526951596415,1000,0.08,200.0,-1006.593773891718,1000,0.078,200.0,-1008.0614604538669,12288,6169,384000000,656.0772178173065,ab16711
sfl_carry0,1,2211840,2000,0.5355,200.0,-578.0829441764696,0.0,1000,0.219,200.0,-841.2912804899147,1000,0.191,200.0,-884.1836588338488,264,0.5416666666666666,200.0,-569.2504231261117,1000,0.098,200.0,-1009.1302807294765,1000,0.094,200.0,-1015.1398250083937,12288,6169,384000000,656.0772178173065,ab16711
sfl_carry0,1,2457600,2000,0.552,200.0,-562.4152918514279,0.0,1000,0.236,200.0,-838.392273768732,1000,0.205,200.0,-881.2161412367636,264,0.5681818181818182,200.0,-532.5571137077601,1000,0.102,200.0,-1019.040271297081,1000,0.085,200.0,-1029.569287035147,12288,6169,384000000,656.0772178173065,ab16711
sfl_carry_mem,5,0,2000,0.0,200.0,-1195.3375398722992,0.0,1000,0.001,200.0,-1075.6700104664203,1000,0.0,200.0,-1077.1163391845676,264,0.0,200.0,-1207.3007720547853,1000,0.0,200.0,-1091.1119560947811,1000,0.0,200.0,-1093.9021389635047,12288,6090,384000000,738.4395160675049,ab16711
sfl_carry_mem,5,245760,2000,0.1925,200.0,-938.0676436876871,0.0,1000,0.018,200.0,-1108.5205192830797,1000,0.019,200.0,-1104.4432904971816,264,0.20075757575757575,200.0,-924.0388321728003,1000,0.005,200.0,-1166.1788308874382,1000,0.006,200.0,-1168.3584524771557,12288,6090,384000000,738.4395160675049,ab16711
sfl_carry_mem,5,491520,2000,0.364,200.0,-724.8619190402085,0.0,1000,0.065,200.0,-1015.1299876935782,1000,0.066,200.0,-1016.6583273966949,264,0.3484848484848485,200.0,-735.1883502152605,1000,0.026,200.0,-1110.2542266731925,1000,0.025,200.0,-1115.7009510005519,12288,6090,384000000,738.4395160675049,ab16711
sfl_carry_mem,5,737280,2000,0.444,200.0,-672.613515859345,0.0,1000,0.116,200.0,-999.9631570450634,1000,0.12,200.0,-989.8331441227882,264,0.4583333333333333,200.0,-656.524652715099,1000,0.062,200.0,-1104.972123468778,1000,0.061,200.0,-1106.7994701044788,12288,6090,384000000,738.4395160675049,ab16711
sfl_carry_mem,5,983040,2000,0.586,200.0,-447.31395563624216,0.0,1000,0.253,200.0,-742.9664869473539,1000,0.267,200.0,-733.2920778068843,264,0.6136363636363636,200.0,-427.1863981206314,1000,0.115,200.0,-949.6668175570364,1000,0.124,200.0,-941.490404793104,12288,6090,384000000,738.4395160675049,ab16711
sfl_carry_mem,5,1228800,2000,0.8575,200.0,-254.0066914364819,0.36,1000,0.58,200.0,-484.7825784109102,1000,0.586,200.0,-489.0227124988141,264,0.8446969696969697,200.0,-265.14640805615545,1000,0.261,200.0,-783.6665034890759,1000,0.272,200.0,-775.5340622375065,12288,6090,384000000,738.4395160675049,ab16711
sfl_carry_mem,5,1474560,2000,0.887,200.0,-232.76508312481153,0.455,1000,0.673,200.0,-440.22969636049237,1000,0.671,200.0,-452.8989315319954,264,0.8939393939393939,200.0,-238.66030298917912,1000,0.32,200.0,-745.472063724851,1000,0.34,200.0,-738.7696176603162,12288,6090,384000000,738.4395160675049,ab16711
sfl_carry_mem,5,1720320,2000,0.8915,200.0,-230.18070098318248,0.49,1000,0.717,200.0,-430.01403198368945,1000,0.737,200.0,-422.6790061434852,264,0.8674242424242424,200.0,-249.98255541414355,1000,0.386,200.0,-712.7065439629753,1000,0.386,200.0,-718.6575841616221,12288,6090,384000000,738.4395160675049,ab16711
sfl_carry_mem,5,1966080,2000,0.8955,200.0,-218.68797554064605,0.47,1000,0.728,200.0,-413.78574579325004,1000,0.728,200.0,-412.95317960016513,264,0.9053030303030303,200.0,-225.5306016959444,1000,0.36,200.0,-702.8541430363919,1000,0.384,200.0,-702.01566678494,12288,6090,384000000,738.4395160675049,ab16711
sfl_carry_mem,5,2211840,2000,0.94,200.0,-186.90811854037676,0.595,1000,0.801,200.0,-369.0750775808007,1000,0.794,200.0,-372.5487611256881,264,0.9356060606060606,200.0,-192.4490330036082,1000,0.454,200.0,-656.3733912138283,1000,0.48,200.0,-647.8146807029282,12288,6090,384000000,738.4395160675049,ab16711
sfl_carry_mem,5,2457600,2000,0.916,200.0,-193.56740632679652,0.54,1000,0.725,200.0,-401.91669493222855,1000,0.723,200.0,-410.24307531021293,264,0.9204545454545454,200.0,-192.8821491982457,1000,0.41,200.0,-674.5707986313681,1000,0.426,200.0,-666.6854608079159,12288,6090,384000000,738.4395160675049,ab16711
sfl_carry0,4,0,2000,0.0,200.0,-1248.7694437027951,0.0,1000,0.0,200.0,-1098.4096376658372,1000,0.0,200.0,-1105.4055478690318,264,0.0,200.0,-1228.1025658227236,1000,0.0,200.0,-1105.919178353216,1000,0.0,200.0,-1115.6826032494437,12288,6157,384000000,740.0049130916595,ab16711
sfl_carry0,4,245760,2000,0.3415,200.0,-659.3577838800828,0.0,1000,0.07,200.0,-878.3162195934442,1000,0.077,200.0,-889.1193796962053,264,0.36363636363636365,200.0,-642.3140289196201,1000,0.047,200.0,-993.4791715315241,1000,0.057,200.0,-984.2907993441867,12288,6157,384000000,740.0049130916595,ab16711
sfl_carry0,4,491520,2000,0.0,200.0,-875.7546275924881,0.0,1000,0.0,200.0,-971.3058539988974,1000,0.0,200.0,-973.3503694886002,264,0.0,200.0,-864.7281212066066,1000,0.0,200.0,-1051.8815133199303,1000,0.0,200.0,-1058.1533430565291,12288,6157,384000000,740.0049130916595,ab16711
sfl_carry0,4,737280,2000,0.38,200.0,-732.4599304016631,0.0,1000,0.073,200.0,-1046.864830955701,1000,0.073,200.0,-1046.3951057100705,264,0.375,200.0,-748.9358584399782,1000,0.043,200.0,-1118.1182922115652,1000,0.056,200.0,-1113.7036460055874,12288,6157,384000000,740.0049130916595,ab16711
sfl_carry0,4,983040,2000,0.126,200.0,-953.8599388421934,0.0,1000,0.017,200.0,-1057.0242133456743,1000,0.022,200.0,-1052.7406254107752,264,0.17045454545454544,200.0,-901.5511862265653,1000,0.011,200.0,-1129.737313277838,1000,0.009,200.0,-1127.7032301467339,12288,6157,384000000,740.0049130916595,ab16711
sfl_carry0,4,1228800,2000,0.0,200.0,-881.9136741829556,0.0,1000,0.0,200.0,-975.51073693795,1000,0.0,200.0,-968.7825798355159,264,0.0,200.0,-864.2037422452379,1000,0.0,200.0,-1067.9531973047897,1000,0.0,200.0,-1070.9020140520931,12288,6157,384000000,740.0049130916595,ab16711
sfl_carry0,4,1474560,2000,0.4535,200.0,-685.8603071779916,0.0,1000,0.081,200.0,-1093.0721155042468,1000,0.082,200.0,-1094.139913146045,264,0.4810606060606061,200.0,-662.0415135408526,1000,0.055,200.0,-1160.6393051488194,1000,0.051,200.0,-1170.787137451358,12288,6157,384000000,740.0049130916595,ab16711
sfl_carry0,4,1720320,2000,0.5235,200.0,-581.8728795760056,0.0,1000,0.164,200.0,-959.2245792432585,1000,0.162,200.0,-961.8939908766621,264,0.5340909090909091,200.0,-576.6636805999327,1000,0.128,200.0,-1045.8021364499953,1000,0.12,200.0,-1062.25608000912,12288,6157,384000000,740.0049130916595,ab16711
sfl_carry0,4,1966080,2000,0.5435,200.0,-554.6865908254539,0.0,1000,0.19,200.0,-931.007890527838,1000,0.197,200.0,-924.6805401336532,264,0.5606060606060606,200.0,-542.6266611754838,1000,0.143,200.0,-1026.8231904343493,1000,0.139,200.0,-1036.112207846921,12288,6157,384000000,740.0049130916595,ab16711
sfl_carry0,4,2211840,2000,0.5375,200.0,-579.1759153051083,0.0,1000,0.173,200.0,-961.3251479446334,1000,0.178,200.0,-961.2149878136431,264,0.5378787878787878,200.0,-579.060211964338,1000,0.149,200.0,-1038.3595702457214,1000,0.142,200.0,-1055.9332726356367,12288,6157,384000000,740.0049130916595,ab16711
sfl_carry0,4,2457600,2000,0.5625,200.0,-515.7329014729451,0.0,1000,0.216,200.0,-878.3530514886094,1000,0.214,200.0,-881.7390004644217,264,0.5984848484848485,200.0,-494.10709654101055,1000,0.141,200.0,-1001.2716430197968,1000,0.153,200.0,-1000.2578409517618,12288,6157,384000000,740.0049130916595,ab16711
sfl_carry0,6,0,2000,0.0,200.0,-1247.279335464821,0.0,1000,0.0,200.0,-1350.059994579869,1000,0.0,200.0,-1345.7179186517444,264,0.0,200.0,-1192.171622863081,1000,0.0,200.0,-1354.662235328096,1000,0.0,200.0,-1365.0949719539274,12288,6146,384000000,738.1770849227905,ab16711
sfl_carry0,6,245760,2000,0.0,200.0,-1037.8989551367981,0.0,1000,0.0,200.0,-1029.9114671847708,1000,0.0,200.0,-1044.317676442317,264,0.0,200.0,-1003.9905798480578,1000,0.0,200.0,-1076.9361340966873,1000,0.0,200.0,-1078.1405867998558,12288,6146,384000000,738.1770849227905,ab16711
sfl_carry0,6,491520,2000,0.2985,200.0,-782.4804941034733,0.0,1000,0.016,200.0,-1049.2923225087707,1000,0.025,200.0,-1042.5432332852927,264,0.3106060606060606,200.0,-767.3359748389112,1000,0.011,200.0,-1121.7598975365295,1000,0.01,200.0,-1126.3978632990973,12288,6146,384000000,738.1770849227905,ab16711
sfl_carry0,6,737280,2000,0.352,200.0,-559.1129687891379,0.0,1000,0.058,200.0,-826.9767147718596,1000,0.057,200.0,-832.1766209799207,264,0.36742424242424243,200.0,-560.3192708193969,1000,0.018,200.0,-986.0664195586806,1000,0.022,200.0,-988.5451460489146,12288,6146,384000000,738.1770849227905,ab16711
sfl_carry0,6,983040,2000,0.3665,200.0,-778.6728832860091,0.0,1000,0.013,200.0,-1124.082997701813,1000,0.022,200.0,-1113.3803723584958,264,0.3939393939393939,200.0,-754.2560396753339,1000,0.009,200.0,-1183.39846006941,1000,0.009,200.0,-1188.7569638664918,12288,6146,384000000,738.1770849227905,ab16711
sfl_carry0,6,1228800,2000,0.37,200.0,-828.1337749500523,0.0,1000,0.012,200.0,-1204.7128095342932,1000,0.02,200.0,-1190.0931304965397,264,0.39015151515151514,200.0,-804.0882806188519,1000,0.008,200.0,-1253.7013195280433,1000,0.008,200.0,-1260.4584834872787,12288,6146,384000000,738.1770849227905,ab16711
sfl_carry0,6,1474560,2000,0.3725,200.0,-755.863170707931,0.0,1000,0.013,200.0,-1096.7381708996797,1000,0.022,200.0,-1085.4891134757129,264,0.39015151515151514,200.0,-741.7365153522345,1000,0.012,200.0,-1157.111313735154,1000,0.018,200.0,-1156.432160267484,12288,6146,384000000,738.1770849227905,ab16711
sfl_carry0,6,1720320,2000,0.4155,200.0,-628.0137071751726,0.0,1000,0.068,200.0,-910.8602591506266,1000,0.068,200.0,-919.1799622352304,264,0.42424242424242425,200.0,-602.8635877037697,1000,0.021,200.0,-1044.945332460337,1000,0.027,200.0,-1047.9259375966883,12288,6146,384000000,738.1770849227905,ab16711
sfl_carry0,6,1966080,2000,0.488,200.0,-580.1296737193884,0.0,1000,0.113,200.0,-879.0927178196032,1000,0.122,200.0,-891.3289067162241,264,0.5113636363636364,200.0,-558.274984761309,1000,0.041,200.0,-1042.0794380678649,1000,0.043,200.0,-1047.83123370043,12288,6146,384000000,738.1770849227905,ab16711
sfl_carry0,6,2211840,2000,0.538,200.0,-553.1026088247663,0.0,1000,0.195,200.0,-838.2354158228204,1000,0.192,200.0,-848.7525564740656,264,0.5378787878787878,200.0,-536.6660240913413,1000,0.079,200.0,-1033.5251465973631,1000,0.072,200.0,-1037.364519180447,12288,6146,384000000,738.1770849227905,ab16711
sfl_carry0,6,2457600,2000,0.4775,200.0,-646.9325115948463,0.0,1000,0.147,200.0,-923.4920435074102,1000,0.161,200.0,-927.0807774035974,264,0.5113636363636364,200.0,-606.6865874858842,1000,0.053,200.0,-1067.4623129812824,1000,0.058,200.0,-1068.1100128267624,12288,6146,384000000,738.1770849227905,ab16711
sfl_spread_carry0,4,0,2000,0.0,200.0,-1206.6205559450698,0.0,1000,0.0,200.0,-1175.396911881007,1000,0.0,200.0,-1170.2667974712815,264,0.0,200.0,-1201.1237907784653,1000,0.0,200.0,-1221.2048647626273,1000,0.0,200.0,-1227.2695904700654,12288,6192,384000000,740.3464698791504,ab16711
sfl_spread_carry0,4,245760,2000,0.005,200.0,-1095.5412300219052,0.0,1000,0.001,200.0,-1093.1221769910692,1000,0.003,200.0,-1091.178613174987,264,0.015151515151515152,200.0,-1026.6512237832023,1000,0.0,200.0,-1074.5483440818884,1000,0.002,200.0,-1071.397041575648,12288,6192,384000000,740.3464698791504,ab16711
sfl_spread_carry0,4,491520,2000,0.0105,200.0,-781.7667116838675,0.0,1000,0.001,200.0,-850.2877930729805,1000,0.0,200.0,-852.658849678224,264,0.022727272727272728,200.0,-784.9900069580904,1000,0.001,200.0,-953.0645426859087,1000,0.0,200.0,-955.6993402624769,12288,6192,384000000,740.3464698791504,ab16711
sfl_spread_carry0,4,737280,2000,0.4335,200.0,-506.6510060338902,0.0,1000,0.188,200.0,-734.5753436999398,1000,0.169,200.0,-744.073620841343,264,0.4318181818181818,200.0,-524.5152813060241,1000,0.079,200.0,-905.4432186622936,1000,0.091,200.0,-894.3411586646391,12288,6192,384000000,740.3464698791504,ab16711
sfl_spread_carry0,4,983040,2000,0.077,200.0,-889.6921171997285,0.0,1000,0.004,200.0,-1037.1169353399664,1000,0.001,200.0,-1036.945137956608,264,0.07954545454545454,200.0,-889.3091201153818,1000,0.0,200.0,-1111.8193941948196,1000,0.0,200.0,-1112.805538976029,12288,6192,384000000,740.3464698791504,ab16711
sfl_spread_carry0,4,1228800,2000,0.32,200.0,-689.8137364512548,0.0,1000,0.044,200.0,-937.0475049644361,1000,0.045,200.0,-948.4627627687526,264,0.3181818181818182,200.0,-692.688877024829,1000,0.019,200.0,-1047.0148000289362,1000,0.024,200.0,-1043.90670438057,12288,6192,384000000,740.3464698791504,ab16711
sfl_spread_carry0,4,1474560,2000,0.447,200.0,-566.9310763614594,0.0,1000,0.11,200.0,-859.5331071022231,1000,0.099,200.0,-866.0063677433703,264,0.45075757575757575,200.0,-561.5396454487135,1000,0.052,200.0,-1008.4497978349781,1000,0.056,200.0,-1006.9393297790091,12288,6192,384000000,740.3464698791504,ab16711
sfl_spread_carry0,4,1720320,2000,0.5195,200.0,-551.9461765444448,0.0,1000,0.203,200.0,-837.4612351680321,1000,0.199,200.0,-839.5822993883562,264,0.5227272727272727,200.0,-546.1266052674013,1000,0.074,200.0,-1033.0689204403054,1000,0.07,200.0,-1035.568590006713,12288,6192,384000000,740.3464698791504,ab16711
sfl_spread_carry0,4,1966080,2000,0.5345,200.0,-552.2383325466433,0.025,1000,0.136,200.0,-886.2839918156352,1000,0.126,200.0,-902.8126756625722,264,0.5681818181818182,200.0,-522.1701827056278,1000,0.062,200.0,-1013.568691253586,1000,0.064,200.0,-1016.1860478099003,12288,6192,384000000,740.3464698791504,ab16711
sfl_spread_carry0,4,2211840,2000,0.6615,200.0,-426.43496663621823,0.16,1000,0.289,200.0,-748.8783929278585,1000,0.274,200.0,-757.6161700910902,264,0.6931818181818182,200.0,-399.7822860496384,1000,0.157,200.0,-922.6663141495167,1000,0.157,200.0,-931.127217561149,12288,6192,384000000,740.3464698791504,ab16711
sfl_spread_carry0,4,2457600,2000,0.809,200.0,-300.51419614140116,0.365,1000,0.574,200.0,-513.6458396151238,1000,0.598,200.0,-511.49952234512136,264,0.8333333333333334,200.0,-289.4074843538583,1000,0.284,200.0,-808.5407592856567,1000,0.278,200.0,-814.8991315517259,12288,6192,384000000,740.3464698791504,ab16711
sfl_carry_mem,6,0,2000,0.0,200.0,-1468.4716900005885,0.0,1000,0.0,200.0,-1298.7070916885107,1000,0.0,200.0,-1300.0648938958193,264,0.0,200.0,-1450.9416321496674,1000,0.0,200.0,-1233.2699828424552,1000,0.0,200.0,-1241.0572998326709,12288,6186,384000000,738.4071669578552,ab16711
sfl_carry_mem,6,245760,2000,0.0,200.0,-1093.2945147884661,0.0,1000,0.0,200.0,-929.862948214707,1000,0.0,200.0,-945.1424558166657,264,0.0,200.0,-1090.547912985287,1000,0.0,200.0,-985.7170321099197,1000,0.0,200.0,-985.443636059673,12288,6186,384000000,738.4071669578552,ab16711
sfl_carry_mem,6,491520,2000,0.3055,200.0,-780.0456784892829,0.0,1000,0.047,200.0,-1037.7259729083905,1000,0.054,200.0,-1037.2646030581989,264,0.3446969696969697,200.0,-759.0357496225618,1000,0.035,200.0,-1096.7939544836322,1000,0.035,200.0,-1104.3830918417675,12288,6186,384000000,738.4071669578552,ab16711
sfl_carry_mem,6,737280,2000,0.3815,200.0,-743.6091968089892,0.0,1000,0.045,200.0,-1079.3081628538969,1000,0.046,200.0,-1077.6498298727408,264,0.4053030303030303,200.0,-725.7511831792484,1000,0.027,200.0,-1150.4081226269523,1000,0.024,200.0,-1154.7982494916,12288,6186,384000000,738.4071669578552,ab16711
sfl_carry_mem,6,983040,2000,0.384,200.0,-797.4185692125803,0.0,1000,0.028,200.0,-1169.3645517526127,1000,0.034,200.0,-1159.1681829777415,264,0.4053030303030303,200.0,-774.0795041896547,1000,0.02,200.0,-1220.3559680758947,1000,0.014,200.0,-1228.122865551738,12288,6186,384000000,738.4071669578552,ab16711
sfl_carry_mem,6,1228800,2000,0.424,200.0,-717.5112457523118,0.0,1000,0.089,200.0,-1059.4050995408822,1000,0.104,200.0,-1041.9763697094074,264,0.4393939393939394,200.0,-702.8298308949842,1000,0.051,200.0,-1149.9519789010565,1000,0.043,200.0,-1161.0542121018725,12288,6186,384000000,738.4071669578552,ab16711
sfl_carry_mem,6,1474560,2000,0.496,200.0,-623.06961130926,0.0,1000,0.196,200.0,-927.0548433305819,1000,0.188,200.0,-928.0443808433452,264,0.5189393939393939,200.0,-600.7927785383137,1000,0.088,200.0,-1090.2939784225346,1000,0.082,200.0,-1092.6436539775614,12288,6186,384000000,738.4071669578552,ab16711
sfl_carry_mem,6,1720320,2000,0.5245,200.0,-603.9988269674459,0.0,1000,0.214,200.0,-913.1897490060858,1000,0.227,200.0,-906.2061650201376,264,0.5378787878787878,200.0,-587.4035065585971,1000,0.107,200.0,-1079.578712753693,1000,0.108,200.0,-1080.0335141642047,12288,6186,384000000,738.4071669578552,ab16711
sfl_carry_mem,6,1966080,2000,0.489,200.0,-565.345613923042,0.0,1000,0.115,200.0,-906.7457541493327,1000,0.133,200.0,-894.1027511691625,264,0.49242424242424243,200.0,-561.5667835623755,1000,0.042,200.0,-1062.2713361772126,1000,0.047,200.0,-1059.024251742842,12288,6186,384000000,738.4071669578552,ab16711
sfl_carry_mem,6,2211840,2000,0.5685,200.0,-544.366817205349,0.0,1000,0.27,200.0,-853.2368757737053,1000,0.272,200.0,-845.7097776008,264,0.5643939393939394,200.0,-538.0784235498652,1000,0.121,200.0,-1057.5355067747523,1000,0.123,200.0,-1053.9450042342046,12288,6186,384000000,738.4071669578552,ab16711
sfl_carry_mem,6,2457600,2000,0.5575,200.0,-533.0242884778504,0.0,1000,0.205,200.0,-866.5830546164357,1000,0.197,200.0,-867.81699557305,264,0.5568181818181818,200.0,-535.880321893431,1000,0.072,200.0,-1066.345559970635,1000,0.079,200.0,-1060.1683539922683,12288,6186,384000000,738.4071669578552,ab16711
sfl_carry0,5,0,2000,0.0,200.0,-1535.7914058284475,0.0,1000,0.0,200.0,-1356.9983818069593,1000,0.0,200.0,-1354.1825414045434,264,0.0,200.0,-1516.2783688654088,1000,0.0,200.0,-1248.2310127477647,1000,0.0,200.0,-1257.5898028476952,12288,6259,384000000,741.7138719558716,ab16711
sfl_carry0,5,245760,2000,0.0,200.0,-1116.2265625049665,0.0,1000,0.0,200.0,-1010.7481324663395,1000,0.0,200.0,-1018.7645484187542,264,0.0,200.0,-1107.6733890487683,1000,0.0,200.0,-1012.436679688878,1000,0.0,200.0,-1018.3882309341022,12288,6259,384000000,741.7138719558716,ab16711
sfl_carry0,5,491520,2000,0.0215,200.0,-953.6198593539535,0.0,1000,0.002,200.0,-1095.4427332372054,1000,0.004,200.0,-1089.403858840289,264,0.030303030303030304,200.0,-918.1262599163183,1000,0.001,200.0,-1154.3798256628452,1000,0.002,200.0,-1159.1101577122508,12288,6259,384000000,741.7138719558716,ab16711
sfl_carry0,5,737280,2000,0.284,200.0,-776.2687759590442,0.0,1000,0.021,200.0,-1031.5695044149772,1000,0.032,200.0,-1025.17798501551,264,0.2765151515151515,200.0,-771.9147110846333,1000,0.012,200.0,-1107.7283731406433,1000,0.009,200.0,-1114.2425849929818,12288,6259,384000000,741.7138719558716,ab16711
sfl_carry0,5,983040,2000,0.266,200.0,-664.1536354992869,0.0,1000,0.054,200.0,-874.9891666791369,1000,0.056,200.0,-882.8499453127998,264,0.24242424242424243,200.0,-683.2651035303868,1000,0.018,200.0,-1003.8387197441721,1000,0.022,200.0,-1001.2316195420245,12288,6259,384000000,741.7138719558716,ab16711
sfl_carry0,5,1228800,2000,0.4275,200.0,-568.1988646869272,0.0,1000,0.098,200.0,-865.3174729360456,1000,0.089,200.0,-866.0905593844005,264,0.4015151515151515,200.0,-593.6263079851973,1000,0.027,200.0,-1010.4232980966204,1000,0.027,200.0,-1019.3816640774796,12288,6259,384000000,741.7138719558716,ab16711
sfl_carry0,5,1474560,2000,0.3335,200.0,-799.113465537919,0.0,1000,0.016,200.0,-1114.8574141558124,1000,0.02,200.0,-1111.0753245902076,264,0.32954545454545453,200.0,-804.872488225102,1000,0.008,200.0,-1176.5825502853822,1000,0.01,200.0,-1178.2997198648563,12288,6259,384000000,741.7138719558716,ab16711
sfl_carry0,5,1720320,2000,0.518,200.0,-514.5218018560863,0.0,1000,0.183,200.0,-801.6690802002257,1000,0.193,200.0,-793.5806296643852,264,0.5492424242424242,200.0,-501.44227008671373,1000,0.069,200.0,-1001.8342795625555,1000,0.091,200.0,-994.1320034563055,12288,6259,384000000,741.7138719558716,ab16711
sfl_carry0,5,1966080,2000,0.576,200.0,-477.5415709151835,0.08,1000,0.202,200.0,-773.5295665803244,1000,0.192,200.0,-792.9145723632998,264,0.5871212121212122,200.0,-474.60143040982007,1000,0.067,200.0,-994.9019730623626,1000,0.063,200.0,-1004.3482588840087,12288,6259,384000000,741.7138719558716,ab16711
sfl_carry0,5,2211840,2000,0.5895,200.0,-493.83668670656465,0.12,1000,0.26,200.0,-771.7556685330211,1000,0.235,200.0,-812.4985946988445,264,0.6212121212121212,200.0,-473.55096105466816,1000,0.099,200.0,-992.9883013271775,1000,0.082,200.0,-1004.336508641441,12288,6259,384000000,741.7138719558716,ab16711
sfl_carry0,5,2457600,2000,0.714,200.0,-397.7499460743104,0.22,1000,0.462,200.0,-651.1203289797725,1000,0.437,200.0,-665.2575181540799,264,0.7424242424242424,200.0,-382.0325066295213,1000,0.2,200.0,-922.8181337851998,1000,0.196,200.0,-934.5061656251378,12288,6259,384000000,741.7138719558716,ab16711
sfl_spread_carry0,5,0,2000,0.0,200.0,-1276.918431655318,0.0,1000,0.0,200.0,-1232.2161258286326,1000,0.0,200.0,-1227.39949322003,264,0.0,200.0,-1273.619719541536,1000,0.0,200.0,-1265.173025083326,1000,0.0,200.0,-1264.871265991799,12288,6051,384000000,742.7194268703461,ab16711
sfl_spread_carry0,5,245760,2000,0.0,200.0,-874.3962299006175,0.0,1000,0.0,200.0,-940.2892904032079,1000,0.0,200.0,-946.0622382999533,264,0.0,200.0,-887.8337219867229,1000,0.0,200.0,-1037.996622644052,1000,0.0,200.0,-1043.2026644573575,12288,6051,384000000,742.7194268703461,ab16711
sfl_spread_carry0,5,491520,2000,0.3295,200.0,-743.8579351595696,0.0,1000,0.017,200.0,-1055.75272586305,1000,0.023,200.0,-1052.4434944008221,264,0.3522727272727273,200.0,-731.2180418589547,1000,0.008,200.0,-1124.756921556463,1000,0.008,200.0,-1129.8393836271894,12288,6051,384000000,742.7194268703461,ab16711
sfl_spread_carry0,5,737280,2000,0.2175,200.0,-693.8328241627021,0.0,1000,0.01,200.0,-943.8800875920032,1000,0.015,200.0,-941.769591502262,264,0.22348484848484848,200.0,-689.0448196456562,1000,0.004,200.0,-1041.5762123722202,1000,0.005,200.0,-1047.6465995001101,12288,6051,384000000,742.7194268703461,ab16711
sfl_spread_carry0,5,983040,2000,0.2255,200.0,-647.7219003591259,0.0,1000,0.022,200.0,-881.3089901098417,1000,0.021,200.0,-885.4375741545143,264,0.23106060606060605,200.0,-645.2381598198714,1000,0.011,200.0,-1004.9618914838109,1000,0.009,200.0,-1007.8122968445103,12288,6051,384000000,742.7194268703461,ab16711
sfl_spread_carry0,5,1228800,2000,0.301,200.0,-683.7072365030183,0.0,1000,0.04,200.0,-936.2102696268206,1000,0.044,200.0,-934.6268221879972,264,0.32954545454545453,200.0,-661.7730617191461,1000,0.016,200.0,-1051.2915844394572,1000,0.013,200.0,-1057.619691301975,12288,6051,384000000,742.7194268703461,ab16711
sfl_spread_carry0,5,1474560,2000,0.2085,200.0,-861.3942243647633,0.0,1000,0.013,200.0,-1002.5751277678944,1000,0.016,200.0,-1007.269123039514,264,0.22727272727272727,200.0,-821.9849418276674,1000,0.012,200.0,-1013.7544396269057,1000,0.014,200.0,-1020.1513003553328,12288,6051,384000000,742.7194268703461,ab16711
sfl_spread_carry0,5,1720320,2000,0.513,200.0,-578.2496150595368,0.0,1000,0.172,200.0,-890.5820945706109,1000,0.178,200.0,-885.6949670255864,264,0.5151515151515151,200.0,-573.8704209659054,1000,0.029,200.0,-1088.321507146719,1000,0.041,200.0,-1085.2562338385414,12288,6051,384000000,742.7194268703461,ab16711
sfl_spread_carry0,5,1966080,2000,0.515,200.0,-569.96161991172,0.0,1000,0.127,200.0,-900.7532363825543,1000,0.113,200.0,-920.2613759409076,264,0.5492424242424242,200.0,-530.3120665658034,1000,0.061,200.0,-1010.3931590560146,1000,0.063,200.0,-1014.2361644443337,12288,6051,384000000,742.7194268703461,ab16711
sfl_spread_carry0,5,2211840,2000,0.64,200.0,-457.8557103685532,0.17,1000,0.35,200.0,-708.1576205645414,1000,0.337,200.0,-731.630910749415,264,0.6325757575757576,200.0,-449.9542060424374,1000,0.161,200.0,-907.247430447128,1000,0.152,200.0,-912.4202474348532,12288,6051,384000000,742.7194268703461,ab16711
sfl_spread_carry0,5,2457600,2000,0.8595,200.0,-255.0160582026145,0.395,1000,0.654,200.0,-470.96489247195166,1000,0.623,200.0,-495.6278330167092,264,0.8484848484848485,200.0,-266.3295124956023,1000,0.29,200.0,-799.7103964902309,1000,0.295,200.0,-804.803409110828,12288,6051,384000000,742.7194268703461,ab16711
sfl_spread_carry0,6,0,2000,0.0,200.0,-1527.0632436948715,0.0,1000,0.0,200.0,-1353.8994777551927,1000,0.0,200.0,-1351.5625267779342,264,0.0,200.0,-1502.1611249706634,1000,0.0,200.0,-1278.4704385372236,1000,0.0,200.0,-1287.2635517381343,12288,6033,384000000,742.2745292186737,ab16711
sfl_spread_carry0,6,245760,2000,0.2665,200.0,-629.6317069636476,0.0,1000,0.073,200.0,-816.9645055189364,1000,0.086,200.0,-814.4591682672833,264,0.2840909090909091,200.0,-643.4196592488488,1000,0.032,200.0,-971.9110231685422,1000,0.026,200.0,-974.6524174646445,12288,6033,384000000,742.2745292186737,ab16711
sfl_spread_carry0,6,491520,2000,0.3665,200.0,-770.1891315201857,0.0,1000,0.021,200.0,-1119.1295383220313,1000,0.03,200.0,-1111.9582673202526,264,0.375,200.0,-762.7635037901445,1000,0.01,200.0,-1179.0351386860066,1000,0.01,200.0,-1182.3934808976092,12288,6033,384000000,742.2745292186737,ab16711
sfl_spread_carry0,6,737280,2000,0.321,200.0,-734.2806043180218,0.0,1000,0.012,200.0,-1035.2211875685202,1000,0.024,200.0,-1029.871873603534,264,0.32954545454545453,200.0,-728.614569252704,1000,0.007,200.0,-1108.2482889518762,1000,0.007,200.0,-1113.4327486982259,12288,6033,384000000,742.2745292186737,ab16711
sfl_spread_carry0,6,983040,2000,0.003,200.0,-747.254233381256,0.0,1000,0.002,200.0,-858.2170970664965,1000,0.001,200.0,-864.1749527781518,264,0.003787878787878788,200.0,-743.954217126085,1000,0.001,200.0,-985.1363108096124,1000,0.0,200.0,-989.2913110593662,12288,6033,384000000,742.2745292186737,ab16711
sfl_spread_carry0,6,1228800,2000,0.359,200.0,-567.5144304448213,0.0,1000,0.064,200.0,-828.4578518029364,1000,0.068,200.0,-835.548477599967,264,0.3787878787878788,200.0,-558.7401418474783,1000,0.026,200.0,-987.6718778345851,1000,0.028,200.0,-988.8389813178137,12288,6033,384000000,742.2745292186737,ab16711
sfl_spread_carry0,6,1474560,2000,0.3885,200.0,-709.9315478469674,0.0,1000,0.032,200.0,-1041.217295088626,1000,0.037,200.0,-1036.4925952620936,264,0.4166666666666667,200.0,-685.0671127394988,1000,0.025,200.0,-1113.0214264744316,1000,0.039,200.0,-1106.9622321600455,12288,6033,384000000,742.2745292186737,ab16711
sfl_spread_carry0,6,1720320,2000,0.502,200.0,-539.4717800001864,0.0,1000,0.157,200.0,-832.8405631752114,1000,0.143,200.0,-852.9085714933823,264,0.4810606060606061,200.0,-536.8824289767557,1000,0.054,200.0,-1017.7788701975867,1000,0.06,200.0,-1017.4251685179449,12288,6033,384000000,742.2745292186737,ab16711
sfl_spread_carry0,6,1966080,2000,0.539,200.0,-535.0615847073542,0.0,1000,0.184,200.0,-830.6795499100679,1000,0.185,200.0,-840.5531079194535,264,0.5227272727272727,200.0,-535.0940866173502,1000,0.073,200.0,-1019.9255626258057,1000,0.076,200.0,-1026.1880058265524,12288,6033,384000000,742.2745292186737,ab16711
sfl_spread_carry0,6,2211840,2000,0.5325,200.0,-581.9666356378535,0.0,1000,0.299,200.0,-814.4087113828845,1000,0.307,200.0,-809.1233311490621,264,0.5681818181818182,200.0,-548.7761120699909,1000,0.244,200.0,-970.8268174896305,1000,0.233,200.0,-975.7536297664909,12288,6033,384000000,742.2745292186737,ab16711
sfl_spread_carry0,6,2457600,2000,0.615,200.0,-511.1940141561898,0.015,1000,0.329,200.0,-779.4520636013767,1000,0.333,200.0,-787.5785596279684,264,0.5909090909090909,200.0,-511.8339296598726,1000,0.157,200.0,-1004.8774967456523,1000,0.169,200.0,-1000.6418268829722,12288,6033,384000000,742.2745292186737,ab16711
sfl_carry_mem,7,0,2000,0.0,200.0,-1441.297112990948,0.0,1000,0.0,200.0,-1322.3677212929244,1000,0.0,200.0,-1322.946226045308,264,0.0,200.0,-1447.5509837544405,1000,0.0,200.0,-1340.1088675066608,1000,0.0,200.0,-1348.753564585763,12288,6153,384000000,741.71555519104,ab16711
sfl_carry_mem,7,245760,2000,0.0,200.0,-955.7793497618342,0.0,1000,0.0,200.0,-970.5109749844927,1000,0.0,200.0,-983.0125252885119,264,0.0,200.0,-933.3974086807258,1000,0.0,200.0,-1030.5079135307865,1000,0.0,200.0,-1041.123962294214,12288,6153,384000000,741.71555519104,ab16711
sfl_carry_mem,7,491520,2000,0.1675,200.0,-779.9108556082873,0.0,1000,0.003,200.0,-1013.6471448416808,1000,0.001,200.0,-1013.6528526670669,264,0.17424242424242425,200.0,-760.8297358128623,1000,0.0,200.0,-1094.6261893586368,1000,0.002,200.0,-1098.1478932697603,12288,6153,384000000,741.71555519104,ab16711
sfl_carry_mem,7,737280,2000,0.144,200.0,-926.9459775599113,0.0,1000,0.006,200.0,-1065.6161190194837,1000,0.012,200.0,-1062.9976742610606,264,0.18181818181818182,200.0,-897.6296537619938,1000,0.005,200.0,-1144.9095419549826,1000,0.005,200.0,-1151.2871329662783,12288,6153,384000000,741.71555519104,ab16711
sfl_carry_mem,7,983040,2000,0.269,200.0,-725.4735960861439,0.0,1000,0.028,200.0,-962.0767369887577,1000,0.026,200.0,-973.8953081832678,264,0.2803030303030303,200.0,-714.7224435704736,1000,0.01,200.0,-1062.6517824958833,1000,0.012,200.0,-1063.6253495717672,12288,6153,384000000,741.71555519104,ab16711
sfl_carry_mem,7,1228800,2000,0.286,200.0,-594.2236246343314,0.0,1000,0.043,200.0,-827.1408935510644,1000,0.038,200.0,-838.6810864050577,264,0.3181818181818182,200.0,-563.3729031407407,1000,0.014,200.0,-978.8182074599849,1000,0.018,200.0,-981.3512325465001,12288,6153,384000000,741.71555519104,ab16711
sfl_carry_mem,7,1474560,2000,0.376,200.0,-782.9330435634898,0.0,1000,0.016,200.0,-1138.7044733489029,1000,0.023,200.0,-1128.8339861181325,264,0.3939393939393939,200.0,-763.8723354008932,1000,0.009,200.0,-1197.7627673930497,1000,0.009,200.0,-1202.4315378811714,12288,6153,384000000,741.71555519104,ab16711
sfl_carry_mem,7,1720320,2000,0.5375,200.0,-523.8433294847518,0.0,1000,0.2,200.0,-819.3037410251208,1000,0.208,200.0,-812.0524629372179,264,0.5265151515151515,200.0,-525.8079838074589,1000,0.08,200.0,-1013.3843510008285,1000,0.087,200.0,-1015.3295805574372,12288,6153,384000000,741.71555519104,ab16711
sfl_carry_mem,7,1966080,2000,0.4875,200.0,-614.4271688911056,0.0,1000,0.177,200.0,-869.6119785536644,1000,0.161,200.0,-893.1405046281072,264,0.48863636363636365,200.0,-598.262301931852,1000,0.075,200.0,-1014.2478033439722,1000,0.067,200.0,-1020.1614400026837,12288,6153,384000000,741.71555519104,ab16711
sfl_carry_mem,7,2211840,2000,0.612,200.0,-502.2744267777192,0.075,1000,0.322,200.0,-766.3335717198803,1000,0.3,200.0,-785.0941511638348,264,0.5984848484848485,200.0,-503.2920303073074,1000,0.144,200.0,-985.4974860640405,1000,0.164,200.0,-978.9875717733951,12288,6153,384000000,741.71555519104,ab16711
sfl_carry_mem,7,2457600,2000,0.504,200.0,-643.9010075969085,0.0,1000,0.196,200.0,-914.965738132796,1000,0.19,200.0,-934.6099052320566,264,0.5303030303030303,200.0,-599.5778410819943,1000,0.094,200.0,-1032.949467959156,1000,0.093,200.0,-1036.5622000917115,12288,6153,384000000,741.71555519104,ab16711
sfl_carry0,7,0,2000,0.0,200.0,-1453.6839647583045,0.0,1000,0.0,200.0,-1303.884149534454,1000,0.0,200.0,-1300.0888645411897,264,0.0,200.0,-1439.4531938921743,1000,0.0,200.0,-1214.3904886338282,1000,0.0,200.0,-1219.2952030748747,12288,6147,384000000,741.317122220993,ab16711
sfl_carry0,7,245760,2000,0.126,200.0,-862.0432984303183,0.0,1000,0.012,200.0,-889.9670999347861,1000,0.018,200.0,-902.1919795563126,264,0.12878787878787878,200.0,-870.6494796306415,1000,0.009,200.0,-992.0934883171399,1000,0.007,200.0,-997.0823819146477,12288,6147,384000000,741.317122220993,ab16711
sfl_carry0,7,491520,2000,0.3485,200.0,-623.583256408161,0.0,1000,0.047,200.0,-899.5912789729692,1000,0.051,200.0,-901.9268826494149,264,0.3712121212121212,200.0,-611.087135938456,1000,0.02,200.0,-1017.3794987054728,1000,0.023,200.0,-1020.8124082437658,12288,6147,384000000,741.317122220993,ab16711
sfl_carry0,7,737280,2000,0.378,200.0,-829.6670379808922,0.0,1000,0.02,200.0,-1229.1878641797261,1000,0.03,200.0,-1217.1625498010303,264,0.3977272727272727,200.0,-808.4871439280334,1000,0.014,200.0,-1271.2662644320237,1000,0.019,200.0,-1270.8322959014345,12288,6147,384000000,741.317122220993,ab16711
sfl_carry0,7,983040,2000,0.4205,200.0,-715.5711283766982,0.0,1000,0.056,200.0,-1078.873759851321,1000,0.054,200.0,-1079.260612319588,264,0.44696969696969696,200.0,-690.3679829167631,1000,0.039,200.0,-1138.5219222376347,1000,0.046,200.0,-1139.2040188548467,12288,6147,384000000,741.317122220993,ab16711
sfl_carry0,7,1228800,2000,0.518,200.0,-586.8226340772615,0.0,1000,0.163,200.0,-934.3689062863432,1000,0.178,200.0,-919.0804017157669,264,0.5227272727272727,200.0,-579.8913230045633,1000,0.143,200.0,-1014.7670806491059,1000,0.135,200.0,-1029.619680339071,12288,6147,384000000,741.317122220993,ab16711
sfl_carry0,7,1474560,2000,0.55,200.0,-505.3197267563119,0.0,1000,0.196,200.0,-826.6677011877466,1000,0.191,200.0,-833.420860030208,264,0.6022727272727273,200.0,-470.77427267638916,1000,0.127,200.0,-965.8150160199424,1000,0.119,200.0,-975.0083386665297,12288,6147,384000000,741.317122220993,ab16711
sfl_carry0,7,1720320,2000,0.8055,200.0,-308.0150197600866,0.285,1000,0.54,200.0,-549.4335842478968,1000,0.549,200.0,-549.9107225265479,264,0.7878787878787878,200.0,-309.9633557933163,1000,0.276,200.0,-810.7619077040374,1000,0.288,200.0,-810.4540107161498,12288,6147,384000000,741.317122220993,ab16711
sfl_carry0,7,1966080,2000,0.882,200.0,-242.30623014865316,0.415,1000,0.666,200.0,-456.64014209243294,1000,0.677,200.0,-459.8039054750429,264,0.8712121212121212,200.0,-244.95516816642794,1000,0.333,200.0,-733.2453708671956,1000,0.343,200.0,-738.2139651130354,12288,6147,384000000,741.317122220993,ab16711
sfl_carry0,7,2211840,2000,0.8905,200.0,-233.17107905988559,0.46,1000,0.686,200.0,-445.2475103636626,1000,0.691,200.0,-454.4858354937174,264,0.875,200.0,-247.85930152225927,1000,0.359,200.0,-721.9282904274436,1000,0.368,200.0,-724.0987783808347,12288,6147,384000000,741.317122220993,ab16711
sfl_carry0,7,2457600,2000,0.886,200.0,-222.99776353835244,0.47,1000,0.696,200.0,-436.56886970720143,1000,0.661,200.0,-455.6356650173843,264,0.9015151515151515,200.0,-218.2530784580016,1000,0.36,200.0,-711.1941411163646,1000,0.362,200.0,-709.1288513705185,12288,6147,384000000,741.317122220993,ab16711
sfl_spread_carry0,7,0,2000,0.0,200.0,-1261.325824161509,0.0,1000,0.0,200.0,-1257.9704128879875,1000,0.0,200.0,-1250.1501629570091,264,0.0,200.0,-1237.812025706119,1000,0.0,200.0,-1305.2484579912307,1000,0.0,200.0,-1313.951348902692,12288,6125,384000000,659.9781167507172,ab16711
sfl_spread_carry0,7,245760,2000,0.0005,200.0,-934.1287904287873,0.0,1000,0.002,200.0,-945.5147197668801,1000,0.0,200.0,-956.340245204473,264,0.0,200.0,-944.4521493857902,1000,0.0,200.0,-1050.940870012082,1000,0.0,200.0,-1050.159136549962,12288,6125,384000000,659.9781167507172,ab16711
sfl_spread_carry0,7,491520,2000,0.0,200.0,-824.522756854044,0.0,1000,0.0,200.0,-827.5090936460479,1000,0.0,200.0,-828.6920629381804,264,0.0,200.0,-823.1860115343419,1000,0.001,200.0,-937.0667874015821,1000,0.0,200.0,-943.0900914437568,12288,6125,384000000,659.9781167507172,ab16711
sfl_spread_carry0,7,737280,2000,0.1195,200.0,-926.6772281036764,0.0,1000,0.014,200.0,-1122.7458553364813,1000,0.012,200.0,-1122.99754319045,264,0.10984848484848485,200.0,-910.755569373806,1000,0.006,200.0,-1174.6991055740036,1000,0.008,200.0,-1176.964534754267,12288,6125,384000000,659.9781167507172,ab16711
sfl_spread_carry0,7,983040,2000,0.0155,200.0,-753.8230696009693,0.0,1000,0.001,200.0,-897.0644710946958,1000,0.001,200.0,-895.4475945669611,264,0.022727272727272728,200.0,-723.734846286397,1000,0.0,200.0,-1002.5951692809099,1000,0.001,200.0,-1010.4996670788198,12288,6125,384000000,659.9781167507172,ab16711
sfl_spread_carry0,7,1228800,2000,0.104,200.0,-736.954379801239,0.0,1000,0.009,200.0,-849.0222160010347,1000,0.015,200.0,-853.6213775444747,264,0.09848484848484848,200.0,-719.3602402754544,1000,0.006,200.0,-966.9751025909466,1000,0.007,200.0,-972.7880979035574,12288,6125,384000000,659.9781167507172,ab16711
sfl_spread_carry0,7,1474560,2000,0.3695,200.0,-584.1297523935037,0.0,1000,0.052,200.0,-833.2560293957758,1000,0.062,200.0,-842.9243573422017,264,0.3712121212121212,200.0,-579.280701967849,1000,0.018,200.0,-957.8997053776573,1000,0.021,200.0,-958.4693146339822,12288,6125,384000000,659.9781167507172,ab16711
sfl_spread_carry0,7,1720320,2000,0.775,200.0,-305.4537635341612,0.135,1000,0.407,200.0,-579.9613516417697,1000,0.4,200.0,-591.5240970483022,264,0.7462121212121212,200.0,-326.06929368295226,1000,0.138,200.0,-868.4573171661962,1000,0.119,200.0,-880.8131056836853,12288,6125,384000000,659.9781167507172,ab16711
sfl_spread_carry0,7,1966080,2000,0.691,200.0,-368.01261880120444,0.17,1000,0.379,200.0,-642.0913172347672,1000,0.382,200.0,-647.7303498463414,264,0.7196969696969697,200.0,-351.1523049224441,1000,0.19,200.0,-835.5822960648773,1000,0.192,200.0,-844.0436366267664,12288,6125,384000000,659.9781167507172,ab16711
sfl_spread_carry0,7,2211840,2000,0.7965,200.0,-281.88470456862206,0.305,1000,0.512,200.0,-544.3902516007981,1000,0.535,200.0,-535.7249509648047,264,0.8295454545454546,200.0,-268.1899704077764,1000,0.224,200.0,-819.9139413338056,1000,0.251,200.0,-823.2769002578284,12288,6125,384000000,659.9781167507172,ab16711
sfl_spread_carry0,7,2457600,2000,0.8805,200.0,-214.77231946508826,0.41,1000,0.685,200.0,-429.1207286631479,1000,0.664,200.0,-435.96074337079676,264,0.8863636363636364,200.0,-211.59083354439963,1000,0.374,200.0,-705.8094449231471,1000,0.379,200.0,-706.6227054794441,12288,6125,384000000,659.9781167507172,ab16711
sfl_carry_mem,8,0,2000,0.0,200.0,-1395.0086024489624,0.0,1000,0.0,200.0,-1356.5918165126084,1000,0.0,200.0,-1353.115517945751,264,0.0,200.0,-1387.4822345603109,1000,0.0,200.0,-1373.4905525838035,1000,0.0,200.0,-1380.5734103729426,12288,6164,384000000,659.310720205307,ab16711
sfl_carry_mem,8,245760,2000,0.212,200.0,-757.4386178215558,0.0,1000,0.032,200.0,-893.9338425687764,1000,0.039,200.0,-905.277109667925,264,0.24242424242424243,200.0,-718.1757374183475,1000,0.007,200.0,-1026.831114948719,1000,0.009,200.0,-1026.5221672910527,12288,6164,384000000,659.310720205307,ab16711
sfl_carry_mem,8,491520,2000,0.2575,200.0,-752.098044746367,0.0,1000,0.027,200.0,-975.5895559626252,1000,0.03,200.0,-979.8486997262643,264,0.2689393939393939,200.0,-739.4756835179325,1000,0.009,200.0,-1075.3475633526486,1000,0.01,200.0,-1079.3410109103104,12288,6164,384000000,659.310720205307,ab16711
sfl_carry_mem,8,737280,2000,0.116,200.0,-804.1880776918536,0.0,1000,0.005,200.0,-896.6877709767449,1000,0.008,200.0,-904.0095284011217,264,0.12878787878787878,200.0,-773.2508310671784,1000,0.0,200.0,-1004.548373853452,1000,0.004,200.0,-1004.1309676788845,12288,6164,384000000,659.310720205307,ab16711
sfl_carry_mem,8,983040,2000,0.1655,200.0,-685.866588494422,0.0,1000,0.025,200.0,-856.3396763726855,1000,0.015,200.0,-879.9931443684309,264,0.17424242424242425,200.0,-678.9944543940508,1000,0.006,200.0,-992.5948615996389,1000,0.006,200.0,-991.8645040158606,12288,6164,384000000,659.310720205307,ab16711
sfl_carry_mem,8,1228800,2000,0.394,200.0,-763.153401065581,0.0,1000,0.044,200.0,-1121.485680768656,1000,0.045,200.0,-1117.0174520980036,264,0.4090909090909091,200.0,-746.8256508289858,1000,0.022,200.0,-1190.7161947656139,1000,0.018,200.0,-1197.90120713588,12288,6164,384000000,659.310720205307,ab16711
sfl_carry_mem,8,1474560,2000,0.4415,200.0,-663.97486477346,0.0,1000,0.119,200.0,-965.412141163013,1000,0.118,200.0,-960.097625466007,264,0.4621212121212121,200.0,-644.9939549574505,1000,0.043,200.0,-1100.8701886947442,1000,0.041,200.0,-1106.2217411351296,12288,6164,384000000,659.310720205307,ab16711
sfl_carry_mem,8,1720320,2000,0.4635,200.0,-575.0894472579041,0.0,1000,0.123,200.0,-878.4827172729113,1000,0.096,200.0,-900.757569928264,264,0.48863636363636365,200.0,-553.1029133558815,1000,0.029,200.0,-1041.7353850110567,1000,0.036,200.0,-1040.9116762519682,12288,6164,384000000,659.310720205307,ab16711
sfl_carry_mem,8,1966080,2000,0.5695,200.0,-499.2665166671281,0.04,1000,0.175,200.0,-823.2288038991882,1000,0.209,200.0,-813.003902626735,264,0.6022727272727273,200.0,-468.87739217071766,1000,0.112,200.0,-968.1725605179558,1000,0.109,200.0,-975.2463164909597,12288,6164,384000000,659.310720205307,ab16711
sfl_carry_mem,8,2211840,2000,0.585,200.0,-520.5300236677923,0.085,1000,0.259,200.0,-793.9902264148861,1000,0.258,200.0,-824.124257876909,264,0.5909090909090909,200.0,-499.75830766101296,1000,0.13,200.0,-953.4823953914619,1000,0.112,200.0,-964.8044264145531,12288,6164,384000000,659.310720205307,ab16711
sfl_carry_mem,8,2457600,2000,0.7905,200.0,-315.1265171194328,0.295,1000,0.52,200.0,-561.9304322582087,1000,0.496,200.0,-576.6176797278449,264,0.8068181818181818,200.0,-310.01769333706807,1000,0.208,200.0,-860.1951969303284,1000,0.202,200.0,-865.2223673345648,12288,6164,384000000,659.310720205307,ab16711
sfl_carry0,8,0,2000,0.0,200.0,-1439.608387693687,0.0,1000,0.0,200.0,-1241.376219747938,1000,0.0,200.0,-1241.5890688398197,264,0.0,200.0,-1428.318501776517,1000,0.0,200.0,-1224.7630252964466,1000,0.0,200.0,-1224.4172725060469,12288,6124,384000000,659.926126241684,ab16711
sfl_carry0,8,245760,2000,0.0,200.0,-1272.6294203244643,0.0,1000,0.0,200.0,-1073.1249020902428,1000,0.0,200.0,-1081.883620737949,264,0.0,200.0,-1249.180933702248,1000,0.0,200.0,-1052.3181049979835,1000,0.0,200.0,-1055.4589939251937,12288,6124,384000000,659.926126241684,ab16711
sfl_carry0,8,491520,2000,0.007,200.0,-874.9505809948674,0.0,1000,0.001,200.0,-1028.3218568771847,1000,0.001,200.0,-1028.0520194492606,264,0.0,200.0,-856.814095968435,1000,0.0,200.0,-1101.5111178253667,1000,0.002,200.0,-1106.633335010174,12288,6124,384000000,659.926126241684,ab16711
sfl_carry0,8,737280,2000,0.0,200.0,-864.1087809888484,0.0,1000,0.0,200.0,-923.2747446771895,1000,0.0,200.0,-921.7648655665263,264,0.0,200.0,-831.6669791963945,1000,0.0,200.0,-1023.988404817284,1000,0.0,200.0,-1028.0478546094546,12288,6124,384000000,659.926126241684,ab16711
sfl_carry0,8,983040,2000,0.0,200.0,-854.0649203202942,0.0,1000,0.0,200.0,-965.7730689289596,1000,0.0,200.0,-967.069247262761,264,0.0,200.0,-832.5732729283217,1000,0.0,200.0,-1059.4633811892973,1000,0.0,200.0,-1063.6129935839572,12288,6124,384000000,659.926126241684,ab16711
sfl_carry0,8,1228800,2000,0.001,200.0,-938.3340645115501,0.0,1000,0.0,200.0,-974.3556656080852,1000,0.0,200.0,-971.7942916511479,264,0.003787878787878788,200.0,-897.0876666621461,1000,0.0,200.0,-1027.0128077874447,1000,0.0,200.0,-1035.8563171656735,12288,6124,384000000,659.926126241684,ab16711
sfl_carry0,8,1474560,2000,0.062,200.0,-1042.1981707898808,0.0,1000,0.006,200.0,-1011.4963785751443,1000,0.003,200.0,-1007.3600787500795,264,0.04924242424242424,200.0,-1013.9659698769967,1000,0.0,200.0,-1027.6186965493862,1000,0.004,200.0,-1032.4280050214088,12288,6124,384000000,659.926126241684,ab16711
sfl_carry0,8,1720320,2000,0.5615,200.0,-483.6564843165322,0.0,1000,0.19,200.0,-801.4604329911826,1000,0.205,200.0,-795.8501267503984,264,0.5833333333333334,200.0,-461.00180239480176,1000,0.097,200.0,-979.9210941702246,1000,0.096,200.0,-985.6475374878655,12288,6124,384000000,659.926126241684,ab16711
sfl_carry0,8,1966080,2000,0.63,200.0,-459.8069316422453,0.12,1000,0.262,200.0,-758.1430132764115,1000,0.232,200.0,-782.1195108850239,264,0.6553030303030303,200.0,-437.1254117396486,1000,0.066,200.0,-1003.572730739502,1000,0.06,200.0,-1009.2271373741455,12288,6124,384000000,659.926126241684,ab16711
sfl_carry0,8,2211840,2000,0.511,200.0,-614.7295540418779,0.0,1000,0.147,200.0,-927.4540487320266,1000,0.155,200.0,-935.6728354782186,264,0.5454545454545454,200.0,-567.7755053340126,1000,0.081,200.0,-1015.206151058932,1000,0.076,200.0,-1021.9499746287719,12288,6124,384000000,659.926126241684,ab16711
sfl_carry0,8,2457600,2000,0.6495,200.0,-447.3160453541893,0.175,1000,0.315,200.0,-757.0374646684451,1000,0.339,200.0,-755.033654014562,264,0.6931818181818182,200.0,-409.60919465914054,1000,0.158,200.0,-957.041185270588,1000,0.151,200.0,-967.962417801478,12288,6124,384000000,659.926126241684,ab16711
sfl_spread_carry0,8,0,2000,0.0,200.0,-1275.7439011422834,0.0,1000,0.0,200.0,-1290.9464507686332,1000,0.0,200.0,-1294.9055430344647,264,0.0,200.0,-1272.5729974627648,1000,0.0,200.0,-1180.2298551295194,1000,0.0,200.0,-1191.6782060628445,12288,6146,384000000,660.5150787830353,ab16711
sfl_spread_carry0,8,245760,2000,0.088,200.0,-863.7425159631127,0.0,1000,0.028,200.0,-1006.1183626305058,1000,0.021,200.0,-1003.9070322757162,264,0.0946969696969697,200.0,-848.6568280769098,1000,0.003,200.0,-1106.448334884116,1000,0.001,200.0,-1114.2484822804583,12288,6146,384000000,660.5150787830353,ab16711
sfl_spread_carry0,8,491520,2000,0.3335,200.0,-810.1976853896202,0.0,1000,0.036,200.0,-1118.1492591553013,1000,0.036,200.0,-1118.1955352503844,264,0.3106060606060606,200.0,-824.5528400473095,1000,0.012,200.0,-1185.9385908249733,1000,0.013,200.0,-1189.7066458439533,12288,6146,384000000,660.5150787830353,ab16711
sfl_spread_carry0,8,737280,2000,0.3295,200.0,-655.9507793020084,0.0,1000,0.064,200.0,-899.6247130984266,1000,0.056,200.0,-912.1612114572268,264,0.3371212121212121,200.0,-652.9799536131044,1000,0.022,200.0,-1032.7325029943931,1000,0.024,200.0,-1032.3177720926726,12288,6146,384000000,660.5150787830353,ab16711
sfl_spread_carry0,8,983040,2000,0.1005,200.0,-874.4744872450106,0.0,1000,0.012,200.0,-911.7027885069265,1000,0.007,200.0,-923.2029493674844,264,0.08333333333333333,200.0,-866.3826528322404,1000,0.0,200.0,-981.8280989674491,1000,0.002,200.0,-986.5291806592619,12288,6146,384000000,660.5150787830353,ab16711
sfl_spread_carry0,8,1228800,2000,0.408,200.0,-582.7362032035807,0.0,1000,0.07,200.0,-878.1120903718158,1000,0.059,200.0,-897.2811047500355,264,0.42803030303030304,200.0,-567.0104449100423,1000,0.028,200.0,-1000.1006769556844,1000,0.032,200.0,-997.9908284656407,12288,6146,384000000,660.5150787830353,ab16711
sfl_spread_carry0,8,1474560,2000,0.3665,200.0,-717.3122714005736,0.0,1000,0.018,200.0,-1045.5972288005103,1000,0.022,200.0,-1041.4876038510513,264,0.38257575757575757,200.0,-708.5839684470217,1000,0.02,200.0,-1111.0622798676811,1000,0.019,200.0,-1116.7504322654286,12288,6146,384000000,660.5150787830353,ab16711
sfl_spread_carry0,8,1720320,2000,0.571,200.0,-482.8979522395717,0.0,1000,0.229,200.0,-761.1315463746896,1000,0.21,200.0,-780.701419667041,264,0.6136363636363636,200.0,-434.31161513251357,1000,0.07,200.0,-991.3311340288277,1000,0.084,200.0,-990.1505763489674,12288,6146,384000000,660.5150787830353,ab16711
sfl_spread_carry0,8,1966080,2000,0.603,200.0,-479.81638782589596,0.07,1000,0.254,200.0,-768.8862499866776,1000,0.233,200.0,-796.8189748901744,264,0.5984848484848485,200.0,-467.11917939966,1000,0.07,200.0,-1003.8066774542099,1000,0.096,200.0,-997.5922083348759,12288,6146,384000000,660.5150787830353,ab16711
sfl_spread_carry0,8,2211840,2000,0.627,200.0,-475.49383341366183,0.105,1000,0.29,200.0,-775.3959231216531,1000,0.29,200.0,-790.6320660673005,264,0.6325757575757576,200.0,-462.33834451035256,1000,0.121,200.0,-998.5757239894251,1000,0.121,200.0,-1005.5608812884669,12288,6146,384000000,660.5150787830353,ab16711
sfl_spread_carry0,8,2457600,2000,0.6515,200.0,-456.47025618810306,0.115,1000,0.365,200.0,-728.6455956289358,1000,0.35,200.0,-755.3373140888714,264,0.6856060606060606,200.0,-422.2316368812603,1000,0.161,200.0,-980.8913755511861,1000,0.166,200.0,-979.720802397619,12288,6146,384000000,660.5150787830353,ab16711
