config,seed,step,random/n,random/success,random/mean_steps,random/mean_return,episodes,replays,scouted_steps,wall_time_sec
DR,3,0,270,0.0,200.0,-3.5557908287257978,85673,0,0,515.8352451324463
DR,3,245760,270,0.4,138.0962962962963,18.471789477684133,85673,0,0,515.8352451324463
DR,3,491520,270,0.8851851851851852,56.88148148148148,25.989731324354022,85673,0,0,515.8352451324463
DR,3,737280,270,0.9703703703703703,44.262962962962966,27.573189157952694,85673,0,0,515.8352451324463
DR,3,983040,270,0.9740740740740741,43.71851851851852,27.597416983531012,85673,0,0,515.8352451324463
DR,3,1228800,270,0.9814814814814815,41.03703703703704,27.747753134659945,85673,0,0,515.8352451324463
DR,3,1474560,270,0.9851851851851852,42.75185185185185,27.862440943153228,85673,0,0,515.8352451324463
DR,3,1720320,270,0.9851851851851852,42.08148148148148,27.82979049424997,85673,0,0,515.8352451324463
DR,3,1966080,270,0.9851851851851852,41.82962962962963,27.862016381061547,85673,0,0,515.8352451324463
DR,3,2211840,270,0.9925925925925926,40.22962962962963,27.98598238270274,85673,0,0,515.8352451324463
DR,3,2457600,270,0.9925925925925926,39.525925925925925,27.994256754159135,85673,0,0,515.8352451324463
DR,3,2703360,270,0.9888888888888889,38.49629629629629,28.024491810922257,85673,0,0,515.8352451324463
DR,3,2949120,270,0.9888888888888889,39.60740740740741,27.956132096010165,85673,0,0,515.8352451324463
DR,3,3194880,270,0.9851851851851852,38.72222222222222,27.943749184877838,85673,0,0,515.8352451324463
DR,3,3440640,270,0.9888888888888889,39.03333333333333,28.00577219181119,85673,0,0,515.8352451324463
DR,3,3686400,270,1.0,36.87407407407407,28.185041456863775,85673,0,0,515.8352451324463
DR,3,3932160,270,0.9740740740740741,40.785185185185185,27.645507859324763,85673,0,0,515.8352451324463
DR,3,4177920,270,0.9962962962962963,37.388888888888886,28.13093644739651,85673,0,0,515.8352451324463
DR,3,4423680,270,1.0,36.46296296296296,28.23147057014851,85673,0,0,515.8352451324463
DR,3,4669440,270,1.0,36.166666666666664,28.22667192497208,85673,0,0,515.8352451324463
DR,3,4915200,270,0.9962962962962963,37.31481481481482,28.12740278500645,85673,0,0,515.8352451324463
DR,1,0,270,0.0,200.0,-3.113553085276097,86607,0,0,518.7703640460968
DR,1,245760,270,0.4185185185185185,139.0962962962963,18.232255437496303,86607,0,0,518.7703640460968
DR,1,491520,270,0.8222222222222222,70.25925925925925,25.24703651855416,86607,0,0,518.7703640460968
DR,1,737280,270,0.9518518518518518,48.63333333333333,27.145718895460515,86607,0,0,518.7703640460968
DR,1,983040,270,0.9592592592592593,45.455555555555556,27.397599772733553,86607,0,0,518.7703640460968
DR,1,1228800,270,0.9555555555555556,48.08888888888889,27.178185435749445,86607,0,0,518.7703640460968
DR,1,1474560,270,0.9407407407407408,46.53703703703704,26.819277735760316,86607,0,0,518.7703640460968
DR,1,1720320,270,0.9629629629629629,43.766666666666666,27.33817310469625,86607,0,0,518.7703640460968
DR,1,1966080,270,0.9888888888888889,37.75555555555555,27.916521430323744,86607,0,0,518.7703640460968
DR,1,2211840,270,0.9962962962962963,36.58518518518518,28.11765107062102,86607,0,0,518.7703640460968
DR,1,2457600,270,0.9703703703703703,40.87777777777778,27.438865861537124,86607,0,0,518.7703640460968
DR,1,2703360,270,0.9925925925925926,36.50370370370371,28.013550766513372,86607,0,0,518.7703640460968
DR,1,2949120,270,1.0,35.303703703703704,28.206545772811488,86607,0,0,518.7703640460968
DR,1,3194880,270,0.9962962962962963,35.55555555555556,28.13750810366337,86607,0,0,518.7703640460968
DR,1,3440640,270,0.9851851851851852,37.37407407407407,27.870203291101866,86607,0,0,518.7703640460968
DR,1,3686400,270,0.9888888888888889,37.22222222222222,27.942445934600162,86607,0,0,518.7703640460968
DR,1,3932160,270,1.0,36.0,28.19835913426943,86607,0,0,518.7703640460968
DR,1,4177920,270,0.9851851851851852,37.666666666666664,27.84507329438482,86607,0,0,518.7703640460968
DR,1,4423680,270,0.9777777777777777,39.84074074074074,27.695295574762074,86607,0,0,518.7703640460968
DR,1,4669440,270,0.9851851851851852,38.7,27.830177537915528,86607,0,0,518.7703640460968
DR,1,4915200,270,0.9888888888888889,37.80740740740741,27.94796830040252,86607,0,0,518.7703640460968
DR,4,0,270,0.0,200.0,-0.6791212887289083,79989,0,0,520.2087259292603
DR,4,245760,270,0.2,167.15555555555557,15.437319213988802,79989,0,0,520.2087259292603
DR,4,491520,270,0.2814814814814815,155.3740740740741,18.521235313808585,79989,0,0,520.2087259292603
DR,4,737280,270,0.7111111111111111,84.05185185185185,23.529686266307685,79989,0,0,520.2087259292603
DR,4,983040,270,0.8444444444444444,65.95185185185186,26.056351637036197,79989,0,0,520.2087259292603
DR,4,1228800,270,0.9481481481481482,48.96296296296296,27.38004752848953,79989,0,0,520.2087259292603
DR,4,1474560,270,0.9074074074074074,55.129629629629626,26.61763324977895,79989,0,0,520.2087259292603
DR,4,1720320,270,0.9740740740740741,41.855555555555554,27.757166269363914,79989,0,0,520.2087259292603
DR,4,1966080,270,0.9740740740740741,42.94814814814815,27.717295005397045,79989,0,0,520.2087259292603
DR,4,2211840,270,0.9851851851851852,39.93703703703704,27.889263553755875,79989,0,0,520.2087259292603
DR,4,2457600,270,0.9888888888888889,39.07037037037037,27.922947421568733,79989,0,0,520.2087259292603
DR,4,2703360,270,0.9888888888888889,39.79259259259259,27.958557851348157,79989,0,0,520.2087259292603
DR,4,2949120,270,0.9962962962962963,36.714814814814815,28.135894368054885,79989,0,0,520.2087259292603
DR,4,3194880,270,0.9888888888888889,37.6037037037037,27.98366707295787,79989,0,0,520.2087259292603
DR,4,3440640,270,0.9925925925925926,36.762962962962966,28.146581611565374,79989,0,0,520.2087259292603
DR,4,3686400,270,1.0,36.577777777777776,28.23824452883964,79989,0,0,520.2087259292603
DR,4,3932160,270,0.9962962962962963,36.03333333333333,28.140737569906047,79989,0,0,520.2087259292603
DR,4,4177920,270,1.0,35.51851851851852,28.232197303104684,79989,0,0,520.2087259292603
DR,4,4423680,270,0.9962962962962963,36.785185185185185,28.131830230107624,79989,0,0,520.2087259292603
DR,4,4669440,270,0.9888888888888889,37.44444444444444,27.99276418581761,79989,0,0,520.2087259292603
DR,4,4915200,270,0.9962962962962963,36.74074074074074,28.161514519676594,79989,0,0,520.2087259292603
DR,2,0,270,0.0,200.0,-3.782860824068559,88554,0,0,522.4163813591003
DR,2,245760,270,0.4074074074074074,134.71481481481482,18.185690391174578,88554,0,0,522.4163813591003
DR,2,491520,270,0.8962962962962963,54.733333333333334,26.336102084089962,88554,0,0,522.4163813591003
DR,2,737280,270,0.9518518518518518,43.29259259259259,27.35095612316098,88554,0,0,522.4163813591003
DR,2,983040,270,0.9703703703703703,43.888888888888886,27.652286096584092,88554,0,0,522.4163813591003
DR,2,1228800,270,0.9814814814814815,39.407407407407405,27.8529437347958,88554,0,0,522.4163813591003
DR,2,1474560,270,0.9925925925925926,38.7962962962963,28.031711982792796,88554,0,0,522.4163813591003
DR,2,1720320,270,0.9888888888888889,37.98148148148148,27.899278676328766,88554,0,0,522.4163813591003
DR,2,1966080,270,0.9925925925925926,37.9,28.01007935782416,88554,0,0,522.4163813591003
DR,2,2211840,270,0.9925925925925926,38.337037037037035,28.056140398344084,88554,0,0,522.4163813591003
DR,2,2457600,270,0.9962962962962963,35.97037037037037,28.13565497949296,88554,0,0,522.4163813591003
DR,2,2703360,270,0.9888888888888889,37.58148148148148,27.929734702865236,88554,0,0,522.4163813591003
DR,2,2949120,270,1.0,35.49629629629629,28.198145059006144,88554,0,0,522.4163813591003
DR,2,3194880,270,1.0,35.44444444444444,28.238793015701685,88554,0,0,522.4163813591003
DR,2,3440640,270,0.9851851851851852,37.42962962962963,27.837936513241026,88554,0,0,522.4163813591003
DR,2,3686400,270,1.0,35.55925925925926,28.18961000024125,88554,0,0,522.4163813591003
DR,2,3932160,270,0.9962962962962963,35.67037037037037,28.110264188919604,88554,0,0,522.4163813591003
DR,2,4177920,270,0.9962962962962963,35.333333333333336,28.15477010939944,88554,0,0,522.4163813591003
DR,2,4423680,270,0.9962962962962963,35.19259259259259,28.130615469984054,88554,0,0,522.4163813591003
DR,2,4669440,270,0.9851851851851852,37.19259259259259,27.8235592667056,88554,0,0,522.4163813591003
DR,2,4915200,270,0.9888888888888889,36.86666666666667,27.988993407060835,88554,0,0,522.4163813591003
DR,5,0,270,0.014814814814814815,197.56666666666666,0.32425338493533895,87148,0,0,522.623284816742
DR,5,245760,270,0.45185185185185184,129.55555555555554,18.751827863971247,87148,0,0,522.623284816742
DR,5,491520,270,0.8555555555555555,60.41481481481482,25.367854621315065,87148,0,0,522.623284816742
DR,5,737280,270,0.9592592592592593,46.41851851851852,27.433858638282047,87148,0,0,522.623284816742
DR,5,983040,270,0.9333333333333333,51.262962962962966,27.00286533168497,87148,0,0,522.623284816742
DR,5,1228800,270,0.937037037037037,49.43333333333333,26.917533460385517,87148,0,0,522.623284816742
DR,5,1474560,270,0.9740740740740741,41.385185185185186,27.693968155651284,87148,0,0,522.623284816742
DR,5,1720320,270,0.9888888888888889,37.98888888888889,27.99458930317694,87148,0,0,522.623284816742
DR,5,1966080,270,0.9925925925925926,37.74814814814815,28.00050801066369,87148,0,0,522.623284816742
DR,5,2211840,270,0.9962962962962963,37.51851851851852,28.14220897924755,87148,0,0,522.623284816742
DR,5,2457600,270,0.9814814814814815,39.6037037037037,27.71207574098798,87148,0,0,522.623284816742
DR,5,2703360,270,0.9962962962962963,36.70740740740741,28.082563496053503,87148,0,0,522.623284816742
DR,5,2949120,270,0.9962962962962963,36.2,28.047186155779066,87148,0,0,522.623284816742
DR,5,3194880,270,0.9925925925925926,35.992592592592594,28.04445063505967,87148,0,0,522.623284816742
DR,5,3440640,270,0.9851851851851852,38.596296296296295,27.95589646084497,87148,0,0,522.623284816742
DR,5,3686400,270,0.9888888888888889,37.851851851851855,28.065206030468698,87148,0,0,522.623284816742
DR,5,3932160,270,0.9962962962962963,36.51481481481481,28.149715681219732,87148,0,0,522.623284816742
DR,5,4177920,270,1.0,36.44814814814815,28.198199143566328,87148,0,0,522.623284816742
DR,5,4423680,270,1.0,35.49629629629629,28.23041827258018,87148,0,0,522.623284816742
DR,5,4669440,270,1.0,35.05925925925926,28.217613995043816,87148,0,0,522.623284816742
DR,5,4915200,270,1.0,34.91111111111111,28.21467874443712,87148,0,0,522.623284816742
DR,6,0,270,0.044444444444444446,193.68148148148148,4.539184055958343,87346,0,0,261.51446318626404
DR,6,245760,270,0.40370370370370373,138.14074074074074,18.485536294934455,87346,0,0,261.51446318626404
DR,6,491520,270,0.9148148148148149,51.55555555555556,26.405613749677986,87346,0,0,261.51446318626404
DR,6,737280,270,0.9481481481481482,45.72962962962963,27.112262011036147,87346,0,0,261.51446318626404
DR,6,983040,270,0.9333333333333333,48.68888888888889,26.966110900176055,87346,0,0,261.51446318626404
DR,6,1228800,270,0.9444444444444444,48.37777777777778,27.008370130479726,87346,0,0,261.51446318626404
DR,6,1474560,270,0.9925925925925926,37.98518518518519,27.977966356127116,87346,0,0,261.51446318626404
DR,6,1720320,270,0.9962962962962963,37.648148148148145,28.08798939375702,87346,0,0,261.51446318626404
DR,6,1966080,270,0.9962962962962963,37.32962962962963,28.058849773060366,87346,0,0,261.51446318626404
DR,6,2211840,270,0.9888888888888889,39.03333333333333,27.85038092590841,87346,0,0,261.51446318626404
DR,6,2457600,270,0.9925925925925926,36.955555555555556,28.051961095909437,87346,0,0,261.51446318626404
DR,6,2703360,270,0.9962962962962963,35.89259259259259,28.094943341161834,87346,0,0,261.51446318626404
DR,6,2949120,270,0.9888888888888889,37.88148148148148,27.898164009079448,87346,0,0,261.51446318626404
DR,6,3194880,270,0.9962962962962963,37.4,28.091122697868357,87346,0,0,261.51446318626404
DR,6,3440640,270,0.9851851851851852,37.885185185185186,27.960452908574975,87346,0,0,261.51446318626404
DR,6,3686400,270,0.9962962962962963,36.22962962962963,28.08766138579997,87346,0,0,261.51446318626404
DR,6,3932160,270,1.0,35.58518518518518,28.191317679818404,87346,0,0,261.51446318626404
DR,6,4177920,270,0.9962962962962963,35.15925925925926,28.121414712352905,87346,0,0,261.51446318626404
DR,6,4423680,270,1.0,35.22222222222222,28.234700200287605,87346,0,0,261.51446318626404
DR,6,4669440,270,1.0,35.12592592592593,28.24638715679263,87346,0,0,261.51446318626404
DR,6,4915200,270,0.9962962962962963,36.93703703703704,28.164497335419224,87346,0,0,261.51446318626404
