config,seed,step,random/n,random/success,random/mean_steps,random/mean_return,episodes,replays,wall_time_sec
DR,1,0,264,0.0,200.0,-1517.4227297051057,6144,0,37.17209315299988
DR,1,61440,264,0.0,200.0,-1492.723267659783,6144,0,37.17209315299988
DR,1,122880,264,0.007575757575757576,200.0,-1139.7967051346116,6144,0,37.17209315299988
DR,1,184320,264,0.35984848484848486,200.0,-802.4021929493935,6144,0,37.17209315299988
DR,1,245760,264,0.01893939393939394,200.0,-1168.829588259578,6144,0,37.17209315299988
DR,1,307200,264,0.0,200.0,-1288.2602185614655,6144,0,37.17209315299988
DR,1,368640,264,0.0,200.0,-822.5282457466491,6144,0,37.17209315299988
DR,1,430080,264,0.0,200.0,-1072.883399962444,6144,0,37.17209315299988
DR,1,491520,264,0.17424242424242425,200.0,-785.7571487476545,6144,0,37.17209315299988
DR,1,552960,264,0.2689393939393939,200.0,-756.6818312772047,6144,0,37.17209315299988
DR,1,614400,264,0.2878787878787879,200.0,-791.568399396146,6144,0,37.17209315299988
DR,1,675840,264,0.015151515151515152,200.0,-1012.5009451187439,6144,0,37.17209315299988
DR,1,737280,264,0.3712121212121212,200.0,-615.6749698806635,6144,0,37.17209315299988
DR,1,798720,264,0.3484848484848485,200.0,-635.7465291118353,6144,0,37.17209315299988
DR,1,860160,264,0.3712121212121212,200.0,-597.1077447095403,6144,0,37.17209315299988
DR,1,921600,264,0.4053030303030303,200.0,-604.101468692272,6144,0,37.17209315299988
DR,1,983040,264,0.21212121212121213,200.0,-781.2944354523744,6144,0,37.17209315299988
DR,1,1044480,264,0.3977272727272727,200.0,-600.5863863402428,6144,0,37.17209315299988
DR,1,1105920,264,0.30303030303030304,200.0,-678.8634557598944,6144,0,37.17209315299988
DR,1,1167360,264,0.30303030303030304,200.0,-673.4226261876461,6144,0,37.17209315299988
DR,1,1228800,264,0.42045454545454547,200.0,-597.5196662563292,6144,0,37.17209315299988
DR,5,0,264,0.0,200.0,-1400.1911015247163,6144,0,37.394213914871216
DR,5,61440,264,0.0,200.0,-1454.2532708338065,6144,0,37.394213914871216
DR,5,122880,264,0.0,200.0,-1284.9872805570124,6144,0,37.394213914871216
DR,5,184320,264,0.003787878787878788,200.0,-955.705850779903,6144,0,37.394213914871216
DR,5,245760,264,0.011363636363636364,200.0,-1078.372100781942,6144,0,37.394213914871216
DR,5,307200,264,0.3181818181818182,200.0,-709.6982390275782,6144,0,37.394213914871216
DR,5,368640,264,0.32575757575757575,200.0,-769.1976401324384,6144,0,37.394213914871216
DR,5,430080,264,0.09848484848484848,200.0,-818.8083227178361,6144,0,37.394213914871216
DR,5,491520,264,0.12121212121212122,200.0,-866.9080334369949,6144,0,37.394213914871216
DR,5,552960,264,0.3068181818181818,200.0,-841.6995014642987,6144,0,37.394213914871216
DR,5,614400,264,0.03787878787878788,200.0,-837.8793164810799,6144,0,37.394213914871216
DR,5,675840,264,0.0,200.0,-1044.1548241126516,6144,0,37.394213914871216
DR,5,737280,264,0.0,200.0,-804.1474925360479,6144,0,37.394213914871216
DR,5,798720,264,0.003787878787878788,200.0,-788.0579711233686,6144,0,37.394213914871216
DR,5,860160,264,0.29924242424242425,200.0,-729.3688285727948,6144,0,37.394213914871216
DR,5,921600,264,0.38636363636363635,200.0,-663.5551634387294,6144,0,37.394213914871216
DR,5,983040,264,0.011363636363636364,200.0,-1089.1576352457027,6144,0,37.394213914871216
DR,5,1044480,264,0.38636363636363635,200.0,-740.5248434181033,6144,0,37.394213914871216
DR,5,1105920,264,0.45454545454545453,200.0,-544.3938998266408,6144,0,37.394213914871216
DR,5,1167360,264,0.39015151515151514,200.0,-567.3760800052855,6144,0,37.394213914871216
DR,5,1228800,264,0.4962121212121212,200.0,-492.91555653104587,6144,0,37.394213914871216
DR,6,0,264,0.0,200.0,-1265.3269348716967,6144,0,37.328758001327515
DR,6,61440,264,0.0,200.0,-1256.3744729459843,6144,0,37.328758001327515
DR,6,122880,264,0.08712121212121213,200.0,-1081.4127436130955,6144,0,37.328758001327515
DR,6,184320,264,0.0,200.0,-1103.7964568437285,6144,0,37.328758001327515
DR,6,245760,264,0.0,200.0,-1239.8214381857706,6144,0,37.328758001327515
DR,6,307200,264,0.12121212121212122,200.0,-1015.603525853302,6144,0,37.328758001327515
DR,6,368640,264,0.16287878787878787,200.0,-751.9788757182515,6144,0,37.328758001327515
DR,6,430080,264,0.003787878787878788,200.0,-1094.8233185247936,6144,0,37.328758001327515
DR,6,491520,264,0.22727272727272727,200.0,-901.5461178915286,6144,0,37.328758001327515
DR,6,552960,264,0.44696969696969696,200.0,-683.4416747324052,6144,0,37.328758001327515
DR,6,614400,264,0.007575757575757576,200.0,-1044.609783715536,6144,0,37.328758001327515
DR,6,675840,264,0.30303030303030304,200.0,-664.7497867645445,6144,0,37.328758001327515
DR,6,737280,264,0.4393939393939394,200.0,-672.1571196227472,6144,0,37.328758001327515
DR,6,798720,264,0.4090909090909091,200.0,-750.6849589108873,6144,0,37.328758001327515
DR,6,860160,264,0.0,200.0,-1060.4382319701795,6144,0,37.328758001327515
DR,6,921600,264,0.06439393939393939,200.0,-918.7359546650436,6144,0,37.328758001327515
DR,6,983040,264,0.4090909090909091,200.0,-592.6583081000682,6144,0,37.328758001327515
DR,6,1044480,264,0.6136363636363636,200.0,-420.21560270685785,6144,0,37.328758001327515
DR,6,1105920,264,0.4734848484848485,200.0,-524.5663785617431,6144,0,37.328758001327515
DR,6,1167360,264,0.625,200.0,-420.9676635800169,6144,0,37.328758001327515
DR,6,1228800,264,0.6818181818181818,200.0,-379.5215721313819,6144,0,37.328758001327515
DR,2,0,264,0.026515151515151516,200.0,-949.1706511466609,6144,0,37.56312918663025
DR,2,61440,264,0.0,200.0,-1407.5067393643885,6144,0,37.56312918663025
DR,2,122880,264,0.0,200.0,-1431.9264492445986,6144,0,37.56312918663025
DR,2,184320,264,0.0,200.0,-940.416871816628,6144,0,37.56312918663025
DR,2,245760,264,0.13636363636363635,200.0,-853.8178075692578,6144,0,37.56312918663025
DR,2,307200,264,0.17424242424242425,200.0,-799.363791468946,6144,0,37.56312918663025
DR,2,368640,264,0.35984848484848486,200.0,-770.6560048769063,6144,0,37.56312918663025
DR,2,430080,264,0.0,200.0,-979.6693154126747,6144,0,37.56312918663025
DR,2,491520,264,0.10984848484848485,200.0,-865.210720488455,6144,0,37.56312918663025
DR,2,552960,264,0.32575757575757575,200.0,-748.523511912965,6144,0,37.56312918663025
DR,2,614400,264,0.0,200.0,-1082.086287513953,6144,0,37.56312918663025
DR,2,675840,264,0.23106060606060605,200.0,-715.1495550401971,6144,0,37.56312918663025
DR,2,737280,264,0.003787878787878788,200.0,-959.348191049284,6144,0,37.56312918663025
DR,2,798720,264,0.0,200.0,-1123.670918440686,6144,0,37.56312918663025
DR,2,860160,264,0.35984848484848486,200.0,-650.2849593915817,6144,0,37.56312918663025
DR,2,921600,264,0.26136363636363635,200.0,-658.7864193631282,6144,0,37.56312918663025
DR,2,983040,264,0.011363636363636364,200.0,-828.9322542764801,6144,0,37.56312918663025
DR,2,1044480,264,0.38636363636363635,200.0,-651.6131532301802,6144,0,37.56312918663025
DR,2,1105920,264,0.38257575757575757,200.0,-555.3499587890458,6144,0,37.56312918663025
DR,2,1167360,264,0.2689393939393939,200.0,-678.60714566685,6144,0,37.56312918663025
DR,2,1228800,264,0.2916666666666667,200.0,-678.3126601548806,6144,0,37.56312918663025
DR,3,0,264,0.0,200.0,-1290.5742112311925,6144,0,37.55699300765991
DR,3,61440,264,0.0,200.0,-1170.8001602584673,6144,0,37.55699300765991
DR,3,122880,264,0.15151515151515152,200.0,-1130.0537784258372,6144,0,37.55699300765991
DR,3,184320,264,0.04924242424242424,200.0,-1091.261179627799,6144,0,37.55699300765991
DR,3,245760,264,0.2689393939393939,200.0,-903.0924016684825,6144,0,37.55699300765991
DR,3,307200,264,0.007575757575757576,200.0,-1107.2621100229196,6144,0,37.55699300765991
DR,3,368640,264,0.022727272727272728,200.0,-810.2309917808318,6144,0,37.55699300765991
DR,3,430080,264,0.1553030303030303,200.0,-781.9746982516747,6144,0,37.55699300765991
DR,3,491520,264,0.026515151515151516,200.0,-809.4973433622921,6144,0,37.55699300765991
DR,3,552960,264,0.0,200.0,-882.834347282871,6144,0,37.55699300765991
DR,3,614400,264,0.0,200.0,-971.9025088375157,6144,0,37.55699300765991
DR,3,675840,264,0.0,200.0,-1164.88229509562,6144,0,37.55699300765991
DR,3,737280,264,0.056818181818181816,200.0,-846.556965410236,6144,0,37.55699300765991
DR,3,798720,264,0.13257575757575757,200.0,-826.4994936497819,6144,0,37.55699300765991
DR,3,860160,264,0.1590909090909091,200.0,-814.1073328700439,6144,0,37.55699300765991
DR,3,921600,264,0.0,200.0,-881.0671753041921,6144,0,37.55699300765991
DR,3,983040,264,0.0,200.0,-1151.1710918581193,6144,0,37.55699300765991
DR,3,1044480,264,0.0,200.0,-1151.040412266953,6144,0,37.55699300765991
DR,3,1105920,264,0.32954545454545453,200.0,-748.2053313668342,6144,0,37.55699300765991
DR,3,1167360,264,0.3787878787878788,200.0,-732.7227615226326,6144,0,37.55699300765991
DR,3,1228800,264,0.45075757575757575,200.0,-708.3532460807518,6144,0,37.55699300765991
DR,4,0,264,0.07196969696969698,200.0,-902.1024232068355,6144,0,37.64241409301758
DR,4,61440,264,0.11363636363636363,200.0,-1237.5004639905992,6144,0,37.64241409301758
DR,4,122880,264,0.0,200.0,-1260.2587618498922,6144,0,37.64241409301758
DR,4,184320,264,0.03409090909090909,200.0,-1087.7014953965559,6144,0,37.64241409301758
DR,4,245760,264,0.0,200.0,-1129.5738097498008,6144,0,37.64241409301758
DR,4,307200,264,0.030303030303030304,200.0,-743.3930254362663,6144,0,37.64241409301758
DR,4,368640,264,0.007575757575757576,200.0,-762.8023737765614,6144,0,37.64241409301758
DR,4,430080,264,0.38257575757575757,200.0,-721.3552641476458,6144,0,37.64241409301758
DR,4,491520,264,0.0,200.0,-1039.9038803615083,6144,0,37.64241409301758
DR,4,552960,264,0.0,200.0,-824.0242842835232,6144,0,37.64241409301758
DR,4,614400,264,0.0,200.0,-994.7342315223159,6144,0,37.64241409301758
DR,4,675840,264,0.35984848484848486,200.0,-778.8186107042891,6144,0,37.64241409301758
DR,4,737280,264,0.36742424242424243,200.0,-730.5163005878854,6144,0,37.64241409301758
DR,4,798720,264,0.056818181818181816,200.0,-717.5632310386939,6144,0,37.64241409301758
DR,4,860160,264,0.3484848484848485,200.0,-704.4347576459019,6144,0,37.64241409301758
DR,4,921600,264,0.3446969696969697,200.0,-705.46175171628,6144,0,37.64241409301758
DR,4,983040,264,0.3333333333333333,200.0,-639.5743534893495,6144,0,37.64241409301758
DR,4,1044480,264,0.3409090909090909,200.0,-663.7439377939756,6144,0,37.64241409301758
DR,4,1105920,264,0.32575757575757575,200.0,-634.0577399112111,6144,0,37.64241409301758
DR,4,1167360,264,0.007575757575757576,200.0,-893.9931652106825,6144,0,37.64241409301758
DR,4,1228800,264,0.35984848484848486,200.0,-603.9355661551012,6144,0,37.64241409301758
DR,7,0,264,0.07196969696969698,200.0,-1133.5751200302086,6144,0,22.79363203048706
DR,7,61440,264,0.07196969696969698,200.0,-1115.9300944503325,6144,0,22.79363203048706
DR,7,122880,264,0.09090909090909091,200.0,-1062.298083085793,6144,0,22.79363203048706
DR,7,184320,264,0.041666666666666664,200.0,-1099.8652581087917,6144,0,22.79363203048706
DR,7,245760,264,0.0,200.0,-867.1422741209329,6144,0,22.79363203048706
DR,7,307200,264,0.0,200.0,-823.0452691660812,6144,0,22.79363203048706
DR,7,368640,264,0.0,200.0,-895.4918509609254,6144,0,22.79363203048706
DR,7,430080,264,0.3181818181818182,200.0,-885.119548507786,6144,0,22.79363203048706
DR,7,491520,264,0.3181818181818182,200.0,-854.6262255454434,6144,0,22.79363203048706
DR,7,552960,264,0.3371212121212121,200.0,-830.7246792513017,6144,0,22.79363203048706
DR,7,614400,264,0.35984848484848486,200.0,-767.8714876668388,6144,0,22.79363203048706
DR,7,675840,264,0.38636363636363635,200.0,-793.9905264463529,6144,0,22.79363203048706
DR,7,737280,264,0.17045454545454544,200.0,-748.323595862631,6144,0,22.79363203048706
DR,7,798720,264,0.2803030303030303,200.0,-741.9043252595751,6144,0,22.79363203048706
DR,7,860160,264,0.1893939393939394,200.0,-746.8366382872289,6144,0,22.79363203048706
DR,7,921600,264,0.003787878787878788,200.0,-806.3465319966443,6144,0,22.79363203048706
DR,7,983040,264,0.3143939393939394,200.0,-661.0078864140578,6144,0,22.79363203048706
DR,7,1044480,264,0.38636363636363635,200.0,-660.0030020548254,6144,0,22.79363203048706
DR,7,1105920,264,0.35984848484848486,200.0,-622.2066759478372,6144,0,22.79363203048706
DR,7,1167360,264,0.5,200.0,-578.723680093217,6144,0,22.79363203048706
DR,7,1228800,264,0.5303030303030303,200.0,-533.9423741681982,6144,0,22.79363203048706
DR,8,0,264,0.0,200.0,-1436.4451764115984,6144,0,22.85521697998047
DR,8,61440,264,0.0,200.0,-1516.7857191882447,6144,0,22.85521697998047
DR,8,122880,264,0.0,200.0,-1126.1784330891405,6144,0,22.85521697998047
DR,8,184320,264,0.05303030303030303,200.0,-829.3936577914372,6144,0,22.85521697998047
DR,8,245760,264,0.0,200.0,-1050.55455701468,6144,0,22.85521697998047
DR,8,307200,264,0.08333333333333333,200.0,-963.3763851561694,6144,0,22.85521697998047
DR,8,368640,264,0.0,200.0,-808.9524762570467,6144,0,22.85521697998047
DR,8,430080,264,0.0,200.0,-880.729798788385,6144,0,22.85521697998047
DR,8,491520,264,0.0,200.0,-775.4695625486818,6144,0,22.85521697998047
DR,8,552960,264,0.06439393939393939,200.0,-806.6107436794318,6144,0,22.85521697998047
DR,8,614400,264,0.041666666666666664,200.0,-813.7168119170425,6144,0,22.85521697998047
DR,8,675840,264,0.1553030303030303,200.0,-760.1261398909855,6144,0,22.85521697998047
DR,8,737280,264,0.3106060606060606,200.0,-742.3767460225582,6144,0,22.85521697998047
DR,8,798720,264,0.48863636363636365,200.0,-623.1524115222672,6144,0,22.85521697998047
DR,8,860160,264,0.44696969696969696,200.0,-713.4384157718415,6144,0,22.85521697998047
DR,8,921600,264,0.4015151515151515,200.0,-658.2280101430512,6144,0,22.85521697998047
DR,8,983040,264,0.5,200.0,-609.3643684372007,6144,0,22.85521697998047
DR,8,1044480,264,0.4810606060606061,200.0,-602.5088787718354,6144,0,22.85521697998047
DR,8,1105920,264,0.5151515151515151,200.0,-585.7257387023035,6144,0,22.85521697998047
DR,8,1167360,264,0.4393939393939394,200.0,-604.2241564014727,6144,0,22.85521697998047
DR,8,1228800,264,0.5113636363636364,200.0,-559.3510773998531,6144,0,22.85521697998047
