config,seed,step,random/n,random/success,random/mean_steps,verifai_dev/n,verifai_dev/success,verifai_dev/mean_steps,verifai_test/n,verifai_test/success,verifai_test/mean_steps,episodes,replays,scouted_steps,lib_counts,wall_time_sec,commit
var_low_cool,2,0,293,0.05460750853242321,483.77815699658703,1000,0.0,500.0,1000,0.0,500.0,2102,0,0,uniform=1444;sir=666,50.73033094406128,138877e
var_low_cool,2,49152,293,0.5665529010238908,280.6689419795222,1000,0.013,498.417,1000,0.007,499.019,2102,0,0,uniform=1444;sir=666,50.73033094406128,138877e
var_low_cool,2,98304,293,0.7747440273037542,208.97952218430035,1000,0.027,497.389,1000,0.018,497.883,2102,0,0,uniform=1444;sir=666,50.73033094406128,138877e
var_low_cool,2,147456,293,0.7679180887372014,212.17064846416383,1000,0.03,496.032,1000,0.024,497.341,2102,0,0,uniform=1444;sir=666,50.73033094406128,138877e
var_low_cool,2,196608,293,0.9044368600682594,166.23549488054607,1000,0.068,492.735,1000,0.043,495.213,2102,0,0,uniform=1444;sir=666,50.73033094406128,138877e
var_low_cool,2,245760,293,0.9283276450511946,159.3071672354949,1000,0.073,491.899,1000,0.047,495.582,2102,0,0,uniform=1444;sir=666,50.73033094406128,138877e
var_low_cool,2,294912,293,0.9590443686006825,151.97610921501706,1000,0.105,489.523,1000,0.101,488.33,2102,0,0,uniform=1444;sir=666,50.73033094406128,138877e
var_low_cool,2,344064,293,0.931740614334471,160.37542662116041,1000,0.046,494.841,1000,0.053,493.427,2102,0,0,uniform=1444;sir=666,50.73033094406128,138877e
var_low_cool,2,393216,293,0.9044368600682594,167.61774744027304,1000,0.055,493.833,1000,0.042,494.949,2102,0,0,uniform=1444;sir=666,50.73033094406128,138877e
var_low_cool,2,442368,293,0.9556313993174061,148.00682593856655,1000,0.112,487.381,1000,0.102,488.725,2102,0,0,uniform=1444;sir=666,50.73033094406128,138877e
var_low_cool,2,491520,293,0.9488054607508533,146.7098976109215,1000,0.104,487.415,1000,0.116,487.328,2102,0,0,uniform=1444;sir=666,50.73033094406128,138877e
var_low_lin,2,0,293,0.25597269624573377,441.9419795221843,1000,0.0,500.0,1000,0.0,500.0,2170,0,0,uniform=1675;sir=503,50.455743074417114,138877e
var_low_lin,2,49152,293,0.5426621160409556,289.08191126279866,1000,0.01,498.458,1000,0.011,498.34,2170,0,0,uniform=1675;sir=503,50.455743074417114,138877e
var_low_lin,2,98304,293,0.4300341296928328,328.8327645051194,1000,0.01,498.851,1000,0.005,499.289,2170,0,0,uniform=1675;sir=503,50.455743074417114,138877e
var_low_lin,2,147456,293,0.7235494880546075,228.53242320819112,1000,0.02,497.862,1000,0.03,496.705,2170,0,0,uniform=1675;sir=503,50.455743074417114,138877e
var_low_lin,2,196608,293,0.9522184300341296,154.12627986348122,1000,0.079,492.248,1000,0.076,491.248,2170,0,0,uniform=1675;sir=503,50.455743074417114,138877e
var_low_lin,2,245760,293,0.9112627986348123,161.16723549488054,1000,0.058,493.038,1000,0.052,494.231,2170,0,0,uniform=1675;sir=503,50.455743074417114,138877e
var_low_lin,2,294912,293,0.9590443686006825,150.65870307167236,1000,0.101,488.464,1000,0.111,488.447,2170,0,0,uniform=1675;sir=503,50.455743074417114,138877e
var_low_lin,2,344064,293,0.9522184300341296,148.92150170648463,1000,0.102,488.56,1000,0.141,483.563,2170,0,0,uniform=1675;sir=503,50.455743074417114,138877e
var_low_lin,2,393216,293,0.9010238907849829,166.1569965870307,1000,0.075,491.41,1000,0.055,493.442,2170,0,0,uniform=1675;sir=503,50.455743074417114,138877e
var_low_lin,2,442368,293,0.9556313993174061,157.3174061433447,1000,0.099,489.227,1000,0.091,489.327,2170,0,0,uniform=1675;sir=503,50.455743074417114,138877e
var_low_lin,2,491520,293,0.9556313993174061,152.0034129692833,1000,0.116,485.938,1000,0.104,488.133,2170,0,0,uniform=1675;sir=503,50.455743074417114,138877e
var_low_cool,3,0,293,0.0,500.0,1000,0.0,500.0,1000,0.0,500.0,2016,0,0,uniform=1367;sir=657,50.48268389701843,138877e
var_low_cool,3,49152,293,0.9249146757679181,166.66211604095562,1000,0.062,493.094,1000,0.058,493.874,2016,0,0,uniform=1367;sir=657,50.48268389701843,138877e
var_low_cool,3,98304,293,0.8498293515358362,189.12627986348122,1000,0.039,494.59,1000,0.032,496.179,2016,0,0,uniform=1367;sir=657,50.48268389701843,138877e
var_low_cool,3,147456,293,0.9419795221843004,161.7098976109215,1000,0.076,492.536,1000,0.081,491.237,2016,0,0,uniform=1367;sir=657,50.48268389701843,138877e
var_low_cool,3,196608,293,0.8873720136518771,182.22525597269623,1000,0.069,492.676,1000,0.062,494.507,2016,0,0,uniform=1367;sir=657,50.48268389701843,138877e
var_low_cool,3,245760,293,0.9351535836177475,165.63139931740614,1000,0.073,492.689,1000,0.074,491.777,2016,0,0,uniform=1367;sir=657,50.48268389701843,138877e
var_low_cool,3,294912,293,0.9249146757679181,167.24914675767917,1000,0.083,491.801,1000,0.074,492.075,2016,0,0,uniform=1367;sir=657,50.48268389701843,138877e
var_low_cool,3,344064,293,0.8600682593856656,188.29692832764505,1000,0.034,496.482,1000,0.032,497.033,2016,0,0,uniform=1367;sir=657,50.48268389701843,138877e
var_low_cool,3,393216,293,0.7679180887372014,220.1296928327645,1000,0.024,497.585,1000,0.028,497.029,2016,0,0,uniform=1367;sir=657,50.48268389701843,138877e
var_low_cool,3,442368,293,0.9249146757679181,167.19453924914677,1000,0.063,494.278,1000,0.054,493.715,2016,0,0,uniform=1367;sir=657,50.48268389701843,138877e
var_low_cool,3,491520,293,0.9590443686006825,150.9863481228669,1000,0.104,487.709,1000,0.096,486.686,2016,0,0,uniform=1367;sir=657,50.48268389701843,138877e
var_low_lin,3,0,293,0.8805460750853242,170.21843003412968,1000,0.058,494.021,1000,0.05,495.108,2097,0,0,uniform=1630;sir=475,50.63813495635986,138877e
var_low_lin,3,49152,293,0.3856655290102389,370.52901023890786,1000,0.019,498.03,1000,0.017,498.324,2097,0,0,uniform=1630;sir=475,50.63813495635986,138877e
var_low_lin,3,98304,293,0.931740614334471,164.17747440273038,1000,0.066,492.681,1000,0.076,491.828,2097,0,0,uniform=1630;sir=475,50.63813495635986,138877e
var_low_lin,3,147456,293,0.6006825938566553,287.2935153583618,1000,0.029,496.349,1000,0.043,496.132,2097,0,0,uniform=1630;sir=475,50.63813495635986,138877e
var_low_lin,3,196608,293,0.552901023890785,308.70989761092153,1000,0.031,496.496,1000,0.049,495.09,2097,0,0,uniform=1630;sir=475,50.63813495635986,138877e
var_low_lin,3,245760,293,0.3890784982935154,369.3754266211604,1000,0.016,498.832,1000,0.018,498.056,2097,0,0,uniform=1630;sir=475,50.63813495635986,138877e
var_low_lin,3,294912,293,0.5733788395904437,297.518771331058,1000,0.035,495.892,1000,0.04,495.164,2097,0,0,uniform=1630;sir=475,50.63813495635986,138877e
var_low_lin,3,344064,293,0.9385665529010239,157.06143344709898,1000,0.099,487.942,1000,0.092,489.253,2097,0,0,uniform=1630;sir=475,50.63813495635986,138877e
var_low_lin,3,393216,293,0.9488054607508533,147.60068259385665,1000,0.097,489.227,1000,0.071,491.62,2097,0,0,uniform=1630;sir=475,50.63813495635986,138877e
var_low_lin,3,442368,293,0.9556313993174061,146.59726962457339,1000,0.1,488.992,1000,0.1,489.406,2097,0,0,uniform=1630;sir=475,50.63813495635986,138877e
var_low_lin,3,491520,293,0.9385665529010239,150.39590443686006,1000,0.098,489.679,1000,0.093,489.369,2097,0,0,uniform=1630;sir=475,50.63813495635986,138877e
var_low_cool,1,0,293,0.0,500.0,1000,0.0,500.0,1000,0.0,500.0,2137,0,0,uniform=1500;sir=645,50.906891107559204,138877e
var_low_cool,1,49152,293,0.6075085324232082,284.0750853242321,1000,0.028,496.563,1000,0.041,494.507,2137,0,0,uniform=1500;sir=645,50.906891107559204,138877e
var_low_cool,1,98304,293,0.40955631399317405,352.8839590443686,1000,0.022,497.607,1000,0.029,496.924,2137,0,0,uniform=1500;sir=645,50.906891107559204,138877e
var_low_cool,1,147456,293,0.8737201365187713,188.24232081911262,1000,0.065,492.531,1000,0.086,490.164,2137,0,0,uniform=1500;sir=645,50.906891107559204,138877e
var_low_cool,1,196608,293,0.8122866894197952,203.69965870307166,1000,0.041,495.622,1000,0.057,493.48,2137,0,0,uniform=1500;sir=645,50.906891107559204,138877e
var_low_cool,1,245760,293,0.8600682593856656,192.02047781569965,1000,0.052,493.568,1000,0.059,493.365,2137,0,0,uniform=1500;sir=645,50.906891107559204,138877e
var_low_cool,1,294912,293,0.9249146757679181,167.79522184300342,1000,0.072,492.565,1000,0.077,491.086,2137,0,0,uniform=1500;sir=645,50.906891107559204,138877e
var_low_cool,1,344064,293,0.9453924914675768,156.77474402730377,1000,0.083,490.938,1000,0.066,492.284,2137,0,0,uniform=1500;sir=645,50.906891107559204,138877e
var_low_cool,1,393216,293,0.9419795221843004,163.160409556314,1000,0.08,491.381,1000,0.079,491.794,2137,0,0,uniform=1500;sir=645,50.906891107559204,138877e
var_low_cool,1,442368,293,0.9453924914675768,163.02047781569965,1000,0.095,490.202,1000,0.101,488.314,2137,0,0,uniform=1500;sir=645,50.906891107559204,138877e
var_low_cool,1,491520,293,0.9488054607508533,161.75767918088738,1000,0.088,489.677,1000,0.08,491.985,2137,0,0,uniform=1500;sir=645,50.906891107559204,138877e
var_low_lin,1,0,293,0.0,500.0,1000,0.0,500.0,1000,0.0,500.0,2077,0,0,uniform=1614;sir=471,50.830095052719116,138877e
var_low_lin,1,49152,293,0.6006825938566553,271.80887372013655,1000,0.011,498.719,1000,0.014,498.482,2077,0,0,uniform=1614;sir=471,50.830095052719116,138877e
var_low_lin,1,98304,293,0.9215017064846417,163.76450511945393,1000,0.047,494.373,1000,0.036,496.069,2077,0,0,uniform=1614;sir=471,50.830095052719116,138877e
var_low_lin,1,147456,293,0.9146757679180887,158.05119453924914,1000,0.077,490.687,1000,0.085,489.32,2077,0,0,uniform=1614;sir=471,50.830095052719116,138877e
var_low_lin,1,196608,293,0.9453924914675768,154.68941979522185,1000,0.1,489.59,1000,0.096,488.013,2077,0,0,uniform=1614;sir=471,50.830095052719116,138877e
var_low_lin,1,245760,293,0.7747440273037542,207.8122866894198,1000,0.018,497.794,1000,0.039,495.498,2077,0,0,uniform=1614;sir=471,50.830095052719116,138877e
var_low_lin,1,294912,293,0.9522184300341296,149.38225255972696,1000,0.094,489.081,1000,0.102,488.72,2077,0,0,uniform=1614;sir=471,50.830095052719116,138877e
var_low_lin,1,344064,293,0.9010238907849829,161.96245733788396,1000,0.052,494.208,1000,0.043,494.886,2077,0,0,uniform=1614;sir=471,50.830095052719116,138877e
var_low_lin,1,393216,293,0.9283276450511946,156.30034129692834,1000,0.078,490.942,1000,0.071,491.349,2077,0,0,uniform=1614;sir=471,50.830095052719116,138877e
var_low_lin,1,442368,293,0.9590443686006825,151.43003412969284,1000,0.081,490.74,1000,0.104,488.242,2077,0,0,uniform=1614;sir=471,50.830095052719116,138877e
var_low_lin,1,491520,293,0.9180887372013652,160.04778156996588,1000,0.059,493.928,1000,0.059,492.76,2077,0,0,uniform=1614;sir=471,50.830095052719116,138877e
var_low_cool,4,0,293,0.20477815699658702,460.75085324232083,1000,0.0,500.0,1000,0.0,500.0,2049,0,0,uniform=1429;sir=628,56.341099977493286,138877e
var_low_cool,4,49152,293,0.8873720136518771,215.07849829351537,1000,0.002,499.912,1000,0.002,499.933,2049,0,0,uniform=1429;sir=628,56.341099977493286,138877e
var_low_cool,4,98304,293,0.8703071672354948,193.8976109215017,1000,0.064,494.011,1000,0.064,493.027,2049,0,0,uniform=1429;sir=628,56.341099977493286,138877e
var_low_cool,4,147456,293,0.726962457337884,238.160409556314,1000,0.037,495.485,1000,0.06,493.091,2049,0,0,uniform=1429;sir=628,56.341099977493286,138877e
var_low_cool,4,196608,293,0.9249146757679181,159.60409556313994,1000,0.109,486.915,1000,0.093,489.576,2049,0,0,uniform=1429;sir=628,56.341099977493286,138877e
var_low_cool,4,245760,293,0.8464163822525598,193.26962457337885,1000,0.084,490.263,1000,0.091,489.583,2049,0,0,uniform=1429;sir=628,56.341099977493286,138877e
var_low_cool,4,294912,293,0.8395904436860068,194.1467576791809,1000,0.073,492.215,1000,0.081,490.055,2049,0,0,uniform=1429;sir=628,56.341099977493286,138877e
var_low_cool,4,344064,293,0.962457337883959,153.3037542662116,1000,0.104,487.261,1000,0.116,488.095,2049,0,0,uniform=1429;sir=628,56.341099977493286,138877e
var_low_cool,4,393216,293,0.9215017064846417,158.26621160409556,1000,0.046,494.584,1000,0.055,493.672,2049,0,0,uniform=1429;sir=628,56.341099977493286,138877e
var_low_cool,4,442368,293,0.9419795221843004,152.10921501706486,1000,0.099,488.938,1000,0.091,489.05,2049,0,0,uniform=1429;sir=628,56.341099977493286,138877e
var_low_cool,4,491520,293,0.9590443686006825,146.95904436860067,1000,0.104,488.724,1000,0.106,486.017,2049,0,0,uniform=1429;sir=628,56.341099977493286,138877e
var_low_lin,4,0,293,0.11262798634812286,482.1467576791809,1000,0.0,500.0,1000,0.0,500.0,2093,0,0,uniform=1637;sir=464,56.32073402404785,138877e
var_low_lin,4,49152,293,0.8532423208191127,220.06825938566553,1000,0.03,497.383,1000,0.037,497.473,2093,0,0,uniform=1637;sir=464,56.32073402404785,138877e
var_low_lin,4,98304,293,0.8122866894197952,205.8259385665529,1000,0.07,492.665,1000,0.052,493.756,2093,0,0,uniform=1637;sir=464,56.32073402404785,138877e
var_low_lin,4,147456,293,0.7372013651877133,224.88737201365188,1000,0.017,497.626,1000,0.014,498.798,2093,0,0,uniform=1637;sir=464,56.32073402404785,138877e
var_low_lin,4,196608,293,0.9419795221843004,155.66211604095562,1000,0.056,493.285,1000,0.064,492.941,2093,0,0,uniform=1637;sir=464,56.32073402404785,138877e
var_low_lin,4,245760,293,0.9112627986348123,159.23549488054607,1000,0.048,493.843,1000,0.052,493.584,2093,0,0,uniform=1637;sir=464,56.32073402404785,138877e
var_low_lin,4,294912,293,0.8327645051194539,187.28327645051195,1000,0.03,496.331,1000,0.028,497.029,2093,0,0,uniform=1637;sir=464,56.32073402404785,138877e
var_low_lin,4,344064,293,0.7986348122866894,200.07508532423208,1000,0.022,497.082,1000,0.025,497.229,2093,0,0,uniform=1637;sir=464,56.32073402404785,138877e
var_low_lin,4,393216,293,0.8907849829351536,171.2866894197952,1000,0.045,496.027,1000,0.044,494.271,2093,0,0,uniform=1637;sir=464,56.32073402404785,138877e
var_low_lin,4,442368,293,0.9385665529010239,154.38566552901023,1000,0.073,492.201,1000,0.081,490.728,2093,0,0,uniform=1637;sir=464,56.32073402404785,138877e
var_low_lin,4,491520,293,0.9522184300341296,149.08532423208192,1000,0.082,489.917,1000,0.09,489.366,2093,0,0,uniform=1637;sir=464,56.32073402404785,138877e
var_low_cool,5,0,293,0.9044368600682594,175.56996587030716,1000,0.034,496.19,1000,0.03,496.962,1981,0,0,uniform=1413;sir=576,56.46349501609802,138877e
var_low_cool,5,49152,293,0.8907849829351536,168.6928327645051,1000,0.049,494.121,1000,0.057,494.228,1981,0,0,uniform=1413;sir=576,56.46349501609802,138877e
var_low_cool,5,98304,293,0.9488054607508533,158.02389078498294,1000,0.098,489.076,1000,0.088,491.165,1981,0,0,uniform=1413;sir=576,56.46349501609802,138877e
var_low_cool,5,147456,293,0.8771331058020477,175.78498293515358,1000,0.037,496.188,1000,0.049,494.953,1981,0,0,uniform=1413;sir=576,56.46349501609802,138877e
var_low_cool,5,196608,293,0.8907849829351536,166.92491467576792,1000,0.058,493.445,1000,0.058,492.872,1981,0,0,uniform=1413;sir=576,56.46349501609802,138877e
var_low_cool,5,245760,293,0.9044368600682594,170.1467576791809,1000,0.083,491.402,1000,0.075,490.936,1981,0,0,uniform=1413;sir=576,56.46349501609802,138877e
var_low_cool,5,294912,293,0.32764505119453924,389.97610921501706,1000,0.003,499.848,1000,0.007,499.325,1981,0,0,uniform=1413;sir=576,56.46349501609802,138877e
var_low_cool,5,344064,293,0.8191126279863481,187.8430034129693,1000,0.024,496.87,1000,0.018,497.773,1981,0,0,uniform=1413;sir=576,56.46349501609802,138877e
var_low_cool,5,393216,293,0.8293515358361775,189.64163822525597,1000,0.039,495.026,1000,0.036,495.12,1981,0,0,uniform=1413;sir=576,56.46349501609802,138877e
var_low_cool,5,442368,293,0.9215017064846417,156.54266211604096,1000,0.066,492.035,1000,0.084,491.077,1981,0,0,uniform=1413;sir=576,56.46349501609802,138877e
var_low_cool,5,491520,293,0.9249146757679181,162.1740614334471,1000,0.067,492.23,1000,0.085,490.609,1981,0,0,uniform=1413;sir=576,56.46349501609802,138877e
var_low_lin,5,0,293,0.0,500.0,1000,0.0,500.0,1000,0.0,500.0,2116,0,0,uniform=1679;sir=445,56.32995295524597,138877e
var_low_lin,5,49152,293,0.9590443686006825,149.90784982935153,1000,0.084,491.024,1000,0.075,491.347,2116,0,0,uniform=1679;sir=445,56.32995295524597,138877e
var_low_lin,5,98304,293,0.5836177474402731,304.70307167235495,1000,0.004,499.726,1000,0.008,499.334,2116,0,0,uniform=1679;sir=445,56.32995295524597,138877e
var_low_lin,5,147456,293,0.017064846416382253,492.481228668942,1000,0.0,500.0,1000,0.0,500.0,2116,0,0,uniform=1679;sir=445,56.32995295524597,138877e
var_low_lin,5,196608,293,0.16382252559726962,435.8805460750853,1000,0.0,500.0,1000,0.0,500.0,2116,0,0,uniform=1679;sir=445,56.32995295524597,138877e
var_low_lin,5,245760,293,0.5494880546075085,289.14334470989763,1000,0.006,499.643,1000,0.003,499.813,2116,0,0,uniform=1679;sir=445,56.32995295524597,138877e
var_low_lin,5,294912,293,0.8498293515358362,188.259385665529,1000,0.038,495.836,1000,0.058,493.601,2116,0,0,uniform=1679;sir=445,56.32995295524597,138877e
var_low_lin,5,344064,293,0.9419795221843004,153.53924914675767,1000,0.097,488.726,1000,0.104,489.232,2116,0,0,uniform=1679;sir=445,56.32995295524597,138877e
var_low_lin,5,393216,293,0.931740614334471,161.77815699658703,1000,0.085,489.339,1000,0.096,489.132,2116,0,0,uniform=1679;sir=445,56.32995295524597,138877e
var_low_lin,5,442368,293,0.9180887372013652,161.50853242320818,1000,0.087,490.871,1000,0.075,491.166,2116,0,0,uniform=1679;sir=445,56.32995295524597,138877e
var_low_lin,5,491520,293,0.8873720136518771,174.34129692832764,1000,0.088,489.045,1000,0.086,489.649,2116,0,0,uniform=1679;sir=445,56.32995295524597,138877e
var_low_cool,6,0,293,0.0,500.0,1000,0.0,500.0,1000,0.0,500.0,2024,0,0,uniform=1377;sir=655,56.84194207191467,138877e
var_low_cool,6,49152,293,0.962457337883959,149.2627986348123,1000,0.073,491.409,1000,0.087,490.125,2024,0,0,uniform=1377;sir=655,56.84194207191467,138877e
var_low_cool,6,98304,293,0.6928327645051194,233.2457337883959,1000,0.013,498.267,1000,0.006,499.054,2024,0,0,uniform=1377;sir=655,56.84194207191467,138877e
var_low_cool,6,147456,293,0.4948805460750853,302.91808873720134,1000,0.007,499.058,1000,0.009,498.805,2024,0,0,uniform=1377;sir=655,56.84194207191467,138877e
var_low_cool,6,196608,293,0.9180887372013652,161.9965870307167,1000,0.054,493.447,1000,0.056,493.516,2024,0,0,uniform=1377;sir=655,56.84194207191467,138877e
var_low_cool,6,245760,293,0.9180887372013652,161.79180887372013,1000,0.068,493.49,1000,0.06,493.956,2024,0,0,uniform=1377;sir=655,56.84194207191467,138877e
var_low_cool,6,294912,293,0.9658703071672355,147.54607508532422,1000,0.116,485.893,1000,0.109,486.358,2024,0,0,uniform=1377;sir=655,56.84194207191467,138877e
var_low_cool,6,344064,293,0.962457337883959,144.57337883959045,1000,0.113,486.532,1000,0.111,485.841,2024,0,0,uniform=1377;sir=655,56.84194207191467,138877e
var_low_cool,6,393216,293,0.9453924914675768,150.27986348122866,1000,0.105,488.521,1000,0.093,488.59,2024,0,0,uniform=1377;sir=655,56.84194207191467,138877e
var_low_cool,6,442368,293,0.9556313993174061,147.50511945392492,1000,0.088,489.77,1000,0.096,488.896,2024,0,0,uniform=1377;sir=655,56.84194207191467,138877e
var_low_cool,6,491520,293,0.9453924914675768,146.11945392491467,1000,0.092,489.785,1000,0.104,488.499,2024,0,0,uniform=1377;sir=655,56.84194207191467,138877e
var_low_lin,6,0,293,0.0,500.0,1000,0.0,500.0,1000,0.0,500.0,2130,0,0,uniform=1642;sir=496,56.702467918395996,138877e
var_low_lin,6,49152,293,0.9419795221843004,157.51535836177473,1000,0.078,490.363,1000,0.091,488.84,2130,0,0,uniform=1642;sir=496,56.702467918395996,138877e
var_low_lin,6,98304,293,0.8361774744027304,186.28327645051195,1000,0.028,496.686,1000,0.023,497.778,2130,0,0,uniform=1642;sir=496,56.702467918395996,138877e
var_low_lin,6,147456,293,0.5221843003412969,292.87030716723547,1000,0.008,498.954,1000,0.012,498.763,2130,0,0,uniform=1642;sir=496,56.702467918395996,138877e
var_low_lin,6,196608,293,0.7133105802047781,228.08191126279863,1000,0.014,498.656,1000,0.015,498.14,2130,0,0,uniform=1642;sir=496,56.702467918395996,138877e
var_low_lin,6,245760,293,0.7064846416382252,229.64163822525597,1000,0.02,497.222,1000,0.018,498.163,2130,0,0,uniform=1642;sir=496,56.702467918395996,138877e
var_low_lin,6,294912,293,0.8976109215017065,165.80546075085323,1000,0.062,493.245,1000,0.049,494.604,2130,0,0,uniform=1642;sir=496,56.702467918395996,138877e
var_low_lin,6,344064,293,0.8907849829351536,168.75085324232083,1000,0.034,496.013,1000,0.047,494.803,2130,0,0,uniform=1642;sir=496,56.702467918395996,138877e
var_low_lin,6,393216,293,0.9283276450511946,160.73037542662115,1000,0.072,492.934,1000,0.063,492.586,2130,0,0,uniform=1642;sir=496,56.702467918395996,138877e
var_low_lin,6,442368,293,0.8976109215017065,161.89419795221843,1000,0.046,494.883,1000,0.04,495.763,2130,0,0,uniform=1642;sir=496,56.702467918395996,138877e
var_low_lin,6,491520,293,0.9556313993174061,145.46075085324233,1000,0.082,490.578,1000,0.087,490.776,2130,0,0,uniform=1642;sir=496,56.702467918395996,138877e
var_low_cool,7,0,293,0.0,500.0,1000,0.0,500.0,1000,0.0,500.0,2074,0,0,uniform=1439;sir=643,38.84156513214111,138877e
var_low_cool,7,49152,293,0.8976109215017065,164.1023890784983,1000,0.059,493.04,1000,0.073,491.896,2074,0,0,uniform=1439;sir=643,38.84156513214111,138877e
var_low_cool,7,98304,293,0.931740614334471,154.45392491467578,1000,0.106,486.961,1000,0.079,490.252,2074,0,0,uniform=1439;sir=643,38.84156513214111,138877e
var_low_cool,7,147456,293,0.9180887372013652,164.04095563139933,1000,0.055,494.294,1000,0.071,492.432,2074,0,0,uniform=1439;sir=643,38.84156513214111,138877e
var_low_cool,7,196608,293,0.962457337883959,159.86006825938566,1000,0.08,490.826,1000,0.082,490.69,2074,0,0,uniform=1439;sir=643,38.84156513214111,138877e
var_low_cool,7,245760,293,0.9453924914675768,159.88054607508533,1000,0.074,492.462,1000,0.083,491.096,2074,0,0,uniform=1439;sir=643,38.84156513214111,138877e
var_low_cool,7,294912,293,0.9249146757679181,158.12627986348122,1000,0.065,492.887,1000,0.07,491.797,2074,0,0,uniform=1439;sir=643,38.84156513214111,138877e
var_low_cool,7,344064,293,0.9522184300341296,156.27986348122866,1000,0.086,489.648,1000,0.077,490.976,2074,0,0,uniform=1439;sir=643,38.84156513214111,138877e
var_low_cool,7,393216,293,0.9692832764505119,147.90784982935153,1000,0.106,487.091,1000,0.106,486.823,2074,0,0,uniform=1439;sir=643,38.84156513214111,138877e
var_low_cool,7,442368,293,0.9351535836177475,152.38907849829351,1000,0.098,488.299,1000,0.091,489.706,2074,0,0,uniform=1439;sir=643,38.84156513214111,138877e
var_low_cool,7,491520,293,0.9351535836177475,161.21843003412968,1000,0.053,493.644,1000,0.062,492.728,2074,0,0,uniform=1439;sir=643,38.84156513214111,138877e
var_low_lin,7,0,293,0.0,500.0,1000,0.0,500.0,1000,0.0,500.0,2067,0,0,uniform=1593;sir=482,38.731109857559204,138877e
var_low_lin,7,49152,293,0.8703071672354948,180.52559726962457,1000,0.053,495.018,1000,0.045,495.389,2067,0,0,uniform=1593;sir=482,38.731109857559204,138877e
var_low_lin,7,98304,293,0.9488054607508533,160.49146757679182,1000,0.103,488.626,1000,0.107,487.905,2067,0,0,uniform=1593;sir=482,38.731109857559204,138877e
var_low_lin,7,147456,293,0.8498293515358362,242.33105802047783,1000,0.001,499.96,1000,0.0,500.0,2067,0,0,uniform=1593;sir=482,38.731109857559204,138877e
var_low_lin,7,196608,293,0.9180887372013652,157.8566552901024,1000,0.064,492.608,1000,0.061,493.006,2067,0,0,uniform=1593;sir=482,38.731109857559204,138877e
var_low_lin,7,245760,293,0.8498293515358362,177.96245733788396,1000,0.049,494.286,1000,0.052,494.624,2067,0,0,uniform=1593;sir=482,38.731109857559204,138877e
var_low_lin,7,294912,293,0.9010238907849829,166.4778156996587,1000,0.058,492.152,1000,0.06,492.755,2067,0,0,uniform=1593;sir=482,38.731109857559204,138877e
var_low_lin,7,344064,293,0.8156996587030717,192.66894197952217,1000,0.025,497.153,1000,0.04,495.073,2067,0,0,uniform=1593;sir=482,38.731109857559204,138877e
var_low_lin,7,393216,293,0.8191126279863481,195.40955631399316,1000,0.021,497.676,1000,0.038,496.237,2067,0,0,uniform=1593;sir=482,38.731109857559204,138877e
var_low_lin,7,442368,293,0.9419795221843004,154.33105802047783,1000,0.1,487.887,1000,0.113,487.409,2067,0,0,uniform=1593;sir=482,38.731109857559204,138877e
var_low_lin,7,491520,293,0.9180887372013652,160.3174061433447,1000,0.057,494.398,1000,0.041,495.105,2067,0,0,uniform=1593;sir=482,38.731109857559204,138877e
var_low_cool,8,0,293,0.006825938566552901,498.41638225255974,1000,0.0,500.0,1000,0.0,500.0,2061,0,0,uniform=1426;sir=643,38.8454110622406,138877e
var_low_cool,8,49152,293,0.8805460750853242,178.68941979522185,1000,0.053,494.349,1000,0.055,494.922,2061,0,0,uniform=1426;sir=643,38.8454110622406,138877e
var_low_cool,8,98304,293,0.9351535836177475,155.12286689419795,1000,0.089,490.693,1000,0.089,491.249,2061,0,0,uniform=1426;sir=643,38.8454110622406,138877e
var_low_cool,8,147456,293,0.9522184300341296,148.1433447098976,1000,0.089,491.33,1000,0.09,490.505,2061,0,0,uniform=1426;sir=643,38.8454110622406,138877e
var_low_cool,8,196608,293,0.9590443686006825,149.49829351535837,1000,0.099,488.556,1000,0.117,486.555,2061,0,0,uniform=1426;sir=643,38.8454110622406,138877e
var_low_cool,8,245760,293,0.9590443686006825,148.8976109215017,1000,0.095,488.686,1000,0.104,488.056,2061,0,0,uniform=1426;sir=643,38.8454110622406,138877e
var_low_cool,8,294912,293,0.9010238907849829,167.32764505119454,1000,0.065,493.385,1000,0.062,492.952,2061,0,0,uniform=1426;sir=643,38.8454110622406,138877e
var_low_cool,8,344064,293,0.9146757679180887,165.09556313993173,1000,0.079,491.465,1000,0.085,490.171,2061,0,0,uniform=1426;sir=643,38.8454110622406,138877e
var_low_cool,8,393216,293,0.9351535836177475,149.61774744027304,1000,0.103,487.117,1000,0.099,488.724,2061,0,0,uniform=1426;sir=643,38.8454110622406,138877e
var_low_cool,8,442368,293,0.9283276450511946,160.8703071672355,1000,0.075,490.213,1000,0.075,490.66,2061,0,0,uniform=1426;sir=643,38.8454110622406,138877e
var_low_cool,8,491520,293,0.9522184300341296,149.36518771331058,1000,0.124,485.709,1000,0.106,486.737,2061,0,0,uniform=1426;sir=643,38.8454110622406,138877e
var_low_lin,8,0,293,0.8361774744027304,258.5255972696246,1000,0.006,499.583,1000,0.006,499.692,2110,0,0,uniform=1640;sir=478,38.86833095550537,138877e
var_low_lin,8,49152,293,0.9044368600682594,161.5836177474403,1000,0.055,493.869,1000,0.063,493.679,2110,0,0,uniform=1640;sir=478,38.86833095550537,138877e
var_low_lin,8,98304,293,0.9488054607508533,156.51194539249147,1000,0.068,493.037,1000,0.089,489.993,2110,0,0,uniform=1640;sir=478,38.86833095550537,138877e
var_low_lin,8,147456,293,0.3856655290102389,362.48805460750856,1000,0.029,496.993,1000,0.021,497.414,2110,0,0,uniform=1640;sir=478,38.86833095550537,138877e
var_low_lin,8,196608,293,0.20477815699658702,428.70989761092153,1000,0.009,499.208,1000,0.01,498.991,2110,0,0,uniform=1640;sir=478,38.86833095550537,138877e
var_low_lin,8,245760,293,0.9351535836177475,163.64163822525597,1000,0.084,490.563,1000,0.062,492.636,2110,0,0,uniform=1640;sir=478,38.86833095550537,138877e
var_low_lin,8,294912,293,0.9453924914675768,153.07167235494882,1000,0.099,490.004,1000,0.091,490.108,2110,0,0,uniform=1640;sir=478,38.86833095550537,138877e
var_low_lin,8,344064,293,0.9112627986348123,165.67576791808872,1000,0.065,493.008,1000,0.06,493.553,2110,0,0,uniform=1640;sir=478,38.86833095550537,138877e
var_low_lin,8,393216,293,0.9556313993174061,147.90784982935153,1000,0.084,490.827,1000,0.101,488.984,2110,0,0,uniform=1640;sir=478,38.86833095550537,138877e
var_low_lin,8,442368,293,0.9419795221843004,151.31399317406144,1000,0.114,487.735,1000,0.091,489.211,2110,0,0,uniform=1640;sir=478,38.86833095550537,138877e
var_low_lin,8,491520,293,0.9215017064846417,164.0136518771331,1000,0.091,489.202,1000,0.096,487.867,2110,0,0,uniform=1640;sir=478,38.86833095550537,138877e
