arm,seed,run_seed,step,random/n,random/success,random/mean_steps,n_episodes,n_new,wall_time_sec
N,1005,3714635706,0,293,0.0,500.0,6954,6954,252.69957208633423
N,1005,3714635706,40960,293,0.9385665529010239,158.44368600682594,6954,6954,252.69957208633423
N,1005,3714635706,81920,293,0.9078498293515358,163.67576791808872,6954,6954,252.69957208633423
N,1005,3714635706,122880,293,0.8771331058020477,177.93174061433447,6954,6954,252.69957208633423
N,1005,3714635706,163840,293,0.8088737201365188,197.96245733788396,6954,6954,252.69957208633423
N,1005,3714635706,204800,293,0.9453924914675768,151.36518771331058,6954,6954,252.69957208633423
N,1005,3714635706,245760,293,0.9556313993174061,156.7235494880546,6954,6954,252.69957208633423
N,1005,3714635706,286720,293,0.9010238907849829,163.64505119453923,6954,6954,252.69957208633423
N,1005,3714635706,327680,293,0.9283276450511946,158.67576791808872,6954,6954,252.69957208633423
N,1005,3714635706,368640,293,0.8464163822525598,183.259385665529,6954,6954,252.69957208633423
N,1005,3714635706,409600,293,0.9351535836177475,151.43003412969284,6954,6954,252.69957208633423
N,1005,3714635706,450560,293,0.9488054607508533,154.91126279863482,6954,6954,252.69957208633423
N,1005,3714635706,491520,293,0.9453924914675768,153.96587030716722,6954,6954,252.69957208633423
N,1005,3714635706,532480,293,0.9590443686006825,147.7098976109215,6954,6954,252.69957208633423
N,1005,3714635706,573440,293,0.9590443686006825,153.19453924914677,6954,6954,252.69957208633423
N,1005,3714635706,614400,293,0.9453924914675768,149.0,6954,6954,252.69957208633423
N,1005,3714635706,655360,293,0.962457337883959,148.7269624573379,6954,6954,252.69957208633423
N,1005,3714635706,696320,293,0.9180887372013652,157.62116040955632,6954,6954,252.69957208633423
N,1005,3714635706,737280,293,0.9419795221843004,153.63822525597269,6954,6954,252.69957208633423
N,1005,3714635706,778240,293,0.9590443686006825,151.7064846416382,6954,6954,252.69957208633423
N,1005,3714635706,819200,293,0.962457337883959,146.83276450511946,6954,6954,252.69957208633423
N,1005,3714635706,860160,293,0.9010238907849829,161.9965870307167,6954,6954,252.69957208633423
N,1005,3714635706,901120,293,0.9283276450511946,156.37883959044368,6954,6954,252.69957208633423
N,1005,3714635706,942080,293,0.9590443686006825,146.740614334471,6954,6954,252.69957208633423
N,1005,3714635706,983040,293,0.9385665529010239,149.8976109215017,6954,6954,252.69957208633423
N,1005,3714635706,1024000,293,0.9419795221843004,154.19453924914677,6954,6954,252.69957208633423
N,1005,3714635706,1064960,293,0.9453924914675768,156.13651877133105,6954,6954,252.69957208633423
N,1005,3714635706,1105920,293,0.9488054607508533,152.06143344709898,6954,6954,252.69957208633423
N,1005,3714635706,1146880,293,0.9180887372013652,162.05119453924914,6954,6954,252.69957208633423
N,1005,3714635706,1187840,293,0.8976109215017065,168.09215017064847,6954,6954,252.69957208633423
N,1005,3714635706,1228800,293,0.9419795221843004,150.3924914675768,6954,6954,252.69957208633423
N,1003,355198357,0,293,0.0,500.0,7055,7055,253.46570324897766
N,1003,355198357,40960,293,0.9556313993174061,155.1877133105802,7055,7055,253.46570324897766
N,1003,355198357,81920,293,0.9146757679180887,166.16382252559728,7055,7055,253.46570324897766
N,1003,355198357,122880,293,0.9522184300341296,155.76109215017064,7055,7055,253.46570324897766
N,1003,355198357,163840,293,0.9385665529010239,160.8668941979522,7055,7055,253.46570324897766
N,1003,355198357,204800,293,0.9385665529010239,156.4232081911263,7055,7055,253.46570324897766
N,1003,355198357,245760,293,0.9419795221843004,154.38225255972696,7055,7055,253.46570324897766
N,1003,355198357,286720,293,0.9044368600682594,164.63822525597269,7055,7055,253.46570324897766
N,1003,355198357,327680,293,0.9522184300341296,154.3071672354949,7055,7055,253.46570324897766
N,1003,355198357,368640,293,0.8737201365187713,174.46757679180888,7055,7055,253.46570324897766
N,1003,355198357,409600,293,0.9351535836177475,151.7679180887372,7055,7055,253.46570324897766
N,1003,355198357,450560,293,0.9112627986348123,161.6075085324232,7055,7055,253.46570324897766
N,1003,355198357,491520,293,0.9522184300341296,147.63481228668942,7055,7055,253.46570324897766
N,1003,355198357,532480,293,0.962457337883959,148.65870307167236,7055,7055,253.46570324897766
N,1003,355198357,573440,293,0.9453924914675768,154.15358361774744,7055,7055,253.46570324897766
N,1003,355198357,614400,293,0.9556313993174061,146.49488054607508,7055,7055,253.46570324897766
N,1003,355198357,655360,293,0.9453924914675768,148.49488054607508,7055,7055,253.46570324897766
N,1003,355198357,696320,293,0.9556313993174061,149.320819112628,7055,7055,253.46570324897766
N,1003,355198357,737280,293,0.9351535836177475,153.1877133105802,7055,7055,253.46570324897766
N,1003,355198357,778240,293,0.9385665529010239,155.3481228668942,7055,7055,253.46570324897766
N,1003,355198357,819200,293,0.9488054607508533,144.67576791808872,7055,7055,253.46570324897766
N,1003,355198357,860160,293,0.9488054607508533,151.94880546075086,7055,7055,253.46570324897766
N,1003,355198357,901120,293,0.9488054607508533,147.51877133105802,7055,7055,253.46570324897766
N,1003,355198357,942080,293,0.9522184300341296,154.03412969283278,7055,7055,253.46570324897766
N,1003,355198357,983040,293,0.9180887372013652,162.1433447098976,7055,7055,253.46570324897766
N,1003,355198357,1024000,293,0.962457337883959,146.9556313993174,7055,7055,253.46570324897766
N,1003,355198357,1064960,293,0.9453924914675768,150.08191126279863,7055,7055,253.46570324897766
N,1003,355198357,1105920,293,0.9590443686006825,145.01023890784984,7055,7055,253.46570324897766
N,1003,355198357,1146880,293,0.9488054607508533,146.54607508532422,7055,7055,253.46570324897766
N,1003,355198357,1187840,293,0.9590443686006825,146.67235494880546,7055,7055,253.46570324897766
N,1003,355198357,1228800,293,0.9590443686006825,149.19795221843003,7055,7055,253.46570324897766
N,1001,407579403,0,293,0.7235494880546075,230.38907849829351,7043,7043,254.4615249633789
N,1001,407579403,40960,293,0.9385665529010239,161.8122866894198,7043,7043,254.4615249633789
N,1001,407579403,81920,293,0.9249146757679181,164.54607508532422,7043,7043,254.4615249633789
N,1001,407579403,122880,293,0.7849829351535836,210.4232081911263,7043,7043,254.4615249633789
N,1001,407579403,163840,293,0.9112627986348123,170.03754266211604,7043,7043,254.4615249633789
N,1001,407579403,204800,293,0.8839590443686007,177.54607508532422,7043,7043,254.4615249633789
N,1001,407579403,245760,293,0.9419795221843004,157.3071672354949,7043,7043,254.4615249633789
N,1001,407579403,286720,293,0.9112627986348123,166.33788395904438,7043,7043,254.4615249633789
N,1001,407579403,327680,293,0.9453924914675768,159.37883959044368,7043,7043,254.4615249633789
N,1001,407579403,368640,293,0.9351535836177475,154.74402730375428,7043,7043,254.4615249633789
N,1001,407579403,409600,293,0.9590443686006825,150.27986348122866,7043,7043,254.4615249633789
N,1001,407579403,450560,293,0.9453924914675768,152.9556313993174,7043,7043,254.4615249633789
N,1001,407579403,491520,293,0.9453924914675768,149.12286689419795,7043,7043,254.4615249633789
N,1001,407579403,532480,293,0.931740614334471,157.90443686006827,7043,7043,254.4615249633789
N,1001,407579403,573440,293,0.9488054607508533,154.73378839590444,7043,7043,254.4615249633789
N,1001,407579403,614400,293,0.9590443686006825,148.9556313993174,7043,7043,254.4615249633789
N,1001,407579403,655360,293,0.9453924914675768,149.5836177474403,7043,7043,254.4615249633789
N,1001,407579403,696320,293,0.863481228668942,175.06484641638227,7043,7043,254.4615249633789
N,1001,407579403,737280,293,0.8327645051194539,188.66894197952217,7043,7043,254.4615249633789
N,1001,407579403,778240,293,0.8703071672354948,167.71672354948805,7043,7043,254.4615249633789
N,1001,407579403,819200,293,0.8293515358361775,182.62798634812287,7043,7043,254.4615249633789
N,1001,407579403,860160,293,0.9556313993174061,152.11262798634812,7043,7043,254.4615249633789
N,1001,407579403,901120,293,0.9590443686006825,148.39590443686006,7043,7043,254.4615249633789
N,1001,407579403,942080,293,0.9556313993174061,152.81911262798636,7043,7043,254.4615249633789
N,1001,407579403,983040,293,0.9453924914675768,158.21160409556313,7043,7043,254.4615249633789
N,1001,407579403,1024000,293,0.9556313993174061,150.46757679180888,7043,7043,254.4615249633789
N,1001,407579403,1064960,293,0.9590443686006825,150.65870307167236,7043,7043,254.4615249633789
N,1001,407579403,1105920,293,0.962457337883959,146.22866894197952,7043,7043,254.4615249633789
N,1001,407579403,1146880,293,0.9488054607508533,149.77815699658703,7043,7043,254.4615249633789
N,1001,407579403,1187840,293,0.9590443686006825,150.5529010238908,7043,7043,254.4615249633789
N,1001,407579403,1228800,293,0.9453924914675768,154.4368600682594,7043,7043,254.4615249633789
N,1002,509429501,0,293,0.25597269624573377,421.2798634812287,7053,7053,257.9516658782959
N,1002,509429501,40960,293,0.9419795221843004,159.16723549488054,7053,7053,257.9516658782959
N,1002,509429501,81920,293,0.9351535836177475,162.53924914675767,7053,7053,257.9516658782959
N,1002,509429501,122880,293,0.8054607508532423,202.32423208191128,7053,7053,257.9516658782959
N,1002,509429501,163840,293,0.9249146757679181,160.64846416382252,7053,7053,257.9516658782959
N,1002,509429501,204800,293,0.9590443686006825,153.84641638225256,7053,7053,257.9516658782959
N,1002,509429501,245760,293,0.89419795221843,169.61092150170649,7053,7053,257.9516658782959
N,1002,509429501,286720,293,0.9283276450511946,155.6962457337884,7053,7053,257.9516658782959
N,1002,509429501,327680,293,0.9351535836177475,151.259385665529,7053,7053,257.9516658782959
N,1002,509429501,368640,293,0.9556313993174061,151.50511945392492,7053,7053,257.9516658782959
N,1002,509429501,409600,293,0.9556313993174061,152.9829351535836,7053,7053,257.9516658782959
N,1002,509429501,450560,293,0.9590443686006825,150.3481228668942,7053,7053,257.9516658782959
N,1002,509429501,491520,293,0.9419795221843004,163.8839590443686,7053,7053,257.9516658782959
N,1002,509429501,532480,293,0.9522184300341296,149.63822525597269,7053,7053,257.9516658782959
N,1002,509429501,573440,293,0.9658703071672355,148.35836177474403,7053,7053,257.9516658782959
N,1002,509429501,614400,293,0.9590443686006825,148.9863481228669,7053,7053,257.9516658782959
N,1002,509429501,655360,293,0.9556313993174061,151.18088737201364,7053,7053,257.9516658782959
N,1002,509429501,696320,293,0.9590443686006825,144.9556313993174,7053,7053,257.9516658782959
N,1002,509429501,737280,293,0.9590443686006825,146.32764505119454,7053,7053,257.9516658782959
N,1002,509429501,778240,293,0.9658703071672355,144.79180887372013,7053,7053,257.9516658782959
N,1002,509429501,819200,293,0.962457337883959,144.3071672354949,7053,7053,257.9516658782959
N,1002,509429501,860160,293,0.9590443686006825,146.7098976109215,7053,7053,257.9516658782959
N,1002,509429501,901120,293,0.9556313993174061,145.97610921501706,7053,7053,257.9516658782959
N,1002,509429501,942080,293,0.9590443686006825,147.09897610921502,7053,7053,257.9516658782959
N,1002,509429501,983040,293,0.9522184300341296,143.38225255972696,7053,7053,257.9516658782959
N,1002,509429501,1024000,293,0.9590443686006825,142.97952218430035,7053,7053,257.9516658782959
N,1002,509429501,1064960,293,0.9556313993174061,142.41296928327645,7053,7053,257.9516658782959
N,1002,509429501,1105920,293,0.9726962457337884,147.77474402730377,7053,7053,257.9516658782959
N,1002,509429501,1146880,293,0.9522184300341296,146.1433447098976,7053,7053,257.9516658782959
N,1002,509429501,1187840,293,0.9556313993174061,146.64505119453923,7053,7053,257.9516658782959
N,1002,509429501,1228800,293,0.8498293515358362,176.20477815699658,7053,7053,257.9516658782959
N,1004,3412689977,0,293,0.0,500.0,6970,6970,257.87323904037476
N,1004,3412689977,40960,293,0.931740614334471,160.16723549488054,6970,6970,257.87323904037476
N,1004,3412689977,81920,293,0.9522184300341296,154.0307167235495,6970,6970,257.87323904037476
N,1004,3412689977,122880,293,0.8464163822525598,197.08191126279863,6970,6970,257.87323904037476
N,1004,3412689977,163840,293,0.8498293515358362,186.52559726962457,6970,6970,257.87323904037476
N,1004,3412689977,204800,293,0.8839590443686007,168.55631399317406,6970,6970,257.87323904037476
N,1004,3412689977,245760,293,0.9215017064846417,158.11262798634812,6970,6970,257.87323904037476
N,1004,3412689977,286720,293,0.9453924914675768,147.76109215017064,6970,6970,257.87323904037476
N,1004,3412689977,327680,293,0.9419795221843004,153.07167235494882,6970,6970,257.87323904037476
N,1004,3412689977,368640,293,0.9829351535836177,144.4061433447099,6970,6970,257.87323904037476
N,1004,3412689977,409600,293,0.9556313993174061,153.54607508532422,6970,6970,257.87323904037476
N,1004,3412689977,450560,293,0.9453924914675768,141.15017064846415,6970,6970,257.87323904037476
N,1004,3412689977,491520,293,0.9488054607508533,149.50853242320818,6970,6970,257.87323904037476
N,1004,3412689977,532480,293,0.8771331058020477,169.0580204778157,6970,6970,257.87323904037476
N,1004,3412689977,573440,293,0.9044368600682594,161.6962457337884,6970,6970,257.87323904037476
N,1004,3412689977,614400,293,0.9146757679180887,163.3071672354949,6970,6970,257.87323904037476
N,1004,3412689977,655360,293,0.9453924914675768,153.79522184300342,6970,6970,257.87323904037476
N,1004,3412689977,696320,293,0.9692832764505119,146.49488054607508,6970,6970,257.87323904037476
N,1004,3412689977,737280,293,0.9488054607508533,150.97610921501706,6970,6970,257.87323904037476
N,1004,3412689977,778240,293,0.9658703071672355,143.18088737201364,6970,6970,257.87323904037476
N,1004,3412689977,819200,293,0.9556313993174061,149.3481228668942,6970,6970,257.87323904037476
N,1004,3412689977,860160,293,0.9590443686006825,145.91126279863482,6970,6970,257.87323904037476
N,1004,3412689977,901120,293,0.9556313993174061,148.22525597269623,6970,6970,257.87323904037476
N,1004,3412689977,942080,293,0.962457337883959,148.25255972696246,6970,6970,257.87323904037476
N,1004,3412689977,983040,293,0.9590443686006825,144.16723549488054,6970,6970,257.87323904037476
N,1004,3412689977,1024000,293,0.9692832764505119,141.15358361774744,6970,6970,257.87323904037476
N,1004,3412689977,1064960,293,0.9658703071672355,140.95221843003412,6970,6970,257.87323904037476
N,1004,3412689977,1105920,293,0.9590443686006825,145.36860068259386,6970,6970,257.87323904037476
N,1004,3412689977,1146880,293,0.9556313993174061,149.35836177474403,6970,6970,257.87323904037476
N,1004,3412689977,1187840,293,0.9522184300341296,154.7269624573379,6970,6970,257.87323904037476
N,1004,3412689977,1228800,293,0.9522184300341296,150.22184300341297,6970,6970,257.87323904037476
N,1006,2971091088,0,293,0.0,500.0,6667,6667,257.8805170059204
N,1006,2971091088,40960,293,0.6996587030716723,283.839590443686,6667,6667,257.8805170059204
N,1006,2971091088,81920,293,0.78839590443686,220.22184300341297,6667,6667,257.8805170059204
N,1006,2971091088,122880,293,0.6075085324232082,289.7679180887372,6667,6667,257.8805170059204
N,1006,2971091088,163840,293,0.7747440273037542,255.82935153583617,6667,6667,257.8805170059204
N,1006,2971091088,204800,293,0.8430034129692833,232.20136518771332,6667,6667,257.8805170059204
N,1006,2971091088,245760,293,0.9488054607508533,150.22525597269623,6667,6667,257.8805170059204
N,1006,2971091088,286720,293,0.9180887372013652,165.27986348122866,6667,6667,257.8805170059204
N,1006,2971091088,327680,293,0.9556313993174061,155.21501706484642,6667,6667,257.8805170059204
N,1006,2971091088,368640,293,0.9453924914675768,152.84982935153585,6667,6667,257.8805170059204
N,1006,2971091088,409600,293,0.9488054607508533,144.0307167235495,6667,6667,257.8805170059204
N,1006,2971091088,450560,293,0.9488054607508533,151.02389078498294,6667,6667,257.8805170059204
N,1006,2971091088,491520,293,0.9249146757679181,158.61433447098977,6667,6667,257.8805170059204
N,1006,2971091088,532480,293,0.9249146757679181,157.22525597269623,6667,6667,257.8805170059204
N,1006,2971091088,573440,293,0.9078498293515358,161.47440273037543,6667,6667,257.8805170059204
N,1006,2971091088,614400,293,0.8907849829351536,168.2935153583618,6667,6667,257.8805170059204
N,1006,2971091088,655360,293,0.8600682593856656,177.20477815699658,6667,6667,257.8805170059204
N,1006,2971091088,696320,293,0.9419795221843004,147.89419795221843,6667,6667,257.8805170059204
N,1006,2971091088,737280,293,0.962457337883959,145.82252559726962,6667,6667,257.8805170059204
N,1006,2971091088,778240,293,0.9590443686006825,149.79863481228668,6667,6667,257.8805170059204
N,1006,2971091088,819200,293,0.9385665529010239,156.21501706484642,6667,6667,257.8805170059204
N,1006,2971091088,860160,293,0.9590443686006825,144.79180887372013,6667,6667,257.8805170059204
N,1006,2971091088,901120,293,0.9180887372013652,158.33105802047783,6667,6667,257.8805170059204
N,1006,2971091088,942080,293,0.9419795221843004,147.26621160409556,6667,6667,257.8805170059204
N,1006,2971091088,983040,293,0.9590443686006825,149.05119453924914,6667,6667,257.8805170059204
N,1006,2971091088,1024000,293,0.9522184300341296,145.69965870307166,6667,6667,257.8805170059204
N,1006,2971091088,1064960,293,0.9556313993174061,152.0170648464164,6667,6667,257.8805170059204
N,1006,2971091088,1105920,293,0.9556313993174061,146.87713310580205,6667,6667,257.8805170059204
N,1006,2971091088,1146880,293,0.9522184300341296,149.12286689419795,6667,6667,257.8805170059204
N,1006,2971091088,1187840,293,0.9522184300341296,152.8839590443686,6667,6667,257.8805170059204
N,1006,2971091088,1228800,293,0.9453924914675768,150.36860068259386,6667,6667,257.8805170059204
N,1007,2949215139,0,293,0.14334470989761092,453.68941979522185,7154,7154,191.43705582618713
N,1007,2949215139,40960,293,0.9385665529010239,156.84982935153585,7154,7154,191.43705582618713
N,1007,2949215139,81920,293,0.9453924914675768,152.17064846416383,7154,7154,191.43705582618713
N,1007,2949215139,122880,293,0.9215017064846417,160.19112627986348,7154,7154,191.43705582618713
N,1007,2949215139,163840,293,0.8976109215017065,164.94880546075086,7154,7154,191.43705582618713
N,1007,2949215139,204800,293,0.8873720136518771,170.88054607508533,7154,7154,191.43705582618713
N,1007,2949215139,245760,293,0.8191126279863481,191.80887372013652,7154,7154,191.43705582618713
N,1007,2949215139,286720,293,0.9590443686006825,146.99317406143345,7154,7154,191.43705582618713
N,1007,2949215139,327680,293,0.9590443686006825,155.10921501706486,7154,7154,191.43705582618713
N,1007,2949215139,368640,293,0.9488054607508533,154.11262798634812,7154,7154,191.43705582618713
N,1007,2949215139,409600,293,0.7610921501706485,211.7372013651877,7154,7154,191.43705582618713
N,1007,2949215139,450560,293,0.7542662116040956,214.13651877133105,7154,7154,191.43705582618713
N,1007,2949215139,491520,293,0.9112627986348123,160.26962457337885,7154,7154,191.43705582618713
N,1007,2949215139,532480,293,0.9419795221843004,151.48122866894198,7154,7154,191.43705582618713
N,1007,2949215139,573440,293,0.9522184300341296,147.4232081911263,7154,7154,191.43705582618713
N,1007,2949215139,614400,293,0.9044368600682594,164.81911262798636,7154,7154,191.43705582618713
N,1007,2949215139,655360,293,0.9180887372013652,154.59044368600684,7154,7154,191.43705582618713
N,1007,2949215139,696320,293,0.9590443686006825,144.77133105802048,7154,7154,191.43705582618713
N,1007,2949215139,737280,293,0.9385665529010239,151.1569965870307,7154,7154,191.43705582618713
N,1007,2949215139,778240,293,0.9556313993174061,149.03754266211604,7154,7154,191.43705582618713
N,1007,2949215139,819200,293,0.9556313993174061,147.419795221843,7154,7154,191.43705582618713
N,1007,2949215139,860160,293,0.9658703071672355,145.5529010238908,7154,7154,191.43705582618713
N,1007,2949215139,901120,293,0.9556313993174061,145.56996587030716,7154,7154,191.43705582618713
N,1007,2949215139,942080,293,0.9522184300341296,143.76450511945393,7154,7154,191.43705582618713
N,1007,2949215139,983040,293,0.9488054607508533,147.46075085324233,7154,7154,191.43705582618713
N,1007,2949215139,1024000,293,0.9556313993174061,147.4061433447099,7154,7154,191.43705582618713
N,1007,2949215139,1064960,293,0.9590443686006825,145.2730375426621,7154,7154,191.43705582618713
N,1007,2949215139,1105920,293,0.9385665529010239,152.13651877133105,7154,7154,191.43705582618713
N,1007,2949215139,1146880,293,0.9419795221843004,148.39931740614335,7154,7154,191.43705582618713
N,1007,2949215139,1187840,293,0.962457337883959,141.91126279863482,7154,7154,191.43705582618713
N,1007,2949215139,1228800,293,0.9590443686006825,144.11262798634812,7154,7154,191.43705582618713
N,1008,4052838048,0,293,0.0,500.0,6891,6891,192.25534892082214
N,1008,4052838048,40960,293,0.9419795221843004,159.77474402730377,6891,6891,192.25534892082214
N,1008,4052838048,81920,293,0.9556313993174061,159.99317406143345,6891,6891,192.25534892082214
N,1008,4052838048,122880,293,0.9453924914675768,155.23549488054607,6891,6891,192.25534892082214
N,1008,4052838048,163840,293,0.9522184300341296,149.8976109215017,6891,6891,192.25534892082214
N,1008,4052838048,204800,293,0.9249146757679181,161.9863481228669,6891,6891,192.25534892082214
N,1008,4052838048,245760,293,0.931740614334471,161.4470989761092,6891,6891,192.25534892082214
N,1008,4052838048,286720,293,0.9556313993174061,157.96587030716722,6891,6891,192.25534892082214
N,1008,4052838048,327680,293,0.9453924914675768,153.08873720136518,6891,6891,192.25534892082214
N,1008,4052838048,368640,293,0.9590443686006825,151.20136518771332,6891,6891,192.25534892082214
N,1008,4052838048,409600,293,0.9556313993174061,148.75085324232083,6891,6891,192.25534892082214
N,1008,4052838048,450560,293,0.9658703071672355,149.0443686006826,6891,6891,192.25534892082214
N,1008,4052838048,491520,293,0.9385665529010239,151.1740614334471,6891,6891,192.25534892082214
N,1008,4052838048,532480,293,0.9522184300341296,145.37542662116041,6891,6891,192.25534892082214
N,1008,4052838048,573440,293,0.9419795221843004,150.60409556313994,6891,6891,192.25534892082214
N,1008,4052838048,614400,293,0.9522184300341296,146.7269624573379,6891,6891,192.25534892082214
N,1008,4052838048,655360,293,0.9658703071672355,140.4778156996587,6891,6891,192.25534892082214
N,1008,4052838048,696320,293,0.9453924914675768,153.7269624573379,6891,6891,192.25534892082214
N,1008,4052838048,737280,293,0.9522184300341296,151.83617747440272,6891,6891,192.25534892082214
N,1008,4052838048,778240,293,0.9419795221843004,152.9419795221843,6891,6891,192.25534892082214
N,1008,4052838048,819200,293,0.9419795221843004,148.07508532423208,6891,6891,192.25534892082214
N,1008,4052838048,860160,293,0.9556313993174061,149.84982935153585,6891,6891,192.25534892082214
N,1008,4052838048,901120,293,0.9590443686006825,145.13993174061434,6891,6891,192.25534892082214
N,1008,4052838048,942080,293,0.9556313993174061,153.45392491467578,6891,6891,192.25534892082214
N,1008,4052838048,983040,293,0.931740614334471,154.59044368600684,6891,6891,192.25534892082214
N,1008,4052838048,1024000,293,0.9658703071672355,144.92491467576792,6891,6891,192.25534892082214
N,1008,4052838048,1064960,293,0.9488054607508533,150.24232081911262,6891,6891,192.25534892082214
N,1008,4052838048,1105920,293,0.9590443686006825,143.61774744027304,6891,6891,192.25534892082214
N,1008,4052838048,1146880,293,0.931740614334471,151.1331058020478,6891,6891,192.25534892082214
N,1008,4052838048,1187840,293,0.9453924914675768,146.09215017064847,6891,6891,192.25534892082214
N,1008,4052838048,1228800,293,0.962457337883959,144.8532423208191,6891,6891,192.25534892082214
N,1009,4058701728,0,293,0.378839590443686,390.9556313993174,7088,7088,192.29657697677612
N,1009,4058701728,40960,293,0.9488054607508533,148.22525597269623,7088,7088,192.29657697677612
N,1009,4058701728,81920,293,0.8225255972696246,190.11262798634812,7088,7088,192.29657697677612
N,1009,4058701728,122880,293,0.9249146757679181,159.35153583617748,7088,7088,192.29657697677612
N,1009,4058701728,163840,293,0.9419795221843004,155.4505119453925,7088,7088,192.29657697677612
N,1009,4058701728,204800,293,0.9112627986348123,170.79863481228668,7088,7088,192.29657697677612
N,1009,4058701728,245760,293,0.9249146757679181,161.0,7088,7088,192.29657697677612
N,1009,4058701728,286720,293,0.8532423208191127,176.7542662116041,7088,7088,192.29657697677612
N,1009,4058701728,327680,293,0.8020477815699659,193.06143344709898,7088,7088,192.29657697677612
N,1009,4058701728,368640,293,0.8464163822525598,176.53242320819112,7088,7088,192.29657697677612
N,1009,4058701728,409600,293,0.8737201365187713,171.64846416382252,7088,7088,192.29657697677612
N,1009,4058701728,450560,293,0.8737201365187713,172.3481228668942,7088,7088,192.29657697677612
N,1009,4058701728,491520,293,0.8122866894197952,190.6962457337884,7088,7088,192.29657697677612
N,1009,4058701728,532480,293,0.8873720136518771,167.92832764505118,7088,7088,192.29657697677612
N,1009,4058701728,573440,293,0.9112627986348123,158.77133105802048,7088,7088,192.29657697677612
N,1009,4058701728,614400,293,0.931740614334471,154.05460750853243,7088,7088,192.29657697677612
N,1009,4058701728,655360,293,0.9590443686006825,149.19453924914677,7088,7088,192.29657697677612
N,1009,4058701728,696320,293,0.9556313993174061,145.31058020477815,7088,7088,192.29657697677612
N,1009,4058701728,737280,293,0.9351535836177475,152.96587030716722,7088,7088,192.29657697677612
N,1009,4058701728,778240,293,0.9283276450511946,151.08532423208192,7088,7088,192.29657697677612
N,1009,4058701728,819200,293,0.9522184300341296,145.4641638225256,7088,7088,192.29657697677612
N,1009,4058701728,860160,293,0.9522184300341296,152.21501706484642,7088,7088,192.29657697677612
N,1009,4058701728,901120,293,0.9419795221843004,149.08873720136518,7088,7088,192.29657697677612
N,1009,4058701728,942080,293,0.9453924914675768,154.18430034129693,7088,7088,192.29657697677612
N,1009,4058701728,983040,293,0.9146757679180887,157.4470989761092,7088,7088,192.29657697677612
N,1009,4058701728,1024000,293,0.9522184300341296,149.1023890784983,7088,7088,192.29657697677612
N,1009,4058701728,1064960,293,0.9453924914675768,148.54266211604096,7088,7088,192.29657697677612
N,1009,4058701728,1105920,293,0.9556313993174061,144.29692832764505,7088,7088,192.29657697677612
N,1009,4058701728,1146880,293,0.9556313993174061,147.08532423208192,7088,7088,192.29657697677612
N,1009,4058701728,1187840,293,0.9556313993174061,142.36518771331058,7088,7088,192.29657697677612
N,1009,4058701728,1228800,293,0.863481228668942,173.77133105802048,7088,7088,192.29657697677612
N,1010,915982904,0,293,0.0,500.0,6886,6886,190.09037113189697
N,1010,915982904,40960,293,0.9488054607508533,152.28327645051195,6886,6886,190.09037113189697
N,1010,915982904,81920,293,0.9180887372013652,158.1023890784983,6886,6886,190.09037113189697
N,1010,915982904,122880,293,0.9556313993174061,151.53242320819112,6886,6886,190.09037113189697
N,1010,915982904,163840,293,0.5494880546075085,303.6006825938567,6886,6886,190.09037113189697
N,1010,915982904,204800,293,0.7679180887372014,220.36177474402731,6886,6886,190.09037113189697
N,1010,915982904,245760,293,0.9010238907849829,169.66211604095562,6886,6886,190.09037113189697
N,1010,915982904,286720,293,0.8805460750853242,171.21843003412968,6886,6886,190.09037113189697
N,1010,915982904,327680,293,0.9522184300341296,151.24914675767917,6886,6886,190.09037113189697
N,1010,915982904,368640,293,0.9419795221843004,152.32423208191128,6886,6886,190.09037113189697
N,1010,915982904,409600,293,0.9488054607508533,149.61433447098977,6886,6886,190.09037113189697
N,1010,915982904,450560,293,0.89419795221843,167.3924914675768,6886,6886,190.09037113189697
N,1010,915982904,491520,293,0.962457337883959,148.20477815699658,6886,6886,190.09037113189697
N,1010,915982904,532480,293,0.9453924914675768,149.1160409556314,6886,6886,190.09037113189697
N,1010,915982904,573440,293,0.9453924914675768,150.0273037542662,6886,6886,190.09037113189697
N,1010,915982904,614400,293,0.9351535836177475,153.3924914675768,6886,6886,190.09037113189697
N,1010,915982904,655360,293,0.8737201365187713,170.73378839590444,6886,6886,190.09037113189697
N,1010,915982904,696320,293,0.9692832764505119,148.7133105802048,6886,6886,190.09037113189697
N,1010,915982904,737280,293,0.931740614334471,167.259385665529,6886,6886,190.09037113189697
N,1010,915982904,778240,293,0.9453924914675768,152.89419795221843,6886,6886,190.09037113189697
N,1010,915982904,819200,293,0.962457337883959,147.20819112627987,6886,6886,190.09037113189697
N,1010,915982904,860160,293,0.9522184300341296,147.1433447098976,6886,6886,190.09037113189697
N,1010,915982904,901120,293,0.962457337883959,150.4778156996587,6886,6886,190.09037113189697
N,1010,915982904,942080,293,0.856655290102389,179.77815699658703,6886,6886,190.09037113189697
N,1010,915982904,983040,293,0.8976109215017065,164.96587030716722,6886,6886,190.09037113189697
N,1010,915982904,1024000,293,0.9351535836177475,155.26621160409556,6886,6886,190.09037113189697
N,1010,915982904,1064960,293,0.9488054607508533,148.2935153583618,6886,6886,190.09037113189697
N,1010,915982904,1105920,293,0.9453924914675768,152.32764505119454,6886,6886,190.09037113189697
N,1010,915982904,1146880,293,0.9488054607508533,154.17064846416383,6886,6886,190.09037113189697
N,1010,915982904,1187840,293,0.9522184300341296,153.38566552901023,6886,6886,190.09037113189697
N,1010,915982904,1228800,293,0.9488054607508533,153.41296928327645,6886,6886,190.09037113189697
