env,sampler,potential_fn,seed,n_episodes,train_return_mean_last20,train_return_mean_all,eval_return_mean,task_param_diversity,n_new_episodes,n_replay_episodes,final_buffer_size,wall_time_sec
cartpole,random,none,1,833,184.05,71.20288115246099,151.0,0.28841516815914414,833,0,200,5.418303966522217
cartpole,random,none,2,851,155.8,69.60164512338426,174.33333333333334,0.2874521560143613,851,0,200,4.98229193687439
cartpole,random,none,3,881,256.35,67.3700340522134,212.13333333333333,0.29031643426032755,881,0,200,4.983248949050903
cartpole,random,pvl_gae,1,844,186.35,70.20734597156398,187.86666666666667,0.2858339771491763,414,430,200,4.96819806098938
cartpole,random,pvl_gae,2,764,167.35,77.71858638743456,149.35555555555555,0.289143573919672,396,368,200,4.983848810195923
cartpole,random,pvl_gae,3,743,185.5,79.93405114401077,194.46666666666667,0.28872127291962946,382,361,200,4.9962382316589355
cartpole,random,l1_value_loss,1,858,164.1,69.06060606060606,228.55555555555554,0.2888544006567836,418,440,200,5.140444993972778
cartpole,random,l1_value_loss,2,823,177.65,72.07047387606319,203.46666666666667,0.2902576042806261,420,403,200,5.0595338344573975
cartpole,random,l1_value_loss,3,851,201.75,69.61574618096357,161.15555555555557,0.2904249269768928,436,415,200,5.0377092361450195
cartpole,random,max_mc,1,862,155.05,68.74941995359629,198.2888888888889,0.2894107900862708,419,443,200,5.003021001815796
cartpole,random,max_mc,2,784,159.25,75.68367346938776,150.9777777777778,0.28739168216720357,401,383,200,4.993513822555542
cartpole,random,max_mc,3,858,149.8,69.2132867132867,158.11111111111111,0.28854801333254254,439,419,200,4.953948259353638
cartpole,random,td_error_l2,1,874,172.0,67.75514874141876,261.97777777777776,0.2938793503600635,425,449,200,4.985908031463623
cartpole,random,td_error_l2,2,830,122.8,71.49277108433735,186.44444444444446,0.2944931051135763,424,406,200,4.963105916976929
cartpole,random,td_error_l2,3,1007,118.3,58.89771598808342,164.95555555555555,0.29256051569078567,513,494,200,4.997797012329102
cartpole,random,alp,1,859,205.0,68.88474970896391,245.13333333333333,0.29065008761917976,418,441,200,4.994614124298096
cartpole,random,alp,2,860,183.5,68.78720930232558,241.44444444444446,0.2880770683711872,438,422,200,4.99836802482605
cartpole,random,alp,3,882,145.5,67.21428571428571,181.17777777777778,0.2854259616867215,455,427,200,5.009276866912842
cartpole,random,intermediate_difficulty,1,837,241.95,70.48745519713262,220.55555555555554,0.2915998911903401,411,426,200,4.976529836654663
cartpole,random,intermediate_difficulty,2,902,189.75,65.57871396895787,162.8,0.2879561802384457,463,439,200,4.984285116195679
cartpole,random,intermediate_difficulty,3,923,173.15,64.24485373781148,171.84444444444443,0.2937034879213339,473,450,200,4.971991062164307
cartpole,halton,none,1,851,206.45,69.32432432432432,189.64444444444445,0.2884127585953683,851,0,200,4.97533106803894
cartpole,halton,none,2,841,177.1,70.59571938168847,193.55555555555554,0.2883348161890214,841,0,200,4.9978578090667725
cartpole,halton,none,3,878,160.5,67.59567198177676,189.37777777777777,0.2881868866214299,878,0,200,5.020204067230225
cartpole,halton,pvl_gae,1,863,189.55,68.65816917728853,147.93333333333334,0.28264566819959275,419,444,200,4.979015827178955
cartpole,halton,pvl_gae,2,830,220.85,71.29638554216868,210.86666666666667,0.2849217879904339,424,406,200,5.003719329833984
cartpole,halton,pvl_gae,3,784,187.25,75.75255102040816,184.62222222222223,0.2880557353842558,407,377,200,4.990119934082031
cartpole,halton,l1_value_loss,1,831,302.3,71.45728038507822,346.73333333333335,0.2868093987414874,408,423,200,5.00658106803894
cartpole,halton,l1_value_loss,2,834,129.25,71.05875299760191,169.22222222222223,0.28886072466783597,424,410,200,5.010318994522095
cartpole,halton,l1_value_loss,3,791,186.9,74.8141592920354,233.51111111111112,0.2888059146758817,410,381,200,5.026154041290283
cartpole,halton,max_mc,1,834,320.35,71.1990407673861,264.64444444444445,0.2846699851653459,410,424,200,5.000664949417114
cartpole,halton,max_mc,2,848,167.35,69.77830188679245,174.06666666666666,0.2876195065549921,429,419,200,4.96924901008606
cartpole,halton,max_mc,3,851,160.4,69.68507638072856,165.33333333333334,0.28391688819596206,436,415,200,4.960392951965332
cartpole,halton,td_error_l2,1,924,224.65,64.03246753246754,217.06666666666666,0.2910119607266407,453,471,200,5.012754917144775
cartpole,halton,td_error_l2,2,889,168.3,66.68391451068617,156.53333333333333,0.2912709270406505,455,434,200,5.017016649246216
cartpole,halton,td_error_l2,3,957,199.3,61.863113897596655,300.4222222222222,0.29149019010738764,488,469,200,4.995859384536743
cartpole,halton,alp,1,834,223.9,71.11870503597122,165.13333333333333,0.29274913803583014,410,424,200,4.982919931411743
cartpole,halton,alp,2,894,182.95,66.2192393736018,164.17777777777778,0.2835164998449841,459,435,200,5.009181022644043
cartpole,halton,alp,3,830,201.2,71.32289156626506,223.17777777777778,0.2860621626339289,429,401,200,4.989635944366455
cartpole,halton,intermediate_difficulty,1,841,167.5,70.41736028537456,181.64444444444445,0.28961664662456565,414,427,200,4.971796274185181
cartpole,halton,intermediate_difficulty,2,860,168.15,68.61511627906977,175.44444444444446,0.286675531971619,438,422,200,4.9876868724823
cartpole,halton,intermediate_difficulty,3,834,265.35,70.86330935251799,308.8888888888889,0.2875611064149499,432,402,200,4.972570896148682
cartpole,ce,none,1,789,178.15,75.1381495564005,174.17777777777778,0.13061663551384736,789,0,200,5.025449991226196
cartpole,ce,none,2,788,157.0,75.24619289340102,161.75555555555556,0.13489362587153203,788,0,200,5.010542154312134
cartpole,ce,none,3,819,227.85,72.3040293040293,244.44444444444446,0.131106875328558,819,0,200,5.015244960784912
cartpole,ce,pvl_gae,1,766,224.6,77.43211488250653,117.86666666666666,0.1529337084668589,376,390,200,4.991219997406006
cartpole,ce,pvl_gae,2,654,284.8,90.27217125382263,251.04444444444445,0.17006260482101782,336,318,200,4.979475975036621
cartpole,ce,pvl_gae,3,981,109.55,60.53414882772681,109.0,0.20655893908556902,501,480,200,5.028374910354614
cartpole,ce,l1_value_loss,1,821,207.75,72.32886723507917,192.0,0.15499396264035042,403,418,200,4.991737127304077
cartpole,ce,l1_value_loss,2,802,187.5,74.01870324189527,173.53333333333333,0.19821217743044248,407,395,200,4.990839004516602
cartpole,ce,l1_value_loss,3,1105,178.05,53.560180995475115,246.93333333333334,0.21178226252995866,558,547,200,5.041684150695801
cartpole,ce,max_mc,1,743,174.7,79.74562584118439,133.22222222222223,0.18513163716319914,361,382,200,5.004317998886108
cartpole,ce,max_mc,2,758,193.95,78.23614775725594,207.7111111111111,0.1651563216322244,395,363,200,5.001159906387329
cartpole,ce,max_mc,3,831,165.8,71.39831528279181,140.55555555555554,0.15628857240119357,430,401,200,5.0000529289245605
cartpole,ce,td_error_l2,1,680,348.0,86.94558823529412,200.95555555555555,0.1621001216324311,335,345,200,4.961612939834595
cartpole,ce,td_error_l2,2,734,153.85,80.84468664850137,153.84444444444443,0.2671575257787334,381,353,200,4.987237215042114
cartpole,ce,td_error_l2,3,914,267.1,64.84245076586433,234.88888888888889,0.1444427467606072,470,444,200,5.010474920272827
cartpole,ce,alp,1,837,200.05,70.91039426523298,202.82222222222222,0.2907862089328025,411,426,200,4.98943018913269
cartpole,ce,alp,2,830,190.5,71.53734939759036,183.73333333333332,0.29687984512737725,424,406,200,4.981374025344849
cartpole,ce,alp,3,844,184.45,70.16706161137441,184.35555555555555,0.2927228849336544,434,410,200,5.00304388999939
cartpole,ce,intermediate_difficulty,1,843,200.95,70.15183867141162,203.62222222222223,0.28837892789533476,414,429,200,4.98008918762207
cartpole,ce,intermediate_difficulty,2,873,220.8,67.87972508591065,258.7111111111111,0.28953281653842994,445,428,200,4.972742795944214
cartpole,ce,intermediate_difficulty,3,835,261.05,71.12215568862275,239.3111111111111,0.29253591439595894,432,403,200,4.96721887588501
cartpole,mab,none,1,806,186.4,73.58933002481389,281.0444444444444,0.22003579099481624,806,0,200,5.054757118225098
cartpole,mab,none,2,771,196.15,76.71076523994812,177.7111111111111,0.2387346211952412,771,0,200,5.032365083694458
cartpole,mab,none,3,830,170.65,71.40120481927711,223.62222222222223,0.21738292081841276,830,0,200,5.038442134857178
cartpole,mab,pvl_gae,1,713,231.85,83.0070126227209,189.35555555555555,0.30125406066755367,347,366,200,5.016784191131592
cartpole,mab,pvl_gae,2,667,224.65,88.79010494752623,242.11111111111111,0.28907180311055614,343,324,200,4.998318910598755
cartpole,mab,pvl_gae,3,763,279.15,77.76408912188728,217.13333333333333,0.23713309089345228,393,370,200,5.026235818862915
cartpole,mab,l1_value_loss,1,730,221.2,80.9013698630137,219.7111111111111,0.2487739560422076,354,376,200,5.0318427085876465
cartpole,mab,l1_value_loss,2,757,193.2,78.22721268163805,147.26666666666668,0.26598052050062965,394,363,200,5.013201951980591
cartpole,mab,l1_value_loss,3,758,218.0,78.09630606860158,183.13333333333333,0.23337400893654897,392,366,200,5.006874084472656
cartpole,mab,max_mc,1,762,164.4,77.84251968503936,167.44444444444446,0.2523972416153794,374,388,200,5.007689952850342
cartpole,mab,max_mc,2,779,258.3,76.07317073170732,211.0888888888889,0.24126230047037858,401,378,200,4.994103908538818
cartpole,mab,max_mc,3,753,257.6,78.85657370517929,296.7111111111111,0.26752856500940947,389,364,200,4.985692977905273
cartpole,mab,td_error_l2,1,971,129.0,61.145211122554066,190.3111111111111,0.28295858385618156,475,496,200,5.056402921676636
cartpole,mab,td_error_l2,2,688,212.65,86.06104651162791,165.33333333333334,0.2401829043956559,357,331,200,4.975412845611572
cartpole,mab,td_error_l2,3,922,175.25,64.26681127982647,170.57777777777778,0.31616987719141837,473,449,200,5.011018991470337
cartpole,mab,alp,1,876,224.95,67.73287671232876,222.0222222222222,0.2868839623604623,426,450,200,5.017198085784912
cartpole,mab,alp,2,875,202.9,67.78971428571428,189.53333333333333,0.28792475459455424,447,428,200,4.9959118366241455
cartpole,mab,alp,3,821,242.0,72.22168087697929,316.7111111111111,0.2854085889758596,422,399,200,4.987655878067017
cartpole,mab,intermediate_difficulty,1,869,187.85,67.91944764096662,350.84444444444443,0.2878516949527588,423,446,200,4.9725542068481445
cartpole,mab,intermediate_difficulty,2,846,144.25,70.02600472813239,174.8,0.28838187299265605,428,418,200,4.9933178424835205
cartpole,mab,intermediate_difficulty,3,886,141.95,66.93566591422122,129.77777777777777,0.28942983420378693,457,429,200,5.024012088775635
cartpole,bo,none,1,634,204.65,93.4794952681388,176.37777777777777,0.08450948787202445,634,0,200,288.04029273986816
cartpole,bo,none,2,1081,154.8,54.913968547641076,146.86666666666667,0.08381546527698393,1081,0,200,1955.2128059864044
cartpole,bo,none,3,771,172.0,76.95071335927366,169.6888888888889,0.16595895280170778,771,0,200,596.5424060821533
cartpole,bo,pvl_gae,1,897,78.15,66.17614269788183,50.68888888888889,0.13502939993343102,438,459,200,119.5318660736084
cartpole,bo,pvl_gae,2,847,190.8,69.86776859504133,207.06666666666666,0.209242907552819,428,419,200,112.19966697692871
cartpole,bo,pvl_gae,3,658,233.75,89.97872340425532,173.11111111111111,0.2092313577841038,339,319,200,68.04990410804749
cartpole,bo,l1_value_loss,1,721,194.3,82.31761442441054,123.0,0.14687646306502022,349,372,200,66.47450017929077
cartpole,bo,l1_value_loss,2,785,96.9,75.48025477707006,142.37777777777777,0.29754747218501854,401,384,200,106.7766580581665
cartpole,bo,l1_value_loss,3,844,176.85,70.24170616113744,165.42222222222222,0.2907338478254229,434,410,200,113.23122906684875
cartpole,bo,max_mc,1,621,247.45,95.25764895330113,158.88888888888889,0.19398987592872471,304,317,200,45.29590106010437
cartpole,bo,max_mc,2,645,345.65,92.07286821705426,244.57777777777778,0.13975016227577522,330,315,200,65.62207984924316
cartpole,bo,max_mc,3,753,198.35,78.74634794156707,181.48888888888888,0.23638563753631087,389,364,200,89.74596214294434
cartpole,bo,td_error_l2,1,753,178.75,78.77822045152722,161.7111111111111,0.30492477890734093,368,385,200,77.00147104263306
cartpole,bo,td_error_l2,2,722,146.45,81.88642659279779,191.42222222222222,0.24146140827554935,375,347,200,89.10465788841248
cartpole,bo,td_error_l2,3,1381,185.8,42.8783490224475,220.9111111111111,0.27774059694018277,697,684,200,479.2656400203705
cartpole,bo,alp,1,824,193.85,71.72694174757281,265.0888888888889,0.2835849236739847,405,419,200,69.77404379844666
cartpole,bo,alp,2,848,181.65,69.97759433962264,237.86666666666667,0.28985428061225066,429,419,200,81.67024087905884
cartpole,bo,alp,3,891,196.35,66.48484848484848,206.11111111111111,0.2913263539220944,458,433,200,95.76395606994629
cartpole,bo,intermediate_difficulty,1,853,182.35,69.45017584994139,191.75555555555556,0.28479519849553175,417,436,200,74.69292187690735
cartpole,bo,intermediate_difficulty,2,860,173.8,68.99418604651163,138.64444444444445,0.2834277910378381,438,422,200,84.87929201126099
cartpole,bo,intermediate_difficulty,3,850,139.6,69.79882352941176,140.42222222222222,0.28296966942967405,436,414,200,83.59710121154785
acrobot,random,none,1,363,-133.5,-162.58677685950414,-105.02222222222223,0.2929224126448587,363,0,200,5.96471905708313
acrobot,random,none,2,315,-141.5,-187.5015873015873,-117.95555555555555,0.29092217613747856,315,0,200,5.991791009902954
acrobot,random,none,3,255,-132.25,-231.98039215686273,-131.42222222222222,0.28969290524489427,255,0,200,6.006787061691284
acrobot,random,pvl_gae,1,381,-103.5,-154.85826771653544,-99.28888888888889,0.29292060580728013,188,193,188,6.042237997055054
acrobot,random,pvl_gae,2,300,-109.1,-196.85666666666665,-115.8,0.28581500029546264,150,150,150,5.987653017044067
acrobot,random,pvl_gae,3,340,-101.3,-173.74117647058824,-105.4888888888889,0.28684637312253963,165,175,165,6.00510311126709
acrobot,random,l1_value_loss,1,297,-183.5,-198.993265993266,-98.22222222222223,0.29512508965458434,144,153,144,6.0404558181762695
acrobot,random,l1_value_loss,2,296,-155.8,-199.4358108108108,-128.11111111111111,0.2958701927386223,147,149,147,6.011910915374756
acrobot,random,l1_value_loss,3,256,-151.05,-231.015625,-119.8,0.27647215770417827,126,130,126,6.039307117462158
acrobot,random,max_mc,1,338,-120.85,-174.69526627218934,-124.44444444444444,0.2989248609747294,166,172,166,6.046441078186035
acrobot,random,max_mc,2,353,-116.25,-167.25212464589234,-104.66666666666667,0.29061428051543237,178,175,178,6.0853190422058105
acrobot,random,max_mc,3,354,-108.6,-166.12146892655366,-105.93333333333334,0.2905387631676565,173,181,173,6.051069974899292
acrobot,random,td_error_l2,1,299,-109.1,-197.42809364548495,-125.37777777777778,0.2783813711830458,144,155,144,6.049266815185547
acrobot,random,td_error_l2,2,325,-122.5,-181.8276923076923,-99.28888888888889,0.2833938198762666,165,160,165,6.064284086227417
acrobot,random,td_error_l2,3,349,-114.65,-168.93982808022923,-144.57777777777778,0.2894997869957909,169,180,169,6.071016073226929
acrobot,random,alp,1,358,-100.7,-164.80446927374302,-107.6,0.289867027342421,174,184,174,6.0727479457855225
acrobot,random,alp,2,322,-143.05,-183.06832298136646,-126.57777777777778,0.2871354913768125,163,159,163,6.119389772415161
acrobot,random,alp,3,345,-115.7,-171.05217391304348,-118.57777777777778,0.2801955994221412,168,177,168,6.063416957855225
acrobot,random,intermediate_difficulty,1,340,-113.7,-173.75,-115.75555555555556,0.27824087480094256,167,173,167,6.076710939407349
acrobot,random,intermediate_difficulty,2,356,-93.65,-165.63202247191012,-100.44444444444444,0.28198321420594075,180,176,180,6.1042640209198
acrobot,random,intermediate_difficulty,3,278,-134.1,-212.00359712230215,-125.4,0.27847510943919174,136,142,136,6.080029010772705
acrobot,halton,none,1,335,-139.95,-176.20298507462687,-118.66666666666667,0.2875322092599446,335,0,200,5.998877048492432
acrobot,halton,none,2,292,-152.4,-202.37671232876713,-115.15555555555555,0.28717532377726357,292,0,200,5.844472885131836
acrobot,halton,none,3,271,-129.6,-217.9409594095941,-124.08888888888889,0.2872579642966205,271,0,200,5.935136556625366
acrobot,halton,pvl_gae,1,316,-119.0,-186.86075949367088,-97.88888888888889,0.28332392340776574,154,162,154,6.047489166259766
acrobot,halton,pvl_gae,2,342,-104.95,-172.593567251462,-116.17777777777778,0.2860834502918231,172,170,172,6.1069440841674805
acrobot,halton,pvl_gae,3,385,-100.65,-153.15324675324675,-130.0,0.2813997613635293,190,195,190,6.105825901031494
acrobot,halton,l1_value_loss,1,331,-144.4,-178.25679758308158,-118.4,0.28246299512334266,164,167,164,6.108550786972046
acrobot,halton,l1_value_loss,2,291,-122.85,-202.02061855670104,-121.26666666666667,0.2857075914015314,145,146,145,6.090527057647705
acrobot,halton,l1_value_loss,3,325,-142.8,-181.51384615384615,-119.33333333333333,0.2822299513136855,159,166,159,6.129072904586792
acrobot,halton,max_mc,1,309,-129.5,-191.2168284789644,-146.11111111111111,0.27857660748147,150,159,150,6.089689016342163
acrobot,halton,max_mc,2,304,-95.45,-194.26973684210526,-102.2,0.28548546415634185,152,152,152,6.055222988128662
acrobot,halton,max_mc,3,355,-101.85,-166.30985915492957,-95.93333333333334,0.2864904795633183,174,181,174,6.108474969863892
acrobot,halton,td_error_l2,1,366,-112.45,-160.9207650273224,-110.2,0.2862360910951508,178,188,178,6.008325099945068
acrobot,halton,td_error_l2,2,388,-143.5,-151.9458762886598,-110.26666666666667,0.2852295760066804,195,193,195,6.060553073883057
acrobot,halton,td_error_l2,3,336,-110.35,-175.60119047619048,-112.06666666666666,0.2850468585501234,163,173,163,6.068355083465576
acrobot,halton,alp,1,338,-124.8,-174.75739644970415,-115.33333333333333,0.28052016900858173,166,172,166,6.041798114776611
acrobot,halton,alp,2,325,-97.75,-181.56615384615384,-102.64444444444445,0.28794069765755503,165,160,165,6.085693120956421
acrobot,halton,alp,3,309,-111.9,-190.97411003236246,-116.68888888888888,0.2779975786858854,151,158,151,6.102745294570923
acrobot,halton,intermediate_difficulty,1,309,-106.6,-191.18446601941747,-94.08888888888889,0.282309766068566,150,159,150,6.099096775054932
acrobot,halton,intermediate_difficulty,2,320,-97.55,-184.671875,-97.77777777777777,0.2850209251884665,163,157,163,6.11615514755249
acrobot,halton,intermediate_difficulty,3,338,-128.9,-174.74556213017752,-120.08888888888889,0.2861682646678671,164,174,164,6.12933611869812
acrobot,ce,none,1,441,-77.95,-133.63038548752834,-94.73333333333333,0.15585223053739455,441,0,200,6.112829208374023
acrobot,ce,none,2,875,-47.95,-66.83085714285714,-93.62222222222222,0.11416879634266208,875,0,200,6.180144309997559
acrobot,ce,none,3,335,-103.75,-176.36119402985074,-121.11111111111111,0.19885935758757686,335,0,200,6.0986199378967285
acrobot,ce,pvl_gae,1,458,-80.0,-128.66593886462883,-90.4,0.2265096718780701,225,233,200,6.570182800292969
acrobot,ce,pvl_gae,2,487,-101.35,-120.93634496919918,-117.8,0.1921361208977361,249,238,200,6.34183406829834
acrobot,ce,pvl_gae,3,206,-170.25,-287.45631067961165,-132.62222222222223,0.25719675856984653,103,103,103,6.072307825088501
acrobot,ce,l1_value_loss,1,349,-124.75,-168.97994269340975,-108.55555555555556,0.28198090027735784,171,178,171,6.119916200637817
acrobot,ce,l1_value_loss,2,263,-162.75,-224.46007604562737,-131.24444444444444,0.2748621717180904,128,135,128,6.131799936294556
acrobot,ce,l1_value_loss,3,361,-112.7,-163.3240997229917,-114.28888888888889,0.2719209998749856,176,185,176,6.431053876876831
acrobot,ce,max_mc,1,311,-159.4,-189.9807073954984,-102.24444444444444,0.22536076845764944,151,160,151,6.290590047836304
acrobot,ce,max_mc,2,369,-100.3,-159.66124661246613,-110.22222222222223,0.29464864701924,187,182,187,6.1087188720703125
acrobot,ce,max_mc,3,487,-72.85,-120.97946611909651,-101.53333333333333,0.2323584929450886,241,246,200,6.237771034240723
acrobot,ce,td_error_l2,1,349,-82.9,-169.04297994269342,-117.11111111111111,0.27257072553858736,171,178,171,6.2398107051849365
acrobot,ce,td_error_l2,2,518,-59.7,-113.55984555984556,-105.15555555555555,0.18444253423729484,266,252,200,6.434510231018066
acrobot,ce,td_error_l2,3,282,-118.55,-209.54609929078015,-110.91111111111111,0.23410147041448978,138,144,138,6.152662038803101
acrobot,ce,alp,1,287,-159.95,-205.97909407665506,-120.46666666666667,0.2798160910430703,137,150,137,6.154553174972534
acrobot,ce,alp,2,303,-162.55,-194.95709570957095,-135.77777777777777,0.28660174116513587,152,151,152,6.292773962020874
acrobot,ce,alp,3,297,-126.85,-198.87878787878788,-113.13333333333334,0.2889145251314678,146,151,146,6.173715114593506
acrobot,ce,intermediate_difficulty,1,362,-115.7,-162.71823204419888,-110.62222222222222,0.290744780947459,175,187,175,6.195762872695923
acrobot,ce,intermediate_difficulty,2,316,-141.55,-186.7879746835443,-115.93333333333334,0.28894644017169907,160,156,160,6.191055059432983
acrobot,ce,intermediate_difficulty,3,314,-128.75,-187.61464968152868,-116.53333333333333,0.2855091919749881,152,162,152,6.171723127365112
acrobot,mab,none,1,417,-107.1,-141.41007194244605,-112.06666666666666,0.2736874678755297,417,0,200,6.214906215667725
acrobot,mab,none,2,400,-124.3,-147.4475,-101.91111111111111,0.26620206428710397,400,0,200,6.277549982070923
acrobot,mab,none,3,409,-97.45,-144.16625916870416,-108.15555555555555,0.26830919994652297,409,0,200,6.219851016998291
acrobot,mab,pvl_gae,1,333,-115.85,-177.14414414414415,-137.62222222222223,0.29473755200666635,165,168,165,6.194875955581665
acrobot,mab,pvl_gae,2,435,-125.0,-135.45747126436783,-110.0,0.27984036529028716,222,213,200,6.229567050933838
acrobot,mab,pvl_gae,3,343,-108.5,-171.52186588921282,-131.7111111111111,0.28205300118264054,166,177,166,6.19138503074646
acrobot,mab,l1_value_loss,1,305,-116.65,-193.64262295081969,-121.02222222222223,0.2880999673522268,147,158,147,6.1678080558776855
acrobot,mab,l1_value_loss,2,273,-159.4,-216.57509157509156,-113.5111111111111,0.29528239024256014,134,139,134,6.183027029037476
acrobot,mab,l1_value_loss,3,303,-166.55,-194.72607260726073,-115.75555555555556,0.2919331377319514,150,153,150,6.385889053344727
acrobot,mab,max_mc,1,355,-127.95,-166.27605633802816,-113.33333333333333,0.28553643436616144,173,182,173,6.221863031387329
acrobot,mab,max_mc,2,405,-102.45,-145.46913580246914,-107.84444444444445,0.2969953386922955,205,200,200,6.59212589263916
acrobot,mab,max_mc,3,299,-106.3,-197.49498327759198,-123.26666666666667,0.2821872537762613,147,152,147,6.043450832366943
acrobot,mab,td_error_l2,1,459,-79.4,-128.23093681917211,-104.31111111111112,0.26682648869776904,225,234,200,6.129624843597412
acrobot,mab,td_error_l2,2,325,-109.4,-181.75384615384615,-101.71111111111111,0.2858232575989314,165,160,165,6.060703992843628
acrobot,mab,td_error_l2,3,370,-103.45,-159.4837837837838,-124.24444444444444,0.2761102800849727,181,189,181,6.0631468296051025
acrobot,mab,alp,1,241,-130.8,-245.31950207468878,-107.75555555555556,0.2846150977001928,111,130,111,6.08207893371582
acrobot,mab,alp,2,249,-165.2,-237.6024096385542,-124.46666666666667,0.28361503717414444,123,126,123,5.9700541496276855
acrobot,mab,alp,3,303,-148.9,-194.7062706270627,-114.73333333333333,0.2980416761420363,150,153,150,6.092674016952515
acrobot,mab,intermediate_difficulty,1,300,-144.7,-196.84333333333333,-119.66666666666667,0.28800674669431686,145,155,145,6.052626848220825
acrobot,mab,intermediate_difficulty,2,305,-110.25,-193.77377049180328,-112.17777777777778,0.29061750611203907,153,152,153,6.0752482414245605
acrobot,mab,intermediate_difficulty,3,235,-159.85,-251.80425531914895,-103.04444444444445,0.28685383300114525,117,118,117,6.073248863220215
acrobot,bo,none,1,217,-182.95,-272.86175115207374,-155.0,0.15678946913050104,217,0,200,28.263607025146484
acrobot,bo,none,2,818,-39.0,-71.62347188264059,-84.37777777777778,0.15650762946748706,818,0,200,695.096864938736
acrobot,bo,none,3,394,-105.05,-149.62944162436548,-114.02222222222223,0.09890126321438597,394,0,200,108.60744309425354
acrobot,bo,pvl_gae,1,551,-72.65,-106.80943738656987,-101.68888888888888,0.09250742450113275,268,283,200,40.13709783554077
acrobot,bo,pvl_gae,2,426,-86.45,-138.32394366197184,-105.06666666666666,0.15138099103732275,216,210,200,30.36496615409851
acrobot,bo,pvl_gae,3,563,-48.6,-104.46358792184725,-108.04444444444445,0.09497136465098453,285,278,200,48.87339901924133
acrobot,bo,l1_value_loss,1,162,-274.8,-366.0061728395062,-166.66666666666666,0.3458760007989652,78,84,78,12.700343132019043
acrobot,bo,l1_value_loss,2,167,-329.2,-354.37125748502996,-190.62222222222223,0.31135971401418266,81,86,81,12.019191980361938
acrobot,bo,l1_value_loss,3,158,-394.7,-372.7088607594937,-142.84444444444443,0.3503386668830632,80,78,80,11.171936988830566
acrobot,bo,max_mc,1,314,-130.15,-187.89171974522293,-103.86666666666666,0.10688783986398227,152,162,152,19.139805793762207
acrobot,bo,max_mc,2,285,-129.45,-207.48771929824562,-107.5111111111111,0.15508996311047962,143,142,143,16.801495790481567
acrobot,bo,max_mc,3,292,-116.9,-202.34246575342465,-106.31111111111112,0.1747602783811354,145,147,145,17.319841861724854
acrobot,bo,td_error_l2,1,728,-61.75,-80.51923076923077,-102.71111111111111,0.0758593642880296,353,375,200,74.67608976364136
acrobot,bo,td_error_l2,2,332,-100.4,-177.90361445783134,-109.4888888888889,0.1784485063438965,169,163,169,19.18767499923706
acrobot,bo,td_error_l2,3,731,-66.5,-80.23529411764706,-93.04444444444445,0.07348424141029844,376,355,200,82.55308794975281
acrobot,bo,alp,1,299,-131.7,-197.40133779264215,-109.77777777777777,0.28490965331899504,144,155,144,12.250151872634888
acrobot,bo,alp,2,321,-123.25,-183.5202492211838,-108.73333333333333,0.2959821192407463,163,158,163,13.777538061141968
acrobot,bo,alp,3,264,-117.95,-223.84848484848484,-131.66666666666666,0.2880281150660245,127,137,127,10.75258994102478
acrobot,bo,intermediate_difficulty,1,291,-119.2,-202.9106529209622,-111.26666666666667,0.2839912249462529,140,151,140,11.934177875518799
acrobot,bo,intermediate_difficulty,2,331,-115.45,-178.41087613293053,-122.73333333333333,0.28801914663477973,169,162,169,14.404958963394165
acrobot,bo,intermediate_difficulty,3,284,-133.0,-207.83802816901408,-131.0,0.29426772207725743,139,145,139,11.70566987991333
pendulum,random,none,1,296,-1229.7692876206042,-1285.2182591018234,-1219.1827112875078,0.284462536694995,296,0,200,4.978361129760742
pendulum,random,none,2,296,-1251.3141118201895,-1207.1531088540296,-1239.9886932333038,0.28472268869114925,296,0,200,5.067875862121582
pendulum,random,none,3,296,-1200.327262298511,-1270.920569463919,-1215.388606363522,0.2913325531868057,296,0,200,4.890059947967529
pendulum,random,pvl_gae,1,296,-1300.5684660264535,-1235.0488088890938,-1216.9010909040787,0.2839964086683773,144,152,144,4.962701082229614
pendulum,random,pvl_gae,2,296,-1235.4698821266145,-1232.6561633872645,-1104.3889799457736,0.2798997678283416,147,149,147,5.091875791549683
pendulum,random,pvl_gae,3,296,-1223.3375053786199,-1247.8274494722152,-1172.6365134475864,0.28923216522605877,146,150,146,5.099324941635132
pendulum,random,l1_value_loss,1,296,-1179.5874849526515,-1305.9028396491615,-1237.5990833628612,0.2828227936624445,144,152,144,4.842215061187744
pendulum,random,l1_value_loss,2,296,-1283.6960909403838,-1275.000201179473,-1110.92140799653,0.28264812676077267,147,149,147,5.099408864974976
pendulum,random,l1_value_loss,3,296,-1286.567021539427,-1306.3787926365978,-1167.4141379194734,0.2840485441308963,146,150,146,5.095990180969238
pendulum,random,max_mc,1,296,-1164.9275574413464,-1205.7660812650743,-1223.0210105145134,0.2959757909148264,144,152,144,5.082589864730835
pendulum,random,max_mc,2,296,-1108.267327067614,-1244.6703966377493,-1145.9928814859547,0.2947771426915734,147,149,147,5.088640213012695
pendulum,random,max_mc,3,296,-1317.9875327516297,-1294.4610670714983,-1244.3477489909164,0.2896999355688915,146,150,146,4.862614870071411
pendulum,random,td_error_l2,1,296,-1253.5947892030085,-1303.024071436637,-1266.6076538092673,0.28889331158171605,144,152,144,4.812981128692627
pendulum,random,td_error_l2,2,296,-1276.7717976346753,-1314.0950281167309,-1166.210716441362,0.28981439465795766,147,149,147,4.8818581104278564
pendulum,random,td_error_l2,3,296,-1318.2632895677607,-1295.8161808618363,-1297.9904564790538,0.2854238843516158,146,150,146,4.862540006637573
pendulum,random,alp,1,296,-1507.8095527657056,-1267.2315711562094,-1236.718254797973,0.28417636767700744,144,152,144,4.8010571002960205
pendulum,random,alp,2,296,-1290.2757263029212,-1212.7600720964795,-1089.4380052662548,0.2703159165434802,147,149,147,4.74144721031189
pendulum,random,alp,3,296,-1183.9472485754534,-1265.5517417933686,-1221.6689992439344,0.29432941991374567,146,150,146,4.7618088722229
pendulum,random,intermediate_difficulty,1,296,-1149.5889143419158,-1258.7271474365261,-1199.5582575648718,0.29326359030689814,144,152,144,4.841144800186157
pendulum,random,intermediate_difficulty,2,296,-1198.3606509122696,-1249.2433735458849,-1124.431327847609,0.28567684177694924,147,149,147,4.769415855407715
pendulum,random,intermediate_difficulty,3,296,-1313.0619527747476,-1263.409280575405,-1234.5272564915053,0.3005666447388315,146,150,146,4.7632529735565186
pendulum,halton,none,1,296,-1214.9077984202581,-1241.5303766707534,-1212.8391522253787,0.2879010844822985,296,0,200,4.778473854064941
pendulum,halton,none,2,296,-1208.3616002165954,-1213.8118323521235,-1241.3471224855823,0.2879010844822985,296,0,200,4.910522699356079
pendulum,halton,none,3,296,-1244.3719448591842,-1304.655729796386,-1161.5810603314053,0.2879010844822985,296,0,200,4.827954053878784
pendulum,halton,pvl_gae,1,296,-1234.80621904789,-1248.207268233594,-1209.743555773333,0.28103227501354777,144,152,144,5.034053802490234
pendulum,halton,pvl_gae,2,296,-1181.6104651786707,-1214.3456637829656,-1115.9389520987372,0.2807597917664414,147,149,147,4.798771142959595
pendulum,halton,pvl_gae,3,296,-1206.5145863052417,-1233.3841473245725,-1228.4120593106477,0.28539299665337897,146,150,146,4.861542224884033
pendulum,halton,l1_value_loss,1,296,-1275.29502780686,-1329.739584290002,-1345.9315035591546,0.2856831720676009,144,152,144,5.018757104873657
pendulum,halton,l1_value_loss,2,296,-1277.9055554524648,-1368.49197919733,-1153.0188230627775,0.28981589454830103,147,149,147,5.061676979064941
pendulum,halton,l1_value_loss,3,296,-1213.1834130226136,-1298.7218749649994,-1214.8618660934358,0.2822038266666988,146,150,146,5.113234043121338
pendulum,halton,max_mc,1,296,-1219.7857239189284,-1245.8549080737544,-1174.4852037429264,0.2847801580066605,144,152,144,5.175430059432983
pendulum,halton,max_mc,2,296,-1251.5263668758453,-1220.8715920078048,-1216.233574437069,0.28343815374933506,147,149,147,4.860400915145874
pendulum,halton,max_mc,3,296,-1246.8788197989654,-1220.6305988457486,-1209.162392222216,0.28172767527064585,146,150,146,4.959329128265381
pendulum,halton,td_error_l2,1,296,-1355.8508670860922,-1298.0719910392452,-1410.5158269893261,0.2878524669004746,144,152,144,4.892132997512817
pendulum,halton,td_error_l2,2,296,-1452.5218220093927,-1386.3970410942118,-1142.6776521183679,0.2869886335555923,147,149,147,4.854727029800415
pendulum,halton,td_error_l2,3,296,-1309.8979000832137,-1335.3669054037246,-1211.6044746509924,0.2867280336934221,146,150,146,4.768678188323975
pendulum,halton,alp,1,296,-1234.7864234494823,-1216.2483538993104,-1263.5878719451664,0.2796102950851678,144,152,144,4.7789411544799805
pendulum,halton,alp,2,296,-1175.6061539437399,-1248.0939483212169,-1129.933125055231,0.2826351956448875,147,149,147,4.9723429679870605
pendulum,halton,alp,3,296,-1206.7607319144472,-1236.660442956421,-1210.98920710195,0.2762252220018825,146,150,146,5.04179310798645
pendulum,halton,intermediate_difficulty,1,296,-1221.7662121961953,-1234.9696228265282,-1191.6988579000742,0.28126672017667104,144,152,144,4.953871011734009
pendulum,halton,intermediate_difficulty,2,296,-1340.553885209774,-1226.9313642071952,-1325.8410417216842,0.2850290463734271,147,149,147,5.133520841598511
pendulum,halton,intermediate_difficulty,3,296,-1250.4541182380158,-1232.8726244416007,-1250.5824615096385,0.28634582069525694,146,150,146,4.98713231086731
pendulum,ce,none,1,296,-1193.3290209769398,-1210.010691229361,-1250.4479033945718,0.19764896977617094,296,0,200,4.837656021118164
pendulum,ce,none,2,296,-1142.7197811777132,-1101.2793956631426,-1123.7909939945919,0.21761894024276315,296,0,200,4.8636932373046875
pendulum,ce,none,3,296,-1107.8623346806107,-1147.3852002082747,-1238.2872309883355,0.20708371040530676,296,0,200,5.12463903427124
pendulum,ce,pvl_gae,1,296,-1199.9765660162345,-1249.037878580233,-1194.96950724717,0.28567027937857853,144,152,144,5.142847061157227
pendulum,ce,pvl_gae,2,296,-1168.146295944889,-1215.176535640495,-1096.9255974842663,0.28700773843845984,147,149,147,5.063082933425903
pendulum,ce,pvl_gae,3,296,-1217.506816276746,-1251.3130001259956,-1180.5982741001658,0.28697843218671093,146,150,146,4.914102077484131
pendulum,ce,l1_value_loss,1,296,-1401.8826014902422,-1337.4398377022274,-1192.0074457977153,0.1888912353603031,144,152,144,4.813158988952637
pendulum,ce,l1_value_loss,2,296,-1447.5715023165808,-1432.9726127738277,-1110.617037010095,0.27120539704366065,147,149,147,4.910346031188965
pendulum,ce,l1_value_loss,3,296,-1560.5800570524739,-1415.1380184282589,-1165.3902745003472,0.21827359087307507,146,150,146,4.842412948608398
pendulum,ce,max_mc,1,296,-1256.114500036169,-1249.1909893291238,-1206.6765661089748,0.2926627086706727,144,152,144,4.992341995239258
pendulum,ce,max_mc,2,296,-1168.723763232204,-1233.7073273080891,-1137.4445861509412,0.2803765171524043,147,149,147,4.8852081298828125
pendulum,ce,max_mc,3,296,-1255.851787924336,-1256.828684678326,-1169.450254404432,0.2873868010941009,146,150,146,4.823840141296387
pendulum,ce,td_error_l2,1,296,-1571.7604816594376,-1484.2834032586177,-1171.6723359067141,0.24257992157066988,144,152,144,5.724410057067871
pendulum,ce,td_error_l2,2,296,-1452.1979365545485,-1311.156606304949,-1130.5137251839503,0.2636283564233133,147,149,147,5.494714021682739
pendulum,ce,td_error_l2,3,296,-1365.2903040659592,-1394.8765028941978,-1163.965644018503,0.23706675561183427,146,150,146,5.358649969100952
pendulum,ce,alp,1,296,-1251.7860396872907,-1299.198983876296,-1233.422006523196,0.28190047364554244,144,152,144,5.356269836425781
pendulum,ce,alp,2,296,-1442.9339870014533,-1251.614227244468,-1228.2791449818978,0.2861047301709008,147,149,147,5.331388235092163
pendulum,ce,alp,3,296,-1326.3482951870128,-1266.640833485389,-1207.064834102349,0.2773556977851361,146,150,146,5.787430047988892
pendulum,ce,intermediate_difficulty,1,296,-1336.4252977497542,-1230.649489080019,-1224.9130400238387,0.28917128480085397,144,152,144,5.349134922027588
pendulum,ce,intermediate_difficulty,2,296,-1389.1721503401754,-1218.9830258756901,-1234.8824192432335,0.2940745831039192,147,149,147,5.383221864700317
pendulum,ce,intermediate_difficulty,3,296,-1103.8465509875143,-1226.501607762254,-1230.6908549579523,0.2772621074811559,146,150,146,5.45578408241272
pendulum,mab,none,1,296,-1003.0968930442077,-1155.7708957500042,-1212.9033998446344,0.2539771009679843,296,0,200,5.442502021789551
pendulum,mab,none,2,296,-1235.4763064259896,-1128.3328816692167,-1137.4328687598002,0.26741843620976213,296,0,200,5.440209150314331
pendulum,mab,none,3,296,-897.5459125291179,-1062.2659739019944,-1337.0971379569676,0.25309234153218635,296,0,200,5.457690954208374
pendulum,mab,pvl_gae,1,296,-1281.0819279814127,-1249.7719017678023,-1218.7186766782445,0.2873900636627779,144,152,144,5.4121809005737305
pendulum,mab,pvl_gae,2,296,-1289.7127381825535,-1235.9382515721124,-1330.5230493641036,0.29219560934341715,147,149,147,5.461578845977783
pendulum,mab,pvl_gae,3,296,-1305.5369448633548,-1272.2163247524356,-1258.6299921359323,0.2916634993177638,146,150,146,5.448431730270386
pendulum,mab,l1_value_loss,1,296,-1455.1204178874368,-1376.7670392536402,-1264.3553919071146,0.24887431566833884,144,152,144,5.447938919067383
pendulum,mab,l1_value_loss,2,296,-1687.984022570905,-1497.0503849821137,-1137.9637211263498,0.22434114611180517,147,149,147,5.4414520263671875
pendulum,mab,l1_value_loss,3,296,-1317.7494681359144,-1325.228140357962,-1182.4014791183529,0.28848849333708776,146,150,146,5.426508903503418
pendulum,mab,max_mc,1,296,-1198.6527451519446,-1234.9824914127857,-1197.5850037330756,0.28295309541163405,144,152,144,5.455618143081665
pendulum,mab,max_mc,2,296,-1269.4949814187137,-1253.6108739075066,-1129.0111440141748,0.28324265043056435,147,149,147,5.404504060745239
pendulum,mab,max_mc,3,296,-1136.294588529793,-1314.4851074382184,-1166.3338541045314,0.2888389732800238,146,150,146,5.767807245254517
pendulum,mab,td_error_l2,1,296,-1432.9783917078535,-1501.406655996218,-1268.1817420534285,0.25826761062582726,144,152,144,5.310090065002441
pendulum,mab,td_error_l2,2,296,-1514.9045760756253,-1411.929162146753,-1127.9040358020438,0.25565034707503526,147,149,147,5.456809997558594
pendulum,mab,td_error_l2,3,296,-1434.310469153225,-1379.6694343238632,-1280.9099760291028,0.21412006205348724,146,150,146,7.090444087982178
pendulum,mab,alp,1,296,-1384.4076135764537,-1226.5684261850834,-1235.316628207581,0.29056339658521263,144,152,144,5.29157280921936
pendulum,mab,alp,2,296,-1257.2743436679293,-1226.904089680983,-1188.9248147003466,0.2863603877797642,147,149,147,5.45849084854126
pendulum,mab,alp,3,296,-1166.792617761716,-1246.4200962066132,-1161.7076166711283,0.2954583652161237,146,150,146,5.740163087844849
pendulum,mab,intermediate_difficulty,1,296,-1196.6660935706807,-1251.0167788534725,-1210.0113266036888,0.28373970664720183,144,152,144,5.467923879623413
pendulum,mab,intermediate_difficulty,2,296,-1331.664694721478,-1212.2670510350829,-1092.3497067465748,0.28777390551932563,147,149,147,5.589313745498657
pendulum,mab,intermediate_difficulty,3,296,-1181.9464696224427,-1240.633952019265,-1169.1926240293287,0.2843950406832577,146,150,146,5.467661142349243
pendulum,bo,none,1,296,-1034.8953225747348,-1133.6127854370534,-1286.3418397071305,0.2679469172154854,296,0,200,65.04906105995178
pendulum,bo,none,2,296,-975.611196546916,-888.7948259213827,-1134.9545069865492,0.1129747096205187,296,0,200,58.953243255615234
pendulum,bo,none,3,296,-1086.8487272463976,-1066.1197855121286,-1307.9676987591974,0.1520917990726385,296,0,200,57.222803354263306
pendulum,bo,pvl_gae,1,296,-1240.6077693571845,-1218.6265064786476,-1273.2248980320833,0.27720700257711517,144,152,144,13.52068281173706
pendulum,bo,pvl_gae,2,296,-1073.6956388473623,-1198.0613164350643,-1103.3807262853736,0.29795687044518043,147,149,147,13.389993906021118
pendulum,bo,pvl_gae,3,296,-1198.8515692335927,-1240.5974635628183,-1248.9025708580464,0.28349204927529,146,150,146,12.840605735778809
pendulum,bo,l1_value_loss,1,296,-688.0932880744881,-1410.389280790296,-1408.4448751287562,0.3223601986341708,144,152,144,16.604131937026978
pendulum,bo,l1_value_loss,2,296,-1941.1789881228628,-1630.6622394536105,-1358.3227669089808,0.14991707871344226,147,149,147,18.04429602622986
pendulum,bo,l1_value_loss,3,296,-2474.930155261639,-1550.5446528521945,-1411.3028130958114,0.19757130880723187,146,150,146,15.91683292388916
pendulum,bo,max_mc,1,296,-1330.4998445158324,-1247.3220694929971,-1245.6242755250662,0.2809976480015809,144,152,144,11.420732021331787
pendulum,bo,max_mc,2,296,-1241.3765784339132,-1229.330155115459,-1135.5995070825718,0.2884921784192987,147,149,147,11.776552200317383
pendulum,bo,max_mc,3,296,-1294.1095036339734,-1275.5567183077803,-1239.2498676049336,0.2901780314993569,146,150,146,13.139386177062988
pendulum,bo,td_error_l2,1,296,-1752.0310561441966,-1643.3703349544553,-1235.3792921744378,0.18648755077224508,144,152,144,14.800156831741333
pendulum,bo,td_error_l2,2,296,-1479.3437036214727,-1395.4295496040813,-1163.3636264475726,0.09789901526559028,147,149,147,17.814351081848145
pendulum,bo,td_error_l2,3,296,-1634.2485451961732,-1592.5645889288805,-1358.798056518657,0.2191595170969451,146,150,146,19.47991418838501
pendulum,bo,alp,1,296,-1219.9650573168387,-1300.565365628319,-1225.9219566242778,0.288773604825434,144,152,144,11.397902965545654
pendulum,bo,alp,2,296,-1152.8679777846748,-1194.6679312316262,-1113.290751076418,0.29427510086121267,147,149,147,11.719640731811523
pendulum,bo,alp,3,296,-1248.085298122198,-1259.243330003324,-1263.8811318392627,0.28701051881955536,146,150,146,11.562887907028198
pendulum,bo,intermediate_difficulty,1,296,-1428.3130002924604,-1237.1744326523722,-1190.9333428338825,0.28904772948455937,144,152,144,11.547997951507568
pendulum,bo,intermediate_difficulty,2,296,-1237.2754358753432,-1242.851510165881,-1212.7413121982752,0.2847408506507231,147,149,147,11.924140930175781
pendulum,bo,intermediate_difficulty,3,296,-1315.9135576676233,-1248.642175123974,-1179.3495403931327,0.29659272482648075,146,150,146,11.611657857894897
