config,seed,step,adv/n,adv/success,adv/mean_steps,adv/cvar,calib_dev/n,calib_dev/success,calib_dev/mean_steps,calib_test/n,calib_test/success,calib_test/mean_steps,random/n,random/success,random/mean_steps,verifai_dev/n,verifai_dev/success,verifai_dev/mean_steps,verifai_test/n,verifai_test/success,verifai_test/mean_steps,episodes,replays,scouted_steps,wall_time_sec,commit
sfl_carry_mem,1,0,2000,0.0,200.0,0.0,1000,0.0,200.0,1000,0.0,200.0,298,0.0,200.0,1000,0.0,200.0,1000,0.0,200.0,2050,1009,36343633,202.36825013160706,ab16711
sfl_carry_mem,1,30720,2000,0.426,131.189,0.0,1000,0.0,200.0,1000,0.0,200.0,298,0.4228187919463087,130.56375838926175,1000,0.0,200.0,1000,0.0,200.0,2050,1009,36343633,202.36825013160706,ab16711
sfl_carry_mem,1,61440,2000,0.585,106.651,0.0,1000,0.0,200.0,1000,0.0,200.0,298,0.5637583892617449,110.05369127516778,1000,0.0,200.0,1000,0.0,200.0,2050,1009,36343633,202.36825013160706,ab16711
sfl_carry_mem,1,92160,2000,0.0,200.0,0.0,1000,0.0,200.0,1000,0.0,200.0,298,0.0,200.0,1000,0.0,200.0,1000,0.0,200.0,2050,1009,36343633,202.36825013160706,ab16711
sfl_carry_mem,1,122880,2000,0.0,200.0,0.0,1000,0.0,200.0,1000,0.0,200.0,298,0.0,200.0,1000,0.0,200.0,1000,0.0,200.0,2050,1009,36343633,202.36825013160706,ab16711
sfl_carry_mem,1,153600,2000,0.767,75.888,0.0,1000,0.0,200.0,1000,0.0,200.0,298,0.6711409395973155,90.48657718120805,1000,0.0,200.0,1000,0.0,200.0,2050,1009,36343633,202.36825013160706,ab16711
sfl_carry_mem,1,184320,2000,0.767,75.888,0.0,1000,0.0,200.0,1000,0.0,200.0,298,0.6711409395973155,90.48657718120805,1000,0.0,200.0,1000,0.0,200.0,2050,1009,36343633,202.36825013160706,ab16711
sfl_carry_mem,1,215040,2000,0.767,75.888,0.0,1000,0.0,200.0,1000,0.0,200.0,298,0.6711409395973155,90.48657718120805,1000,0.0,200.0,1000,0.0,200.0,2050,1009,36343633,202.36825013160706,ab16711
sfl_carry_mem,1,245760,2000,0.767,75.888,0.0,1000,0.0,200.0,1000,0.0,200.0,298,0.6711409395973155,90.48657718120805,1000,0.0,200.0,1000,0.0,200.0,2050,1009,36343633,202.36825013160706,ab16711
sfl_carry_mem,1,276480,2000,0.767,75.888,0.0,1000,0.0,200.0,1000,0.0,200.0,298,0.6711409395973155,90.48657718120805,1000,0.0,200.0,1000,0.0,200.0,2050,1009,36343633,202.36825013160706,ab16711
sfl_carry_mem,1,307200,2000,0.767,75.888,0.0,1000,0.0,200.0,1000,0.0,200.0,298,0.6711409395973155,90.48657718120805,1000,0.0,200.0,1000,0.0,200.0,2050,1009,36343633,202.36825013160706,ab16711
sfl_carry0,1,0,2000,0.0,200.0,0.0,1000,0.0,200.0,1000,0.0,200.0,298,0.0,200.0,1000,0.0,200.0,1000,0.0,200.0,2396,1189,30940394,202.4694139957428,ab16711
sfl_carry0,1,30720,2000,0.0,200.0,0.0,1000,0.0,200.0,1000,0.0,200.0,298,0.0,200.0,1000,0.0,200.0,1000,0.0,200.0,2396,1189,30940394,202.4694139957428,ab16711
sfl_carry0,1,61440,2000,0.745,79.2215,0.0,1000,0.0,200.0,1000,0.0,200.0,298,0.6510067114093959,93.23825503355705,1000,0.0,200.0,1000,0.0,200.0,2396,1189,30940394,202.4694139957428,ab16711
sfl_carry0,1,92160,2000,0.767,75.888,0.0,1000,0.0,200.0,1000,0.0,200.0,298,0.6711409395973155,90.48657718120805,1000,0.0,200.0,1000,0.0,200.0,2396,1189,30940394,202.4694139957428,ab16711
sfl_carry0,1,122880,2000,0.767,75.888,0.0,1000,0.0,200.0,1000,0.0,200.0,298,0.6711409395973155,90.48657718120805,1000,0.0,200.0,1000,0.0,200.0,2396,1189,30940394,202.4694139957428,ab16711
sfl_carry0,1,153600,2000,0.767,75.888,0.0,1000,0.0,200.0,1000,0.0,200.0,298,0.6711409395973155,90.48657718120805,1000,0.0,200.0,1000,0.0,200.0,2396,1189,30940394,202.4694139957428,ab16711
sfl_carry0,1,184320,2000,0.767,75.888,0.0,1000,0.0,200.0,1000,0.0,200.0,298,0.6711409395973155,90.48657718120805,1000,0.0,200.0,1000,0.0,200.0,2396,1189,30940394,202.4694139957428,ab16711
sfl_carry0,1,215040,2000,0.767,75.888,0.0,1000,0.0,200.0,1000,0.0,200.0,298,0.6711409395973155,90.48657718120805,1000,0.0,200.0,1000,0.0,200.0,2396,1189,30940394,202.4694139957428,ab16711
sfl_carry0,1,245760,2000,0.767,75.888,0.0,1000,0.0,200.0,1000,0.0,200.0,298,0.6711409395973155,90.48657718120805,1000,0.0,200.0,1000,0.0,200.0,2396,1189,30940394,202.4694139957428,ab16711
sfl_carry0,1,276480,2000,0.767,75.888,0.0,1000,0.0,200.0,1000,0.0,200.0,298,0.6711409395973155,90.48657718120805,1000,0.0,200.0,1000,0.0,200.0,2396,1189,30940394,202.4694139957428,ab16711
sfl_carry0,1,307200,2000,0.767,75.888,0.0,1000,0.0,200.0,1000,0.0,200.0,298,0.6711409395973155,90.48657718120805,1000,0.0,200.0,1000,0.0,200.0,2396,1189,30940394,202.4694139957428,ab16711
sfl_spread_carry0,1,0,2000,0.0,200.0,0.0,1000,0.0,200.0,1000,0.0,200.0,298,0.0,200.0,1000,0.0,200.0,1000,0.0,200.0,2438,1230,33515904,202.26360201835632,ab16711
sfl_spread_carry0,1,30720,2000,0.296,160.1925,0.0,1000,0.0,200.0,1000,0.0,200.0,298,0.2986577181208054,159.29530201342283,1000,0.0,200.0,1000,0.0,200.0,2438,1230,33515904,202.26360201835632,ab16711
sfl_spread_carry0,1,61440,2000,0.767,75.888,0.0,1000,0.0,200.0,1000,0.0,200.0,298,0.6711409395973155,90.48657718120805,1000,0.0,200.0,1000,0.0,200.0,2438,1230,33515904,202.26360201835632,ab16711
sfl_spread_carry0,1,92160,2000,0.7395,82.695,0.0,1000,0.0,200.0,1000,0.0,200.0,298,0.6442953020134228,96.43959731543625,1000,0.0,200.0,1000,0.0,200.0,2438,1230,33515904,202.26360201835632,ab16711
sfl_spread_carry0,1,122880,2000,0.767,75.888,0.0,1000,0.0,200.0,1000,0.0,200.0,298,0.6711409395973155,90.48657718120805,1000,0.0,200.0,1000,0.0,200.0,2438,1230,33515904,202.26360201835632,ab16711
sfl_spread_carry0,1,153600,2000,0.767,75.888,0.0,1000,0.0,200.0,1000,0.0,200.0,298,0.6711409395973155,90.48657718120805,1000,0.0,200.0,1000,0.0,200.0,2438,1230,33515904,202.26360201835632,ab16711
sfl_spread_carry0,1,184320,2000,0.767,75.888,0.0,1000,0.0,200.0,1000,0.0,200.0,298,0.6711409395973155,90.48657718120805,1000,0.0,200.0,1000,0.0,200.0,2438,1230,33515904,202.26360201835632,ab16711
sfl_spread_carry0,1,215040,2000,0.767,75.888,0.0,1000,0.0,200.0,1000,0.0,200.0,298,0.6711409395973155,90.48657718120805,1000,0.0,200.0,1000,0.0,200.0,2438,1230,33515904,202.26360201835632,ab16711
sfl_spread_carry0,1,245760,2000,0.767,75.888,0.0,1000,0.0,200.0,1000,0.0,200.0,298,0.6711409395973155,90.48657718120805,1000,0.0,200.0,1000,0.0,200.0,2438,1230,33515904,202.26360201835632,ab16711
sfl_spread_carry0,1,276480,2000,0.767,75.888,0.0,1000,0.0,200.0,1000,0.0,200.0,298,0.6711409395973155,90.48657718120805,1000,0.0,200.0,1000,0.0,200.0,2438,1230,33515904,202.26360201835632,ab16711
sfl_spread_carry0,1,307200,2000,0.767,75.888,0.0,1000,0.0,200.0,1000,0.0,200.0,298,0.6711409395973155,90.48657718120805,1000,0.0,200.0,1000,0.0,200.0,2438,1230,33515904,202.26360201835632,ab16711
sfl_carry_mem,2,0,2000,0.0,200.0,0.0,1000,0.0,200.0,1000,0.0,200.0,298,0.0,200.0,1000,0.0,200.0,1000,0.0,200.0,2224,1104,31793390,202.35970830917358,ab16711
sfl_carry_mem,2,30720,2000,0.0,200.0,0.0,1000,0.0,200.0,1000,0.0,200.0,298,0.0,200.0,1000,0.0,200.0,1000,0.0,200.0,2224,1104,31793390,202.35970830917358,ab16711
sfl_carry_mem,2,61440,2000,0.745,79.134,0.0,1000,0.0,200.0,1000,0.0,200.0,298,0.6510067114093959,93.20805369127517,1000,0.0,200.0,1000,0.0,200.0,2224,1104,31793390,202.35970830917358,ab16711
sfl_carry_mem,2,92160,2000,0.767,75.888,0.0,1000,0.0,200.0,1000,0.0,200.0,298,0.6711409395973155,90.48657718120805,1000,0.0,200.0,1000,0.0,200.0,2224,1104,31793390,202.35970830917358,ab16711
sfl_carry_mem,2,122880,2000,0.767,75.888,0.0,1000,0.0,200.0,1000,0.0,200.0,298,0.6711409395973155,90.48657718120805,1000,0.0,200.0,1000,0.0,200.0,2224,1104,31793390,202.35970830917358,ab16711
sfl_carry_mem,2,153600,2000,0.767,75.888,0.0,1000,0.0,200.0,1000,0.0,200.0,298,0.6711409395973155,90.48657718120805,1000,0.0,200.0,1000,0.0,200.0,2224,1104,31793390,202.35970830917358,ab16711
sfl_carry_mem,2,184320,2000,0.767,75.888,0.0,1000,0.0,200.0,1000,0.0,200.0,298,0.6711409395973155,90.48657718120805,1000,0.0,200.0,1000,0.0,200.0,2224,1104,31793390,202.35970830917358,ab16711
sfl_carry_mem,2,215040,2000,0.767,75.888,0.0,1000,0.0,200.0,1000,0.0,200.0,298,0.6711409395973155,90.48657718120805,1000,0.0,200.0,1000,0.0,200.0,2224,1104,31793390,202.35970830917358,ab16711
sfl_carry_mem,2,245760,2000,0.767,75.888,0.0,1000,0.0,200.0,1000,0.0,200.0,298,0.6711409395973155,90.48657718120805,1000,0.0,200.0,1000,0.0,200.0,2224,1104,31793390,202.35970830917358,ab16711
sfl_carry_mem,2,276480,2000,0.767,75.888,0.0,1000,0.0,200.0,1000,0.0,200.0,298,0.6711409395973155,90.48657718120805,1000,0.0,200.0,1000,0.0,200.0,2224,1104,31793390,202.35970830917358,ab16711
sfl_carry_mem,2,307200,2000,0.767,75.888,0.0,1000,0.0,200.0,1000,0.0,200.0,298,0.6711409395973155,90.48657718120805,1000,0.0,200.0,1000,0.0,200.0,2224,1104,31793390,202.35970830917358,ab16711
sfl_carry0,2,0,2000,0.0,200.0,0.0,1000,0.0,200.0,1000,0.0,200.0,298,0.0,200.0,1000,0.0,200.0,1000,0.0,200.0,2284,1129,35188569,202.67504596710205,ab16711
sfl_carry0,2,30720,2000,0.642,96.862,0.0,1000,0.0,200.0,1000,0.0,200.0,298,0.5805369127516778,104.5503355704698,1000,0.0,200.0,1000,0.0,200.0,2284,1129,35188569,202.67504596710205,ab16711
sfl_carry0,2,61440,2000,0.767,75.888,0.0,1000,0.0,200.0,1000,0.0,200.0,298,0.6711409395973155,90.48657718120805,1000,0.0,200.0,1000,0.0,200.0,2284,1129,35188569,202.67504596710205,ab16711
sfl_carry0,2,92160,2000,0.0,200.0,0.0,1000,0.0,200.0,1000,0.0,200.0,298,0.0,200.0,1000,0.0,200.0,1000,0.0,200.0,2284,1129,35188569,202.67504596710205,ab16711
sfl_carry0,2,122880,2000,0.704,90.1025,0.0,1000,0.0,200.0,1000,0.0,200.0,298,0.6174496644295302,100.52013422818791,1000,0.0,200.0,1000,0.0,200.0,2284,1129,35188569,202.67504596710205,ab16711
sfl_carry0,2,153600,2000,0.767,75.888,0.0,1000,0.0,200.0,1000,0.0,200.0,298,0.6711409395973155,90.48657718120805,1000,0.0,200.0,1000,0.0,200.0,2284,1129,35188569,202.67504596710205,ab16711
sfl_carry0,2,184320,2000,0.767,75.888,0.0,1000,0.0,200.0,1000,0.0,200.0,298,0.6711409395973155,90.48657718120805,1000,0.0,200.0,1000,0.0,200.0,2284,1129,35188569,202.67504596710205,ab16711
sfl_carry0,2,215040,2000,0.767,75.888,0.0,1000,0.0,200.0,1000,0.0,200.0,298,0.6711409395973155,90.48657718120805,1000,0.0,200.0,1000,0.0,200.0,2284,1129,35188569,202.67504596710205,ab16711
sfl_carry0,2,245760,2000,0.767,75.888,0.0,1000,0.0,200.0,1000,0.0,200.0,298,0.6711409395973155,90.48657718120805,1000,0.0,200.0,1000,0.0,200.0,2284,1129,35188569,202.67504596710205,ab16711
sfl_carry0,2,276480,2000,0.767,75.888,0.0,1000,0.0,200.0,1000,0.0,200.0,298,0.6711409395973155,90.48657718120805,1000,0.0,200.0,1000,0.0,200.0,2284,1129,35188569,202.67504596710205,ab16711
sfl_carry0,2,307200,2000,0.767,75.888,0.0,1000,0.0,200.0,1000,0.0,200.0,298,0.6711409395973155,90.48657718120805,1000,0.0,200.0,1000,0.0,200.0,2284,1129,35188569,202.67504596710205,ab16711
sfl_spread_carry0,2,0,2000,0.0,200.0,0.0,1000,0.0,200.0,1000,0.0,200.0,298,0.0,200.0,1000,0.0,200.0,1000,0.0,200.0,2794,1392,28324016,202.49753499031067,ab16711
sfl_spread_carry0,2,30720,2000,0.035,194.723,0.0,1000,0.0,200.0,1000,0.0,200.0,298,0.0436241610738255,193.48657718120805,1000,0.0,200.0,1000,0.0,200.0,2794,1392,28324016,202.49753499031067,ab16711
sfl_spread_carry0,2,61440,2000,0.7665,76.037,0.0,1000,0.0,200.0,1000,0.0,200.0,298,0.6711409395973155,90.5503355704698,1000,0.0,200.0,1000,0.0,200.0,2794,1392,28324016,202.49753499031067,ab16711
sfl_spread_carry0,2,92160,2000,0.767,75.888,0.0,1000,0.0,200.0,1000,0.0,200.0,298,0.6711409395973155,90.48657718120805,1000,0.0,200.0,1000,0.0,200.0,2794,1392,28324016,202.49753499031067,ab16711
sfl_spread_carry0,2,122880,2000,0.767,75.888,0.0,1000,0.0,200.0,1000,0.0,200.0,298,0.6711409395973155,90.48657718120805,1000,0.0,200.0,1000,0.0,200.0,2794,1392,28324016,202.49753499031067,ab16711
sfl_spread_carry0,2,153600,2000,0.767,75.888,0.0,1000,0.0,200.0,1000,0.0,200.0,298,0.6711409395973155,90.48657718120805,1000,0.0,200.0,1000,0.0,200.0,2794,1392,28324016,202.49753499031067,ab16711
sfl_spread_carry0,2,184320,2000,0.767,75.888,0.0,1000,0.0,200.0,1000,0.0,200.0,298,0.6711409395973155,90.48657718120805,1000,0.0,200.0,1000,0.0,200.0,2794,1392,28324016,202.49753499031067,ab16711
sfl_spread_carry0,2,215040,2000,0.767,75.888,0.0,1000,0.0,200.0,1000,0.0,200.0,298,0.6711409395973155,90.48657718120805,1000,0.0,200.0,1000,0.0,200.0,2794,1392,28324016,202.49753499031067,ab16711
sfl_spread_carry0,2,245760,2000,0.767,75.888,0.0,1000,0.0,200.0,1000,0.0,200.0,298,0.6711409395973155,90.48657718120805,1000,0.0,200.0,1000,0.0,200.0,2794,1392,28324016,202.49753499031067,ab16711
sfl_spread_carry0,2,276480,2000,0.767,75.888,0.0,1000,0.0,200.0,1000,0.0,200.0,298,0.6711409395973155,90.48657718120805,1000,0.0,200.0,1000,0.0,200.0,2794,1392,28324016,202.49753499031067,ab16711
sfl_spread_carry0,2,307200,2000,0.767,75.888,0.0,1000,0.0,200.0,1000,0.0,200.0,298,0.6711409395973155,90.48657718120805,1000,0.0,200.0,1000,0.0,200.0,2794,1392,28324016,202.49753499031067,ab16711
sfl_carry_mem,3,0,2000,0.0,200.0,0.0,1000,0.0,200.0,1000,0.0,200.0,298,0.0,200.0,1000,0.0,200.0,1000,0.0,200.0,2370,1213,29208204,202.36057806015015,ab16711
sfl_carry_mem,3,30720,2000,0.178,173.076,0.0,1000,0.0,200.0,1000,0.0,200.0,298,0.19463087248322147,169.78523489932886,1000,0.0,200.0,1000,0.0,200.0,2370,1213,29208204,202.36057806015015,ab16711
sfl_carry_mem,3,61440,2000,0.767,75.888,0.0,1000,0.0,200.0,1000,0.0,200.0,298,0.6711409395973155,90.48657718120805,1000,0.0,200.0,1000,0.0,200.0,2370,1213,29208204,202.36057806015015,ab16711
sfl_carry_mem,3,92160,2000,0.767,75.888,0.0,1000,0.0,200.0,1000,0.0,200.0,298,0.6711409395973155,90.48657718120805,1000,0.0,200.0,1000,0.0,200.0,2370,1213,29208204,202.36057806015015,ab16711
sfl_carry_mem,3,122880,2000,0.767,75.888,0.0,1000,0.0,200.0,1000,0.0,200.0,298,0.6711409395973155,90.48657718120805,1000,0.0,200.0,1000,0.0,200.0,2370,1213,29208204,202.36057806015015,ab16711
sfl_carry_mem,3,153600,2000,0.767,75.888,0.0,1000,0.0,200.0,1000,0.0,200.0,298,0.6711409395973155,90.48657718120805,1000,0.0,200.0,1000,0.0,200.0,2370,1213,29208204,202.36057806015015,ab16711
sfl_carry_mem,3,184320,2000,0.767,75.888,0.0,1000,0.0,200.0,1000,0.0,200.0,298,0.6711409395973155,90.48657718120805,1000,0.0,200.0,1000,0.0,200.0,2370,1213,29208204,202.36057806015015,ab16711
sfl_carry_mem,3,215040,2000,0.767,75.888,0.0,1000,0.0,200.0,1000,0.0,200.0,298,0.6711409395973155,90.48657718120805,1000,0.0,200.0,1000,0.0,200.0,2370,1213,29208204,202.36057806015015,ab16711
sfl_carry_mem,3,245760,2000,0.767,75.888,0.0,1000,0.0,200.0,1000,0.0,200.0,298,0.6711409395973155,90.48657718120805,1000,0.0,200.0,1000,0.0,200.0,2370,1213,29208204,202.36057806015015,ab16711
sfl_carry_mem,3,276480,2000,0.767,75.888,0.0,1000,0.0,200.0,1000,0.0,200.0,298,0.6711409395973155,90.48657718120805,1000,0.0,200.0,1000,0.0,200.0,2370,1213,29208204,202.36057806015015,ab16711
sfl_carry_mem,3,307200,2000,0.767,75.888,0.0,1000,0.0,200.0,1000,0.0,200.0,298,0.6711409395973155,90.48657718120805,1000,0.0,200.0,1000,0.0,200.0,2370,1213,29208204,202.36057806015015,ab16711
sfl_carry0,3,0,2000,0.0,200.0,0.0,1000,0.0,200.0,1000,0.0,200.0,298,0.0,200.0,1000,0.0,200.0,1000,0.0,200.0,2551,1234,29323135,202.2100327014923,ab16711
sfl_carry0,3,30720,2000,0.604,100.893,0.0,1000,0.0,200.0,1000,0.0,200.0,298,0.5704697986577181,106.34228187919463,1000,0.0,200.0,1000,0.0,200.0,2551,1234,29323135,202.2100327014923,ab16711
sfl_carry0,3,61440,2000,0.6315,97.363,0.0,1000,0.0,200.0,1000,0.0,200.0,298,0.5704697986577181,105.31879194630872,1000,0.0,200.0,1000,0.0,200.0,2551,1234,29323135,202.2100327014923,ab16711
sfl_carry0,3,92160,2000,0.767,75.888,0.0,1000,0.0,200.0,1000,0.0,200.0,298,0.6711409395973155,90.48657718120805,1000,0.0,200.0,1000,0.0,200.0,2551,1234,29323135,202.2100327014923,ab16711
sfl_carry0,3,122880,2000,0.767,75.888,0.0,1000,0.0,200.0,1000,0.0,200.0,298,0.6711409395973155,90.48657718120805,1000,0.0,200.0,1000,0.0,200.0,2551,1234,29323135,202.2100327014923,ab16711
sfl_carry0,3,153600,2000,0.767,75.888,0.0,1000,0.0,200.0,1000,0.0,200.0,298,0.6711409395973155,90.48657718120805,1000,0.0,200.0,1000,0.0,200.0,2551,1234,29323135,202.2100327014923,ab16711
sfl_carry0,3,184320,2000,0.767,75.888,0.0,1000,0.0,200.0,1000,0.0,200.0,298,0.6711409395973155,90.48657718120805,1000,0.0,200.0,1000,0.0,200.0,2551,1234,29323135,202.2100327014923,ab16711
sfl_carry0,3,215040,2000,0.767,75.888,0.0,1000,0.0,200.0,1000,0.0,200.0,298,0.6711409395973155,90.48657718120805,1000,0.0,200.0,1000,0.0,200.0,2551,1234,29323135,202.2100327014923,ab16711
sfl_carry0,3,245760,2000,0.767,75.888,0.0,1000,0.0,200.0,1000,0.0,200.0,298,0.6711409395973155,90.48657718120805,1000,0.0,200.0,1000,0.0,200.0,2551,1234,29323135,202.2100327014923,ab16711
sfl_carry0,3,276480,2000,0.767,75.888,0.0,1000,0.0,200.0,1000,0.0,200.0,298,0.6711409395973155,90.48657718120805,1000,0.0,200.0,1000,0.0,200.0,2551,1234,29323135,202.2100327014923,ab16711
sfl_carry0,3,307200,2000,0.767,75.888,0.0,1000,0.0,200.0,1000,0.0,200.0,298,0.6711409395973155,90.48657718120805,1000,0.0,200.0,1000,0.0,200.0,2551,1234,29323135,202.2100327014923,ab16711
sfl_spread_carry0,3,0,2000,0.0,200.0,0.0,1000,0.0,200.0,1000,0.0,200.0,298,0.0,200.0,1000,0.0,200.0,1000,0.0,200.0,2671,1337,30216157,202.48691987991333,ab16711
sfl_spread_carry0,3,30720,2000,0.217,165.553,0.0,1000,0.0,200.0,1000,0.0,200.0,298,0.22818791946308725,163.98993288590603,1000,0.0,200.0,1000,0.0,200.0,2671,1337,30216157,202.48691987991333,ab16711
sfl_spread_carry0,3,61440,2000,0.767,75.888,0.0,1000,0.0,200.0,1000,0.0,200.0,298,0.6711409395973155,90.48657718120805,1000,0.0,200.0,1000,0.0,200.0,2671,1337,30216157,202.48691987991333,ab16711
sfl_spread_carry0,3,92160,2000,0.767,75.888,0.0,1000,0.0,200.0,1000,0.0,200.0,298,0.6711409395973155,90.48657718120805,1000,0.0,200.0,1000,0.0,200.0,2671,1337,30216157,202.48691987991333,ab16711
sfl_spread_carry0,3,122880,2000,0.767,75.888,0.0,1000,0.0,200.0,1000,0.0,200.0,298,0.6711409395973155,90.48657718120805,1000,0.0,200.0,1000,0.0,200.0,2671,1337,30216157,202.48691987991333,ab16711
sfl_spread_carry0,3,153600,2000,0.767,75.888,0.0,1000,0.0,200.0,1000,0.0,200.0,298,0.6711409395973155,90.48657718120805,1000,0.0,200.0,1000,0.0,200.0,2671,1337,30216157,202.48691987991333,ab16711
sfl_spread_carry0,3,184320,2000,0.767,75.888,0.0,1000,0.0,200.0,1000,0.0,200.0,298,0.6711409395973155,90.48657718120805,1000,0.0,200.0,1000,0.0,200.0,2671,1337,30216157,202.48691987991333,ab16711
sfl_spread_carry0,3,215040,2000,0.767,75.888,0.0,1000,0.0,200.0,1000,0.0,200.0,298,0.6711409395973155,90.48657718120805,1000,0.0,200.0,1000,0.0,200.0,2671,1337,30216157,202.48691987991333,ab16711
sfl_spread_carry0,3,245760,2000,0.767,75.888,0.0,1000,0.0,200.0,1000,0.0,200.0,298,0.6711409395973155,90.48657718120805,1000,0.0,200.0,1000,0.0,200.0,2671,1337,30216157,202.48691987991333,ab16711
sfl_spread_carry0,3,276480,2000,0.767,75.888,0.0,1000,0.0,200.0,1000,0.0,200.0,298,0.6711409395973155,90.48657718120805,1000,0.0,200.0,1000,0.0,200.0,2671,1337,30216157,202.48691987991333,ab16711
sfl_spread_carry0,3,307200,2000,0.767,75.888,0.0,1000,0.0,200.0,1000,0.0,200.0,298,0.6711409395973155,90.48657718120805,1000,0.0,200.0,1000,0.0,200.0,2671,1337,30216157,202.48691987991333,ab16711
sfl_carry_mem,4,0,2000,0.0,200.0,0.0,1000,0.0,200.0,1000,0.0,200.0,298,0.0,200.0,1000,0.0,200.0,1000,0.0,200.0,2160,1066,33745825,202.18846797943115,ab16711
sfl_carry_mem,4,30720,2000,0.0275,198.7985,0.0,1000,0.0,200.0,1000,0.0,200.0,298,0.020134228187919462,198.89597315436242,1000,0.0,200.0,1000,0.0,200.0,2160,1066,33745825,202.18846797943115,ab16711
sfl_carry_mem,4,61440,2000,0.331,148.9335,0.0,1000,0.0,200.0,1000,0.0,200.0,298,0.32550335570469796,147.59731543624162,1000,0.0,200.0,1000,0.0,200.0,2160,1066,33745825,202.18846797943115,ab16711
sfl_carry_mem,4,92160,2000,0.349,146.4625,0.0,1000,0.0,200.0,1000,0.0,200.0,298,0.3422818791946309,145.40604026845637,1000,0.0,200.0,1000,0.0,200.0,2160,1066,33745825,202.18846797943115,ab16711
sfl_carry_mem,4,122880,2000,0.767,75.9125,0.0,1000,0.0,200.0,1000,0.0,200.0,298,0.6711409395973155,90.50671140939598,1000,0.0,200.0,1000,0.0,200.0,2160,1066,33745825,202.18846797943115,ab16711
sfl_carry_mem,4,153600,2000,0.767,75.888,0.0,1000,0.0,200.0,1000,0.0,200.0,298,0.6711409395973155,90.48657718120805,1000,0.0,200.0,1000,0.0,200.0,2160,1066,33745825,202.18846797943115,ab16711
sfl_carry_mem,4,184320,2000,0.767,75.888,0.0,1000,0.0,200.0,1000,0.0,200.0,298,0.6711409395973155,90.48657718120805,1000,0.0,200.0,1000,0.0,200.0,2160,1066,33745825,202.18846797943115,ab16711
sfl_carry_mem,4,215040,2000,0.767,75.888,0.0,1000,0.0,200.0,1000,0.0,200.0,298,0.6711409395973155,90.48657718120805,1000,0.0,200.0,1000,0.0,200.0,2160,1066,33745825,202.18846797943115,ab16711
sfl_carry_mem,4,245760,2000,0.767,75.888,0.0,1000,0.0,200.0,1000,0.0,200.0,298,0.6711409395973155,90.48657718120805,1000,0.0,200.0,1000,0.0,200.0,2160,1066,33745825,202.18846797943115,ab16711
sfl_carry_mem,4,276480,2000,0.767,75.888,0.0,1000,0.0,200.0,1000,0.0,200.0,298,0.6711409395973155,90.48657718120805,1000,0.0,200.0,1000,0.0,200.0,2160,1066,33745825,202.18846797943115,ab16711
sfl_carry_mem,4,307200,2000,0.767,75.888,0.0,1000,0.0,200.0,1000,0.0,200.0,298,0.6711409395973155,90.48657718120805,1000,0.0,200.0,1000,0.0,200.0,2160,1066,33745825,202.18846797943115,ab16711
sfl_carry0,4,0,2000,0.0,200.0,0.0,1000,0.0,200.0,1000,0.0,200.0,298,0.0,200.0,1000,0.0,200.0,1000,0.0,200.0,2193,1070,36104622,249.51078295707703,ab16711
sfl_carry0,4,30720,2000,0.382,145.6395,0.0,1000,0.0,200.0,1000,0.0,200.0,298,0.37919463087248323,144.63087248322148,1000,0.0,200.0,1000,0.0,200.0,2193,1070,36104622,249.51078295707703,ab16711
sfl_carry0,4,61440,2000,0.6965,94.0805,0.0,1000,0.0,200.0,1000,0.0,200.0,298,0.6040268456375839,107.62080536912751,1000,0.0,200.0,1000,0.0,200.0,2193,1070,36104622,249.51078295707703,ab16711
sfl_carry0,4,92160,2000,0.0025,199.6925,0.0,1000,0.0,200.0,1000,0.0,200.0,298,0.0,200.0,1000,0.0,200.0,1000,0.0,200.0,2193,1070,36104622,249.51078295707703,ab16711
sfl_carry0,4,122880,2000,0.0,200.0,0.0,1000,0.0,200.0,1000,0.0,200.0,298,0.0,200.0,1000,0.0,200.0,1000,0.0,200.0,2193,1070,36104622,249.51078295707703,ab16711
sfl_carry0,4,153600,2000,0.767,75.888,0.0,1000,0.0,200.0,1000,0.0,200.0,298,0.6711409395973155,90.48657718120805,1000,0.0,200.0,1000,0.0,200.0,2193,1070,36104622,249.51078295707703,ab16711
sfl_carry0,4,184320,2000,0.767,75.888,0.0,1000,0.0,200.0,1000,0.0,200.0,298,0.6711409395973155,90.48657718120805,1000,0.0,200.0,1000,0.0,200.0,2193,1070,36104622,249.51078295707703,ab16711
sfl_carry0,4,215040,2000,0.767,75.888,0.0,1000,0.0,200.0,1000,0.0,200.0,298,0.6711409395973155,90.48657718120805,1000,0.0,200.0,1000,0.0,200.0,2193,1070,36104622,249.51078295707703,ab16711
sfl_carry0,4,245760,2000,0.767,75.888,0.0,1000,0.0,200.0,1000,0.0,200.0,298,0.6711409395973155,90.48657718120805,1000,0.0,200.0,1000,0.0,200.0,2193,1070,36104622,249.51078295707703,ab16711
sfl_carry0,4,276480,2000,0.767,75.888,0.0,1000,0.0,200.0,1000,0.0,200.0,298,0.6711409395973155,90.48657718120805,1000,0.0,200.0,1000,0.0,200.0,2193,1070,36104622,249.51078295707703,ab16711
sfl_carry0,4,307200,2000,0.767,75.888,0.0,1000,0.0,200.0,1000,0.0,200.0,298,0.6711409395973155,90.48657718120805,1000,0.0,200.0,1000,0.0,200.0,2193,1070,36104622,249.51078295707703,ab16711
sfl_spread_carry0,4,0,2000,0.002,199.6645,0.0,1000,0.0,200.0,1000,0.0,200.0,298,0.0,200.0,1000,0.0,200.0,1000,0.0,200.0,2229,1087,36863882,249.41782665252686,ab16711
sfl_spread_carry0,4,30720,2000,0.283,158.752,0.0,1000,0.0,200.0,1000,0.0,200.0,298,0.28523489932885904,158.39597315436242,1000,0.0,200.0,1000,0.0,200.0,2229,1087,36863882,249.41782665252686,ab16711
sfl_spread_carry0,4,61440,2000,0.612,99.993,0.0,1000,0.0,200.0,1000,0.0,200.0,298,0.5805369127516778,105.54026845637584,1000,0.0,200.0,1000,0.0,200.0,2229,1087,36863882,249.41782665252686,ab16711
sfl_spread_carry0,4,92160,2000,0.767,75.888,0.0,1000,0.0,200.0,1000,0.0,200.0,298,0.6711409395973155,90.48657718120805,1000,0.0,200.0,1000,0.0,200.0,2229,1087,36863882,249.41782665252686,ab16711
sfl_spread_carry0,4,122880,2000,0.0,200.0,0.0,1000,0.0,200.0,1000,0.0,200.0,298,0.0,200.0,1000,0.0,200.0,1000,0.0,200.0,2229,1087,36863882,249.41782665252686,ab16711
sfl_spread_carry0,4,153600,2000,0.015,197.735,0.0,1000,0.0,200.0,1000,0.0,200.0,298,0.013422818791946308,198.10402684563758,1000,0.0,200.0,1000,0.0,200.0,2229,1087,36863882,249.41782665252686,ab16711
sfl_spread_carry0,4,184320,2000,0.767,75.888,0.0,1000,0.0,200.0,1000,0.0,200.0,298,0.6711409395973155,90.48657718120805,1000,0.0,200.0,1000,0.0,200.0,2229,1087,36863882,249.41782665252686,ab16711
sfl_spread_carry0,4,215040,2000,0.767,75.888,0.0,1000,0.0,200.0,1000,0.0,200.0,298,0.6711409395973155,90.48657718120805,1000,0.0,200.0,1000,0.0,200.0,2229,1087,36863882,249.41782665252686,ab16711
sfl_spread_carry0,4,245760,2000,0.767,75.888,0.0,1000,0.0,200.0,1000,0.0,200.0,298,0.6711409395973155,90.48657718120805,1000,0.0,200.0,1000,0.0,200.0,2229,1087,36863882,249.41782665252686,ab16711
sfl_spread_carry0,4,276480,2000,0.767,75.888,0.0,1000,0.0,200.0,1000,0.0,200.0,298,0.6711409395973155,90.48657718120805,1000,0.0,200.0,1000,0.0,200.0,2229,1087,36863882,249.41782665252686,ab16711
sfl_spread_carry0,4,307200,2000,0.767,75.888,0.0,1000,0.0,200.0,1000,0.0,200.0,298,0.6711409395973155,90.48657718120805,1000,0.0,200.0,1000,0.0,200.0,2229,1087,36863882,249.41782665252686,ab16711
sfl_carry_mem,6,0,2000,0.0,200.0,0.0,1000,0.0,200.0,1000,0.0,200.0,298,0.0,200.0,1000,0.0,200.0,1000,0.0,200.0,2193,1099,32350054,249.17275500297546,ab16711
sfl_carry_mem,6,30720,2000,0.2825,176.441,0.0,1000,0.0,200.0,1000,0.0,200.0,298,0.2651006711409396,176.0771812080537,1000,0.0,200.0,1000,0.0,200.0,2193,1099,32350054,249.17275500297546,ab16711
sfl_carry_mem,6,61440,2000,0.767,75.888,0.0,1000,0.0,200.0,1000,0.0,200.0,298,0.6711409395973155,90.48657718120805,1000,0.0,200.0,1000,0.0,200.0,2193,1099,32350054,249.17275500297546,ab16711
sfl_carry_mem,6,92160,2000,0.767,75.888,0.0,1000,0.0,200.0,1000,0.0,200.0,298,0.6711409395973155,90.48657718120805,1000,0.0,200.0,1000,0.0,200.0,2193,1099,32350054,249.17275500297546,ab16711
sfl_carry_mem,6,122880,2000,0.767,75.888,0.0,1000,0.0,200.0,1000,0.0,200.0,298,0.6711409395973155,90.48657718120805,1000,0.0,200.0,1000,0.0,200.0,2193,1099,32350054,249.17275500297546,ab16711
sfl_carry_mem,6,153600,2000,0.767,75.888,0.0,1000,0.0,200.0,1000,0.0,200.0,298,0.6711409395973155,90.48657718120805,1000,0.0,200.0,1000,0.0,200.0,2193,1099,32350054,249.17275500297546,ab16711
sfl_carry_mem,6,184320,2000,0.767,75.888,0.0,1000,0.0,200.0,1000,0.0,200.0,298,0.6711409395973155,90.48657718120805,1000,0.0,200.0,1000,0.0,200.0,2193,1099,32350054,249.17275500297546,ab16711
sfl_carry_mem,6,215040,2000,0.767,75.888,0.0,1000,0.0,200.0,1000,0.0,200.0,298,0.6711409395973155,90.48657718120805,1000,0.0,200.0,1000,0.0,200.0,2193,1099,32350054,249.17275500297546,ab16711
sfl_carry_mem,6,245760,2000,0.767,75.888,0.0,1000,0.0,200.0,1000,0.0,200.0,298,0.6711409395973155,90.48657718120805,1000,0.0,200.0,1000,0.0,200.0,2193,1099,32350054,249.17275500297546,ab16711
sfl_carry_mem,6,276480,2000,0.767,75.888,0.0,1000,0.0,200.0,1000,0.0,200.0,298,0.6711409395973155,90.48657718120805,1000,0.0,200.0,1000,0.0,200.0,2193,1099,32350054,249.17275500297546,ab16711
sfl_carry_mem,6,307200,2000,0.767,75.888,0.0,1000,0.0,200.0,1000,0.0,200.0,298,0.6711409395973155,90.48657718120805,1000,0.0,200.0,1000,0.0,200.0,2193,1099,32350054,249.17275500297546,ab16711
sfl_carry0,6,0,2000,0.0,200.0,0.0,1000,0.0,200.0,1000,0.0,200.0,298,0.0,200.0,1000,0.0,200.0,1000,0.0,200.0,2453,1211,30254072,249.3859531879425,ab16711
sfl_carry0,6,30720,2000,0.5695,106.721,0.0,1000,0.0,200.0,1000,0.0,200.0,298,0.5469798657718121,109.92281879194631,1000,0.0,200.0,1000,0.0,200.0,2453,1211,30254072,249.3859531879425,ab16711
sfl_carry0,6,61440,2000,0.636,95.923,0.0,1000,0.0,200.0,1000,0.0,200.0,298,0.5838926174496645,103.75838926174497,1000,0.0,200.0,1000,0.0,200.0,2453,1211,30254072,249.3859531879425,ab16711
sfl_carry0,6,92160,2000,0.767,76.0195,0.0,1000,0.0,200.0,1000,0.0,200.0,298,0.6711409395973155,90.58053691275168,1000,0.0,200.0,1000,0.0,200.0,2453,1211,30254072,249.3859531879425,ab16711
sfl_carry0,6,122880,2000,0.767,75.888,0.0,1000,0.0,200.0,1000,0.0,200.0,298,0.6711409395973155,90.48657718120805,1000,0.0,200.0,1000,0.0,200.0,2453,1211,30254072,249.3859531879425,ab16711
sfl_carry0,6,153600,2000,0.767,75.888,0.0,1000,0.0,200.0,1000,0.0,200.0,298,0.6711409395973155,90.48657718120805,1000,0.0,200.0,1000,0.0,200.0,2453,1211,30254072,249.3859531879425,ab16711
sfl_carry0,6,184320,2000,0.767,75.888,0.0,1000,0.0,200.0,1000,0.0,200.0,298,0.6711409395973155,90.48657718120805,1000,0.0,200.0,1000,0.0,200.0,2453,1211,30254072,249.3859531879425,ab16711
sfl_carry0,6,215040,2000,0.767,75.888,0.0,1000,0.0,200.0,1000,0.0,200.0,298,0.6711409395973155,90.48657718120805,1000,0.0,200.0,1000,0.0,200.0,2453,1211,30254072,249.3859531879425,ab16711
sfl_carry0,6,245760,2000,0.767,75.888,0.0,1000,0.0,200.0,1000,0.0,200.0,298,0.6711409395973155,90.48657718120805,1000,0.0,200.0,1000,0.0,200.0,2453,1211,30254072,249.3859531879425,ab16711
sfl_carry0,6,276480,2000,0.767,75.888,0.0,1000,0.0,200.0,1000,0.0,200.0,298,0.6711409395973155,90.48657718120805,1000,0.0,200.0,1000,0.0,200.0,2453,1211,30254072,249.3859531879425,ab16711
sfl_carry0,6,307200,2000,0.767,75.888,0.0,1000,0.0,200.0,1000,0.0,200.0,298,0.6711409395973155,90.48657718120805,1000,0.0,200.0,1000,0.0,200.0,2453,1211,30254072,249.3859531879425,ab16711
sfl_spread_carry0,6,0,2000,0.0,200.0,0.0,1000,0.0,200.0,1000,0.0,200.0,298,0.0,200.0,1000,0.0,200.0,1000,0.0,200.0,2341,1203,34184586,249.44473004341125,ab16711
sfl_spread_carry0,6,30720,2000,0.062,191.562,0.0,1000,0.0,200.0,1000,0.0,200.0,298,0.05704697986577181,191.96308724832215,1000,0.0,200.0,1000,0.0,200.0,2341,1203,34184586,249.44473004341125,ab16711
sfl_spread_carry0,6,61440,2000,0.7575,77.3795,0.0,1000,0.0,200.0,1000,0.0,200.0,298,0.6644295302013423,91.60738255033557,1000,0.0,200.0,1000,0.0,200.0,2341,1203,34184586,249.44473004341125,ab16711
sfl_spread_carry0,6,92160,2000,0.0205,196.743,0.0,1000,0.0,200.0,1000,0.0,200.0,298,0.010067114093959731,198.35570469798657,1000,0.0,200.0,1000,0.0,200.0,2341,1203,34184586,249.44473004341125,ab16711
sfl_spread_carry0,6,122880,2000,0.767,75.888,0.0,1000,0.0,200.0,1000,0.0,200.0,298,0.6711409395973155,90.48657718120805,1000,0.0,200.0,1000,0.0,200.0,2341,1203,34184586,249.44473004341125,ab16711
sfl_spread_carry0,6,153600,2000,0.767,75.888,0.0,1000,0.0,200.0,1000,0.0,200.0,298,0.6711409395973155,90.48657718120805,1000,0.0,200.0,1000,0.0,200.0,2341,1203,34184586,249.44473004341125,ab16711
sfl_spread_carry0,6,184320,2000,0.767,75.888,0.0,1000,0.0,200.0,1000,0.0,200.0,298,0.6711409395973155,90.48657718120805,1000,0.0,200.0,1000,0.0,200.0,2341,1203,34184586,249.44473004341125,ab16711
sfl_spread_carry0,6,215040,2000,0.767,75.888,0.0,1000,0.0,200.0,1000,0.0,200.0,298,0.6711409395973155,90.48657718120805,1000,0.0,200.0,1000,0.0,200.0,2341,1203,34184586,249.44473004341125,ab16711
sfl_spread_carry0,6,245760,2000,0.767,75.888,0.0,1000,0.0,200.0,1000,0.0,200.0,298,0.6711409395973155,90.48657718120805,1000,0.0,200.0,1000,0.0,200.0,2341,1203,34184586,249.44473004341125,ab16711
sfl_spread_carry0,6,276480,2000,0.767,75.888,0.0,1000,0.0,200.0,1000,0.0,200.0,298,0.6711409395973155,90.48657718120805,1000,0.0,200.0,1000,0.0,200.0,2341,1203,34184586,249.44473004341125,ab16711
sfl_spread_carry0,6,307200,2000,0.767,75.888,0.0,1000,0.0,200.0,1000,0.0,200.0,298,0.6711409395973155,90.48657718120805,1000,0.0,200.0,1000,0.0,200.0,2341,1203,34184586,249.44473004341125,ab16711
sfl_carry_mem,7,0,2000,0.5425,143.7865,0.0,1000,0.0,200.0,1000,0.0,200.0,298,0.5268456375838926,141.8255033557047,1000,0.0,200.0,1000,0.0,200.0,2058,1037,34231241,249.49079513549805,ab16711
sfl_carry_mem,7,30720,2000,0.4535,132.1375,0.0,1000,0.0,200.0,1000,0.0,200.0,298,0.4261744966442953,133.49328859060404,1000,0.0,200.0,1000,0.0,200.0,2058,1037,34231241,249.49079513549805,ab16711
sfl_carry_mem,7,61440,2000,0.767,75.888,0.0,1000,0.0,200.0,1000,0.0,200.0,298,0.6711409395973155,90.48657718120805,1000,0.0,200.0,1000,0.0,200.0,2058,1037,34231241,249.49079513549805,ab16711
sfl_carry_mem,7,92160,2000,0.767,75.888,0.0,1000,0.0,200.0,1000,0.0,200.0,298,0.6711409395973155,90.48657718120805,1000,0.0,200.0,1000,0.0,200.0,2058,1037,34231241,249.49079513549805,ab16711
sfl_carry_mem,7,122880,2000,0.767,75.888,0.0,1000,0.0,200.0,1000,0.0,200.0,298,0.6711409395973155,90.48657718120805,1000,0.0,200.0,1000,0.0,200.0,2058,1037,34231241,249.49079513549805,ab16711
sfl_carry_mem,7,153600,2000,0.767,75.888,0.0,1000,0.0,200.0,1000,0.0,200.0,298,0.6711409395973155,90.48657718120805,1000,0.0,200.0,1000,0.0,200.0,2058,1037,34231241,249.49079513549805,ab16711
sfl_carry_mem,7,184320,2000,0.767,75.888,0.0,1000,0.0,200.0,1000,0.0,200.0,298,0.6711409395973155,90.48657718120805,1000,0.0,200.0,1000,0.0,200.0,2058,1037,34231241,249.49079513549805,ab16711
sfl_carry_mem,7,215040,2000,0.767,75.888,0.0,1000,0.0,200.0,1000,0.0,200.0,298,0.6711409395973155,90.48657718120805,1000,0.0,200.0,1000,0.0,200.0,2058,1037,34231241,249.49079513549805,ab16711
sfl_carry_mem,7,245760,2000,0.767,75.888,0.0,1000,0.0,200.0,1000,0.0,200.0,298,0.6711409395973155,90.48657718120805,1000,0.0,200.0,1000,0.0,200.0,2058,1037,34231241,249.49079513549805,ab16711
sfl_carry_mem,7,276480,2000,0.767,75.888,0.0,1000,0.0,200.0,1000,0.0,200.0,298,0.6711409395973155,90.48657718120805,1000,0.0,200.0,1000,0.0,200.0,2058,1037,34231241,249.49079513549805,ab16711
sfl_carry_mem,7,307200,2000,0.767,75.888,0.0,1000,0.0,200.0,1000,0.0,200.0,298,0.6711409395973155,90.48657718120805,1000,0.0,200.0,1000,0.0,200.0,2058,1037,34231241,249.49079513549805,ab16711
sfl_carry_mem,5,0,2000,0.0,200.0,0.0,1000,0.0,200.0,1000,0.0,200.0,298,0.0,200.0,1000,0.0,200.0,1000,0.0,200.0,2240,1086,32558536,249.54396963119507,ab16711
sfl_carry_mem,5,30720,2000,0.0,200.0,0.0,1000,0.0,200.0,1000,0.0,200.0,298,0.0,200.0,1000,0.0,200.0,1000,0.0,200.0,2240,1086,32558536,249.54396963119507,ab16711
sfl_carry_mem,5,61440,2000,0.029,196.286,0.0,1000,0.0,200.0,1000,0.0,200.0,298,0.030201342281879196,195.98322147651007,1000,0.0,200.0,1000,0.0,200.0,2240,1086,32558536,249.54396963119507,ab16711
sfl_carry_mem,5,92160,2000,0.767,75.888,0.0,1000,0.0,200.0,1000,0.0,200.0,298,0.6711409395973155,90.48657718120805,1000,0.0,200.0,1000,0.0,200.0,2240,1086,32558536,249.54396963119507,ab16711
sfl_carry_mem,5,122880,2000,0.767,75.888,0.0,1000,0.0,200.0,1000,0.0,200.0,298,0.6711409395973155,90.48657718120805,1000,0.0,200.0,1000,0.0,200.0,2240,1086,32558536,249.54396963119507,ab16711
sfl_carry_mem,5,153600,2000,0.767,75.888,0.0,1000,0.0,200.0,1000,0.0,200.0,298,0.6711409395973155,90.48657718120805,1000,0.0,200.0,1000,0.0,200.0,2240,1086,32558536,249.54396963119507,ab16711
sfl_carry_mem,5,184320,2000,0.767,75.888,0.0,1000,0.0,200.0,1000,0.0,200.0,298,0.6711409395973155,90.48657718120805,1000,0.0,200.0,1000,0.0,200.0,2240,1086,32558536,249.54396963119507,ab16711
sfl_carry_mem,5,215040,2000,0.767,75.888,0.0,1000,0.0,200.0,1000,0.0,200.0,298,0.6711409395973155,90.48657718120805,1000,0.0,200.0,1000,0.0,200.0,2240,1086,32558536,249.54396963119507,ab16711
sfl_carry_mem,5,245760,2000,0.767,75.888,0.0,1000,0.0,200.0,1000,0.0,200.0,298,0.6711409395973155,90.48657718120805,1000,0.0,200.0,1000,0.0,200.0,2240,1086,32558536,249.54396963119507,ab16711
sfl_carry_mem,5,276480,2000,0.767,75.888,0.0,1000,0.0,200.0,1000,0.0,200.0,298,0.6711409395973155,90.48657718120805,1000,0.0,200.0,1000,0.0,200.0,2240,1086,32558536,249.54396963119507,ab16711
sfl_carry_mem,5,307200,2000,0.767,75.888,0.0,1000,0.0,200.0,1000,0.0,200.0,298,0.6711409395973155,90.48657718120805,1000,0.0,200.0,1000,0.0,200.0,2240,1086,32558536,249.54396963119507,ab16711
sfl_carry0,5,0,2000,0.0,200.0,0.0,1000,0.0,200.0,1000,0.0,200.0,298,0.0,200.0,1000,0.0,200.0,1000,0.0,200.0,2341,1199,32302364,249.60196495056152,ab16711
sfl_carry0,5,30720,2000,0.5065,118.1305,0.0,1000,0.0,200.0,1000,0.0,200.0,298,0.4966442953020134,119.13087248322148,1000,0.0,200.0,1000,0.0,200.0,2341,1199,32302364,249.60196495056152,ab16711
sfl_carry0,5,61440,2000,0.548,112.1055,0.0,1000,0.0,200.0,1000,0.0,200.0,298,0.5369127516778524,113.85570469798658,1000,0.0,200.0,1000,0.0,200.0,2341,1199,32302364,249.60196495056152,ab16711
sfl_carry0,5,92160,2000,0.767,75.888,0.0,1000,0.0,200.0,1000,0.0,200.0,298,0.6711409395973155,90.48657718120805,1000,0.0,200.0,1000,0.0,200.0,2341,1199,32302364,249.60196495056152,ab16711
sfl_carry0,5,122880,2000,0.767,75.888,0.0,1000,0.0,200.0,1000,0.0,200.0,298,0.6711409395973155,90.48657718120805,1000,0.0,200.0,1000,0.0,200.0,2341,1199,32302364,249.60196495056152,ab16711
sfl_carry0,5,153600,2000,0.767,75.888,0.0,1000,0.0,200.0,1000,0.0,200.0,298,0.6711409395973155,90.48657718120805,1000,0.0,200.0,1000,0.0,200.0,2341,1199,32302364,249.60196495056152,ab16711
sfl_carry0,5,184320,2000,0.767,75.888,0.0,1000,0.0,200.0,1000,0.0,200.0,298,0.6711409395973155,90.48657718120805,1000,0.0,200.0,1000,0.0,200.0,2341,1199,32302364,249.60196495056152,ab16711
sfl_carry0,5,215040,2000,0.767,75.888,0.0,1000,0.0,200.0,1000,0.0,200.0,298,0.6711409395973155,90.48657718120805,1000,0.0,200.0,1000,0.0,200.0,2341,1199,32302364,249.60196495056152,ab16711
sfl_carry0,5,245760,2000,0.767,75.888,0.0,1000,0.0,200.0,1000,0.0,200.0,298,0.6711409395973155,90.48657718120805,1000,0.0,200.0,1000,0.0,200.0,2341,1199,32302364,249.60196495056152,ab16711
sfl_carry0,5,276480,2000,0.767,75.888,0.0,1000,0.0,200.0,1000,0.0,200.0,298,0.6711409395973155,90.48657718120805,1000,0.0,200.0,1000,0.0,200.0,2341,1199,32302364,249.60196495056152,ab16711
sfl_carry0,5,307200,2000,0.767,75.888,0.0,1000,0.0,200.0,1000,0.0,200.0,298,0.6711409395973155,90.48657718120805,1000,0.0,200.0,1000,0.0,200.0,2341,1199,32302364,249.60196495056152,ab16711
sfl_spread_carry0,5,0,2000,0.0,200.0,0.0,1000,0.0,200.0,1000,0.0,200.0,298,0.0,200.0,1000,0.0,200.0,1000,0.0,200.0,2607,1323,30993954,249.893413066864,ab16711
sfl_spread_carry0,5,30720,2000,0.609,100.4715,0.0,1000,0.0,200.0,1000,0.0,200.0,298,0.5637583892617449,106.49328859060402,1000,0.0,200.0,1000,0.0,200.0,2607,1323,30993954,249.893413066864,ab16711
sfl_spread_carry0,5,61440,2000,0.767,75.888,0.0,1000,0.0,200.0,1000,0.0,200.0,298,0.6711409395973155,90.48657718120805,1000,0.0,200.0,1000,0.0,200.0,2607,1323,30993954,249.893413066864,ab16711
sfl_spread_carry0,5,92160,2000,0.767,75.888,0.0,1000,0.0,200.0,1000,0.0,200.0,298,0.6711409395973155,90.48657718120805,1000,0.0,200.0,1000,0.0,200.0,2607,1323,30993954,249.893413066864,ab16711
sfl_spread_carry0,5,122880,2000,0.767,75.888,0.0,1000,0.0,200.0,1000,0.0,200.0,298,0.6711409395973155,90.48657718120805,1000,0.0,200.0,1000,0.0,200.0,2607,1323,30993954,249.893413066864,ab16711
sfl_spread_carry0,5,153600,2000,0.767,75.888,0.0,1000,0.0,200.0,1000,0.0,200.0,298,0.6711409395973155,90.48657718120805,1000,0.0,200.0,1000,0.0,200.0,2607,1323,30993954,249.893413066864,ab16711
sfl_spread_carry0,5,184320,2000,0.767,75.888,0.0,1000,0.0,200.0,1000,0.0,200.0,298,0.6711409395973155,90.48657718120805,1000,0.0,200.0,1000,0.0,200.0,2607,1323,30993954,249.893413066864,ab16711
sfl_spread_carry0,5,215040,2000,0.767,75.888,0.0,1000,0.0,200.0,1000,0.0,200.0,298,0.6711409395973155,90.48657718120805,1000,0.0,200.0,1000,0.0,200.0,2607,1323,30993954,249.893413066864,ab16711
sfl_spread_carry0,5,245760,2000,0.767,75.888,0.0,1000,0.0,200.0,1000,0.0,200.0,298,0.6711409395973155,90.48657718120805,1000,0.0,200.0,1000,0.0,200.0,2607,1323,30993954,249.893413066864,ab16711
sfl_spread_carry0,5,276480,2000,0.767,75.888,0.0,1000,0.0,200.0,1000,0.0,200.0,298,0.6711409395973155,90.48657718120805,1000,0.0,200.0,1000,0.0,200.0,2607,1323,30993954,249.893413066864,ab16711
sfl_spread_carry0,5,307200,2000,0.767,75.888,0.0,1000,0.0,200.0,1000,0.0,200.0,298,0.6711409395973155,90.48657718120805,1000,0.0,200.0,1000,0.0,200.0,2607,1323,30993954,249.893413066864,ab16711
sfl_carry0,7,0,2000,0.0,200.0,0.0,1000,0.0,200.0,1000,0.0,200.0,298,0.0,200.0,1000,0.0,200.0,1000,0.0,200.0,2195,1074,35527005,249.9905400276184,ab16711
sfl_carry0,7,30720,2000,0.0,200.0,0.0,1000,0.0,200.0,1000,0.0,200.0,298,0.0,200.0,1000,0.0,200.0,1000,0.0,200.0,2195,1074,35527005,249.9905400276184,ab16711
sfl_carry0,7,61440,2000,0.0,200.0,0.0,1000,0.0,200.0,1000,0.0,200.0,298,0.0,200.0,1000,0.0,200.0,1000,0.0,200.0,2195,1074,35527005,249.9905400276184,ab16711
sfl_carry0,7,92160,2000,0.5065,116.466,0.0,1000,0.0,200.0,1000,0.0,200.0,298,0.4899328859060403,118.78859060402685,1000,0.0,200.0,1000,0.0,200.0,2195,1074,35527005,249.9905400276184,ab16711
sfl_carry0,7,122880,2000,0.517,114.9105,0.0,1000,0.0,200.0,1000,0.0,200.0,298,0.5,117.05369127516778,1000,0.0,200.0,1000,0.0,200.0,2195,1074,35527005,249.9905400276184,ab16711
sfl_carry0,7,153600,2000,0.7535,77.9045,0.0,1000,0.0,200.0,1000,0.0,200.0,298,0.6577181208053692,92.35906040268456,1000,0.0,200.0,1000,0.0,200.0,2195,1074,35527005,249.9905400276184,ab16711
sfl_carry0,7,184320,2000,0.767,75.888,0.0,1000,0.0,200.0,1000,0.0,200.0,298,0.6711409395973155,90.48657718120805,1000,0.0,200.0,1000,0.0,200.0,2195,1074,35527005,249.9905400276184,ab16711
sfl_carry0,7,215040,2000,0.767,75.888,0.0,1000,0.0,200.0,1000,0.0,200.0,298,0.6711409395973155,90.48657718120805,1000,0.0,200.0,1000,0.0,200.0,2195,1074,35527005,249.9905400276184,ab16711
sfl_carry0,7,245760,2000,0.767,75.888,0.0,1000,0.0,200.0,1000,0.0,200.0,298,0.6711409395973155,90.48657718120805,1000,0.0,200.0,1000,0.0,200.0,2195,1074,35527005,249.9905400276184,ab16711
sfl_carry0,7,276480,2000,0.767,75.888,0.0,1000,0.0,200.0,1000,0.0,200.0,298,0.6711409395973155,90.48657718120805,1000,0.0,200.0,1000,0.0,200.0,2195,1074,35527005,249.9905400276184,ab16711
sfl_carry0,7,307200,2000,0.767,75.888,0.0,1000,0.0,200.0,1000,0.0,200.0,298,0.6711409395973155,90.48657718120805,1000,0.0,200.0,1000,0.0,200.0,2195,1074,35527005,249.9905400276184,ab16711
sfl_carry0,8,0,2000,0.0,200.0,0.0,1000,0.0,200.0,1000,0.0,200.0,298,0.0,200.0,1000,0.0,200.0,1000,0.0,200.0,2524,1227,30014024,89.97778487205505,ab16711
sfl_carry0,8,30720,2000,0.2925,152.6725,0.0,1000,0.0,200.0,1000,0.0,200.0,298,0.3087248322147651,149.11073825503357,1000,0.0,200.0,1000,0.0,200.0,2524,1227,30014024,89.97778487205505,ab16711
sfl_carry0,8,61440,2000,0.0,200.0,0.0,1000,0.0,200.0,1000,0.0,200.0,298,0.0,200.0,1000,0.0,200.0,1000,0.0,200.0,2524,1227,30014024,89.97778487205505,ab16711
sfl_carry0,8,92160,2000,0.0,200.0,0.0,1000,0.0,200.0,1000,0.0,200.0,298,0.0,200.0,1000,0.0,200.0,1000,0.0,200.0,2524,1227,30014024,89.97778487205505,ab16711
sfl_carry0,8,122880,2000,0.767,75.888,0.0,1000,0.0,200.0,1000,0.0,200.0,298,0.6711409395973155,90.48657718120805,1000,0.0,200.0,1000,0.0,200.0,2524,1227,30014024,89.97778487205505,ab16711
sfl_carry0,8,153600,2000,0.767,75.888,0.0,1000,0.0,200.0,1000,0.0,200.0,298,0.6711409395973155,90.48657718120805,1000,0.0,200.0,1000,0.0,200.0,2524,1227,30014024,89.97778487205505,ab16711
sfl_carry0,8,184320,2000,0.767,75.888,0.0,1000,0.0,200.0,1000,0.0,200.0,298,0.6711409395973155,90.48657718120805,1000,0.0,200.0,1000,0.0,200.0,2524,1227,30014024,89.97778487205505,ab16711
sfl_carry0,8,215040,2000,0.767,75.888,0.0,1000,0.0,200.0,1000,0.0,200.0,298,0.6711409395973155,90.48657718120805,1000,0.0,200.0,1000,0.0,200.0,2524,1227,30014024,89.97778487205505,ab16711
sfl_carry0,8,245760,2000,0.767,75.888,0.0,1000,0.0,200.0,1000,0.0,200.0,298,0.6711409395973155,90.48657718120805,1000,0.0,200.0,1000,0.0,200.0,2524,1227,30014024,89.97778487205505,ab16711
sfl_carry0,8,276480,2000,0.767,75.888,0.0,1000,0.0,200.0,1000,0.0,200.0,298,0.6711409395973155,90.48657718120805,1000,0.0,200.0,1000,0.0,200.0,2524,1227,30014024,89.97778487205505,ab16711
sfl_carry0,8,307200,2000,0.767,75.888,0.0,1000,0.0,200.0,1000,0.0,200.0,298,0.6711409395973155,90.48657718120805,1000,0.0,200.0,1000,0.0,200.0,2524,1227,30014024,89.97778487205505,ab16711
sfl_spread_carry0,8,0,2000,0.0,200.0,0.0,1000,0.0,200.0,1000,0.0,200.0,298,0.0,200.0,1000,0.0,200.0,1000,0.0,200.0,2485,1247,33395915,89.99420619010925,ab16711
sfl_spread_carry0,8,30720,2000,0.361,140.723,0.0,1000,0.0,200.0,1000,0.0,200.0,298,0.3624161073825503,140.15771812080536,1000,0.0,200.0,1000,0.0,200.0,2485,1247,33395915,89.99420619010925,ab16711
sfl_spread_carry0,8,61440,2000,0.6845,87.9325,0.0,1000,0.0,200.0,1000,0.0,200.0,298,0.5973154362416108,100.85906040268456,1000,0.0,200.0,1000,0.0,200.0,2485,1247,33395915,89.99420619010925,ab16711
sfl_spread_carry0,8,92160,2000,0.767,75.888,0.0,1000,0.0,200.0,1000,0.0,200.0,298,0.6711409395973155,90.48657718120805,1000,0.0,200.0,1000,0.0,200.0,2485,1247,33395915,89.99420619010925,ab16711
sfl_spread_carry0,8,122880,2000,0.767,75.888,0.0,1000,0.0,200.0,1000,0.0,200.0,298,0.6711409395973155,90.48657718120805,1000,0.0,200.0,1000,0.0,200.0,2485,1247,33395915,89.99420619010925,ab16711
sfl_spread_carry0,8,153600,2000,0.767,75.888,0.0,1000,0.0,200.0,1000,0.0,200.0,298,0.6711409395973155,90.48657718120805,1000,0.0,200.0,1000,0.0,200.0,2485,1247,33395915,89.99420619010925,ab16711
sfl_spread_carry0,8,184320,2000,0.767,75.888,0.0,1000,0.0,200.0,1000,0.0,200.0,298,0.6711409395973155,90.48657718120805,1000,0.0,200.0,1000,0.0,200.0,2485,1247,33395915,89.99420619010925,ab16711
sfl_spread_carry0,8,215040,2000,0.767,75.888,0.0,1000,0.0,200.0,1000,0.0,200.0,298,0.6711409395973155,90.48657718120805,1000,0.0,200.0,1000,0.0,200.0,2485,1247,33395915,89.99420619010925,ab16711
sfl_spread_carry0,8,245760,2000,0.767,75.888,0.0,1000,0.0,200.0,1000,0.0,200.0,298,0.6711409395973155,90.48657718120805,1000,0.0,200.0,1000,0.0,200.0,2485,1247,33395915,89.99420619010925,ab16711
sfl_spread_carry0,8,276480,2000,0.767,75.888,0.0,1000,0.0,200.0,1000,0.0,200.0,298,0.6711409395973155,90.48657718120805,1000,0.0,200.0,1000,0.0,200.0,2485,1247,33395915,89.99420619010925,ab16711
sfl_spread_carry0,8,307200,2000,0.767,75.888,0.0,1000,0.0,200.0,1000,0.0,200.0,298,0.6711409395973155,90.48657718120805,1000,0.0,200.0,1000,0.0,200.0,2485,1247,33395915,89.99420619010925,ab16711
sfl_spread_carry0,7,0,2000,0.0,200.0,0.0,1000,0.0,200.0,1000,0.0,200.0,298,0.0,200.0,1000,0.0,200.0,1000,0.0,200.0,2564,1281,30881093,93.70056080818176,ab16711
sfl_spread_carry0,7,30720,2000,0.038,194.007,0.0,1000,0.0,200.0,1000,0.0,200.0,298,0.053691275167785234,191.0738255033557,1000,0.0,200.0,1000,0.0,200.0,2564,1281,30881093,93.70056080818176,ab16711
sfl_spread_carry0,7,61440,2000,0.4785,120.3705,0.0,1000,0.0,200.0,1000,0.0,200.0,298,0.46308724832214765,122.28859060402685,1000,0.0,200.0,1000,0.0,200.0,2564,1281,30881093,93.70056080818176,ab16711
sfl_spread_carry0,7,92160,2000,0.767,75.888,0.0,1000,0.0,200.0,1000,0.0,200.0,298,0.6711409395973155,90.48657718120805,1000,0.0,200.0,1000,0.0,200.0,2564,1281,30881093,93.70056080818176,ab16711
sfl_spread_carry0,7,122880,2000,0.767,75.888,0.0,1000,0.0,200.0,1000,0.0,200.0,298,0.6711409395973155,90.48657718120805,1000,0.0,200.0,1000,0.0,200.0,2564,1281,30881093,93.70056080818176,ab16711
sfl_spread_carry0,7,153600,2000,0.767,75.888,0.0,1000,0.0,200.0,1000,0.0,200.0,298,0.6711409395973155,90.48657718120805,1000,0.0,200.0,1000,0.0,200.0,2564,1281,30881093,93.70056080818176,ab16711
sfl_spread_carry0,7,184320,2000,0.767,75.888,0.0,1000,0.0,200.0,1000,0.0,200.0,298,0.6711409395973155,90.48657718120805,1000,0.0,200.0,1000,0.0,200.0,2564,1281,30881093,93.70056080818176,ab16711
sfl_spread_carry0,7,215040,2000,0.767,75.888,0.0,1000,0.0,200.0,1000,0.0,200.0,298,0.6711409395973155,90.48657718120805,1000,0.0,200.0,1000,0.0,200.0,2564,1281,30881093,93.70056080818176,ab16711
sfl_spread_carry0,7,245760,2000,0.767,75.888,0.0,1000,0.0,200.0,1000,0.0,200.0,298,0.6711409395973155,90.48657718120805,1000,0.0,200.0,1000,0.0,200.0,2564,1281,30881093,93.70056080818176,ab16711
sfl_spread_carry0,7,276480,2000,0.767,75.888,0.0,1000,0.0,200.0,1000,0.0,200.0,298,0.6711409395973155,90.48657718120805,1000,0.0,200.0,1000,0.0,200.0,2564,1281,30881093,93.70056080818176,ab16711
sfl_spread_carry0,7,307200,2000,0.767,75.888,0.0,1000,0.0,200.0,1000,0.0,200.0,298,0.6711409395973155,90.48657718120805,1000,0.0,200.0,1000,0.0,200.0,2564,1281,30881093,93.70056080818176,ab16711
sfl_carry_mem,8,0,2000,0.8505,94.0485,0.095,1000,0.11,190.986,1000,0.128,189.32,298,0.7416107382550335,103.37248322147651,1000,0.084,192.648,1000,0.088,192.725,2171,1094,32946531,90.00200200080872,ab16711
sfl_carry_mem,8,30720,2000,0.489,118.483,0.0,1000,0.0,200.0,1000,0.0,200.0,298,0.47651006711409394,120.00335570469798,1000,0.0,200.0,1000,0.0,200.0,2171,1094,32946531,90.00200200080872,ab16711
sfl_carry_mem,8,61440,2000,0.767,75.888,0.0,1000,0.0,200.0,1000,0.0,200.0,298,0.6711409395973155,90.48657718120805,1000,0.0,200.0,1000,0.0,200.0,2171,1094,32946531,90.00200200080872,ab16711
sfl_carry_mem,8,92160,2000,0.767,75.888,0.0,1000,0.0,200.0,1000,0.0,200.0,298,0.6711409395973155,90.48657718120805,1000,0.0,200.0,1000,0.0,200.0,2171,1094,32946531,90.00200200080872,ab16711
sfl_carry_mem,8,122880,2000,0.767,75.888,0.0,1000,0.0,200.0,1000,0.0,200.0,298,0.6711409395973155,90.48657718120805,1000,0.0,200.0,1000,0.0,200.0,2171,1094,32946531,90.00200200080872,ab16711
sfl_carry_mem,8,153600,2000,0.767,75.888,0.0,1000,0.0,200.0,1000,0.0,200.0,298,0.6711409395973155,90.48657718120805,1000,0.0,200.0,1000,0.0,200.0,2171,1094,32946531,90.00200200080872,ab16711
sfl_carry_mem,8,184320,2000,0.767,75.888,0.0,1000,0.0,200.0,1000,0.0,200.0,298,0.6711409395973155,90.48657718120805,1000,0.0,200.0,1000,0.0,200.0,2171,1094,32946531,90.00200200080872,ab16711
sfl_carry_mem,8,215040,2000,0.767,75.888,0.0,1000,0.0,200.0,1000,0.0,200.0,298,0.6711409395973155,90.48657718120805,1000,0.0,200.0,1000,0.0,200.0,2171,1094,32946531,90.00200200080872,ab16711
sfl_carry_mem,8,245760,2000,0.767,75.888,0.0,1000,0.0,200.0,1000,0.0,200.0,298,0.6711409395973155,90.48657718120805,1000,0.0,200.0,1000,0.0,200.0,2171,1094,32946531,90.00200200080872,ab16711
sfl_carry_mem,8,276480,2000,0.767,75.888,0.0,1000,0.0,200.0,1000,0.0,200.0,298,0.6711409395973155,90.48657718120805,1000,0.0,200.0,1000,0.0,200.0,2171,1094,32946531,90.00200200080872,ab16711
sfl_carry_mem,8,307200,2000,0.767,75.888,0.0,1000,0.0,200.0,1000,0.0,200.0,298,0.6711409395973155,90.48657718120805,1000,0.0,200.0,1000,0.0,200.0,2171,1094,32946531,90.00200200080872,ab16711
