arm,seed,final_random,auc_random,final_steps_random,auc_steps_random,final_verifai,auc_verifai,final_steps_verifai,auc_steps_verifai
A,1,0.6711409395973155,0.6390753169276661,90.48657718120803,95.89802386278893,0.0,0.0,200.0,200.0
A,2,0.6711409395973155,0.6446681580909769,90.48657718120803,94.7619313944817,0.0,0.0,200.0,200.0
A,3,0.6711409395973155,0.6571588366890381,90.48657718120803,92.74888143176732,0.0,0.0,200.0,200.0
A,4,0.6711409395973155,0.5436241610738255,90.48657718120803,113.17468307233406,0.0,0.0,200.0,200.0
A,5,0.6711409395973155,0.42953020134228187,90.48657718120803,130.55201342281876,0.0,0.0,200.0,200.0
A,6,0.6711409395973155,0.6066368381804624,90.48657718120803,101.04679343773302,0.0,0.0,200.0,200.0
A,7,0.6711409395973155,0.587061894108874,90.48657718120803,104.13236390753167,0.0,0.0,200.0,200.0
A,8,0.6711409395973155,0.6444817300521999,90.48657718120803,94.72334079045486,0.0,0.0,200.0,200.0
A,9,0.6711409395973155,0.5596569724086503,90.48657718120803,108.68139448173002,0.0,0.0,200.0,200.0
A,10,0.6711409395973155,0.6500745712155109,90.48657718120803,93.76957494407156,0.0,0.0,200.0,200.0
A,11,0.6711409395973155,0.5673005219985086,90.48657718120803,107.44854586129752,0.0,0.0,200.0,200.0
A,12,0.6711409395973155,0.3087248322147651,90.48657718120803,150.79064131245337,0.0,0.0,200.0,200.0
A,13,0.02796420581655477,0.005592841163310944,195.7774049217002,199.14485458612975,0.0,0.0,200.0,200.0
A,14,0.6711409395973155,0.6646159582401194,90.48657718120803,91.52460850111854,0.0,0.0,200.0,200.0
A,15,0.6711409395973155,0.5622669649515287,90.48657718120803,108.10607755406411,0.0,0.0,200.0,200.0
A,16,0.6711409395973155,0.3557046979865771,90.48657718120803,142.0868754660701,0.0,0.0,200.0,200.0
A,17,0.6711409395973155,0.4504101416853095,90.48657718120803,126.84246830723339,0.0,0.0,200.0,200.0
A,18,0.6711409395973155,0.6644295302013423,90.48657718120803,91.41909023117076,0.0,0.0,200.0,200.0
A,19,0.6711409395973155,0.6506338553318419,90.48657718120803,93.96215510812823,0.0,0.0,200.0,200.0
A,20,0.6711409395973155,0.5137956748695004,90.48657718120803,116.26081282624905,0.0,0.0,200.0,200.0
A,21,0.6711409395973155,0.6644295302013423,90.48657718120803,91.56730052199848,0.0,0.0,200.0,200.0
A,22,0.6711409395973155,0.6083146905294556,90.48657718120803,101.33612975391497,0.0,0.0,200.0,200.0
A,23,0.6711409395973155,0.5749440715883669,90.48657718120803,105.88907531692765,0.0,0.0,200.0,200.0
A,24,0.6711409395973155,0.6556674123788218,90.48657718120803,92.82587621178223,0.0,0.0,200.0,200.0
A,25,0.0,0.1465324384787472,200.0,176.14578672632365,0.0,0.0,200.0,200.0
A,26,0.6711409395973155,0.6226696495152871,90.48657718120803,98.49422073079788,0.0,0.0,200.0,200.0
A,27,0.6711409395973155,0.5305741983594333,90.48657718120803,113.54567486950035,0.0,0.0,200.0,200.0
A,28,0.6711409395973155,0.6271439224459359,90.48657718120803,97.5370991797166,0.0,0.0,200.0,200.0
A,29,0.6711409395973155,0.6019761372110365,90.48657718120803,101.8008948545861,0.0,0.0,200.0,200.0
A,30,0.6711409395973155,0.6366517524235645,90.48657718120803,95.83929903057418,0.0,0.0,200.0,200.0
A,31,0.6711409395973155,0.5782997762863534,90.48657718120803,106.68325876211782,0.0,0.0,200.0,200.0
A,32,0.6711409395973155,0.42841163310961966,90.48657718120803,131.6045861297539,0.0,0.0,200.0,200.0
A,33,0.6711409395973155,0.47483221476510074,90.48657718120803,123.22706935123041,0.0,0.0,200.0,200.0
A,34,0.6711409395973155,0.29306487695749445,90.48657718120803,152.58277404921702,0.0,0.0,200.0,200.0
A,35,0.6711409395973155,0.5309470544369874,90.48657718120803,114.25913497390007,0.0,0.0,200.0,200.0
A,36,0.447427293064877,0.22781506338553317,126.99105145413868,163.14448173005218,0.0,0.0,200.0,200.0
A,37,0.6711409395973155,0.6524981357196122,90.48657718120803,93.80797912005964,0.0,0.0,200.0,200.0
A,38,0.6711409395973155,0.33557046979865773,90.48657718120803,145.24328859060404,0.0,0.0,200.0,200.0
A,39,0.6711409395973155,0.41014168530947054,90.48657718120803,133.07513049962716,0.0,0.0,200.0,200.0
A,40,0.6711409395973155,0.6372110365398957,90.48657718120803,95.95563012677106,0.0,0.0,200.0,200.0
A,41,0.6711409395973155,0.4817300521998509,90.48657718120803,122.38534675615212,0.0,0.0,200.0,200.0
A,42,0.6711409395973155,0.2723713646532438,90.48657718120803,155.90883668903803,0.0,0.0,200.0,200.0
A,43,0.6711409395973155,0.4077181208053691,90.48657718120803,133.59470544369873,0.0,0.0,200.0,200.0
A,44,0.0022371364653243665,0.018829231916480227,199.63199105145415,197.13571961222968,0.0,0.0,200.0,200.0
A,45,0.6711409395973155,0.6120432513049964,90.48657718120803,100.13497390007456,0.0,0.0,200.0,200.0
A,46,0.6711409395973155,0.4267337807606264,90.48657718120803,130.69724086502612,0.0,0.0,200.0,200.0
A,47,0.6711409395973155,0.6428038777032066,90.48657718120803,94.93586875466067,0.0,0.0,200.0,200.0
A,48,0.6711409395973155,0.6236017897091722,90.48657718120803,98.31357196122295,0.0,0.0,200.0,200.0
A,49,0.6711409395973155,0.6258389261744967,90.48657718120803,97.55965697240863,0.0,0.0,200.0,200.0
A,50,0.6711409395973155,0.6655480984340045,90.48657718120803,91.38087248322145,0.0,0.0,200.0,200.0
A,51,0.6711409395973155,0.5428784489187174,90.48657718120803,111.49198359433257,0.0,0.0,200.0,200.0
A,52,0.6711409395973155,0.6515659955257271,90.48657718120803,93.72930648769572,0.0,0.0,200.0,200.0
A,53,0.6711409395973155,0.5995525727069352,90.48657718120803,102.78206562266963,0.0,0.0,200.0,200.0
A,54,0.6711409395973155,0.6569724086502611,90.48657718120803,92.65287099179714,0.0,0.0,200.0,200.0
A,55,0.6711409395973155,0.5354213273676361,90.48657718120803,112.7749813571961,0.0,0.0,200.0,200.0
A,56,0.6711409395973155,0.6530574198359433,90.48657718120803,93.09787472035792,0.0,0.0,200.0,200.0
A,57,0.6711409395973155,0.5007457121551081,90.48657718120803,118.86036539895598,0.0,0.0,200.0,200.0
A,58,0.6711409395973155,0.604026845637584,90.48657718120803,104.24888143176732,0.0,0.0,200.0,200.0
A,59,0.6711409395973155,0.5975018642803879,90.48657718120803,102.45581655480981,0.0,0.0,200.0,200.0
A,60,0.0,0.0,200.0,200.0,0.0,0.0,200.0,200.0
A,61,0.6711409395973155,0.6304996271439224,90.48657718120803,97.17841163310959,0.0,0.0,200.0,200.0
A,62,0.6711409395973155,0.6321774794929158,90.48657718120803,97.40044742729305,0.0,0.0,200.0,200.0
A,63,0.6711409395973155,0.6068232662192394,90.48657718120803,101.02255779269201,0.0,0.0,200.0,200.0
A,64,0.6711409395973155,0.6377703206562267,90.48657718120803,96.10868754660699,0.0,0.0,200.0,200.0
A,65,0.6711409395973155,0.6636838180462342,90.48657718120803,91.7335943325876,0.0,0.0,200.0,200.0
A,66,0.6711409395973155,0.5760626398210291,90.48657718120803,106.80536912751676,0.0,0.0,200.0,200.0
A,67,0.6711409395973155,0.586875466070097,90.48657718120803,104.99869500372854,0.0,0.0,200.0,200.0
A,68,0.6711409395973155,0.28094705443698736,90.48657718120803,154.14578672632365,0.0,0.0,200.0,200.0
A,69,0.6711409395973155,0.4002609992542878,90.48657718120803,136.22949291573454,0.0,0.0,200.0,200.0
A,70,0.6711409395973155,0.6565995525727071,90.48657718120803,92.69835943325873,0.0,0.0,200.0,200.0
A,71,0.6711409395973155,0.5443698732289337,90.48657718120803,111.28262490678597,0.0,0.0,200.0,200.0
A,72,0.6711409395973155,0.41014168530947054,90.48657718120803,133.07513049962716,0.0,0.0,200.0,200.0
A,73,0.6711409395973155,0.6269574944071589,90.48657718120803,98.20115585384039,0.0,0.0,200.0,200.0
A,74,0.6711409395973155,0.65137956748695,90.48657718120803,94.0883668903803,0.0,0.0,200.0,200.0
A,75,0.6711409395973155,0.41014168530947054,90.48657718120803,133.07513049962716,0.0,0.0,200.0,200.0
A,76,0.6711409395973155,0.6193139448173005,90.48657718120803,100.44780014914241,0.0,0.0,200.0,200.0
A,77,0.6711409395973155,0.6209917971662938,90.48657718120803,99.07009694258015,0.0,0.0,200.0,200.0
A,78,0.6711409395973155,0.27293064876957496,90.48657718120803,155.9237509321402,0.0,0.0,200.0,200.0
A,79,0.6711409395973155,0.4727815063385533,90.48657718120803,122.69966442953017,0.0,0.0,200.0,200.0
A,80,0.6711409395973155,0.6306860551826996,90.48657718120803,97.00577926920207,0.0,0.0,200.0,200.0
A,81,0.6711409395973155,0.609992542878449,90.48657718120803,100.46271439224456,0.0,0.0,200.0,200.0
A,82,0.6711409395973155,0.5331841909023117,90.48657718120803,112.64299030574198,0.0,0.0,200.0,200.0
A,83,0.6711409395973155,0.5699105145413871,90.48657718120803,108.14951528709918,0.0,0.0,200.0,200.0
A,84,0.6711409395973155,0.5779269202087994,90.48657718120803,105.8967188665175,0.0,0.0,200.0,200.0
A,85,0.6711409395973155,0.5544369873228934,90.48657718120803,109.3804996271439,0.0,0.0,200.0,200.0
A,86,0.6711409395973155,0.4791200596569724,90.48657718120803,121.68325876211783,0.0,0.0,200.0,200.0
A,87,0.6711409395973155,0.5859433258762119,90.48657718120803,104.54082774049216,0.0,0.0,200.0,200.0
A,88,0.6711409395973155,0.3637211036539896,90.48657718120803,140.81226696495153,0.0,0.0,200.0,200.0
A,89,0.6711409395973155,0.6584638329604774,90.48657718120803,93.12751677852347,0.0,0.0,200.0,200.0
A,90,0.6711409395973155,0.5659955257270693,90.48657718120803,107.7716256524981,0.0,0.0,200.0,200.0
A,91,0.6711409395973155,0.6616331096196868,90.48657718120803,91.9632736763609,0.0,0.0,200.0,200.0
A,92,0.6711409395973155,0.6487695749440716,90.48657718120803,94.09377330350483,0.0,0.0,200.0,200.0
A,93,0.6711409395973155,0.470917225950783,90.48657718120803,122.95395227442206,0.0,0.0,200.0,200.0
A,94,0.6711409395973155,0.4666293810589113,90.48657718120803,124.01286353467562,0.0,0.0,200.0,200.0
A,95,0.6711409395973155,0.645227442207308,90.48657718120803,94.36950037285605,0.0,0.0,200.0,200.0
A,96,0.45302013422818793,0.2960477255779269,126.10961968680088,151.68307233407904,0.0,0.0,200.0,200.0
A,97,0.6711409395973155,0.5988068605518271,90.48657718120803,104.72017151379565,0.0,0.0,200.0,200.0
A,98,0.6711409395973155,0.6012304250559284,90.48657718120803,102.4015659955257,0.0,0.0,200.0,200.0
A,99,0.6711409395973155,0.6338553318419091,90.48657718120803,96.57065622669647,0.0,0.0,200.0,200.0
A,100,0.6711409395973155,0.48732289336316187,90.48657718120803,121.09153616703951,0.0,0.0,200.0,200.0
B_ce,1,0.6711409395973155,0.4953392990305743,90.48657718120803,119.89112602535418,0.0,0.0,200.0,200.0
B_ce,2,0.6711409395973155,0.6556674123788218,90.48657718120803,93.54064131245337,0.0,0.0,200.0,200.0
B_ce,3,0.6711409395973155,0.651193139448173,90.48657718120803,93.91759880686052,0.0,0.0,200.0,200.0
B_ce,4,0.6711409395973155,0.6353467561521253,90.48657718120803,96.2628635346756,0.0,0.0,200.0,200.0
B_ce,5,0.6711409395973155,0.6653616703952275,90.48657718120803,91.38273676360922,0.0,0.0,200.0,200.0
B_ce,6,0.6711409395973155,0.4302759134973901,90.48657718120803,130.08296047725577,0.0,0.0,200.0,200.0
B_ce,7,0.6711409395973155,0.6470917225950784,90.48657718120803,94.39373601789707,0.0,0.0,200.0,200.0
B_ce,8,0.6711409395973155,0.6290082028337062,90.48657718120803,97.55201342281877,0.0,0.0,200.0,200.0
B_ce,9,0.6711409395973155,0.6666666666666666,90.48657718120803,91.18847874720356,0.0,0.0,200.0,200.0
B_ce,10,0.6711409395973155,0.5447427293064877,90.48657718120803,111.92561521252794,0.0,0.0,200.0,200.0
B_ce,11,0.6711409395973155,0.546607009694258,90.48657718120803,110.56953765846382,0.0,0.0,200.0,200.0
B_ce,12,0.6711409395973155,0.42505592841163314,90.48657718120803,130.8836689038031,0.0,0.0,200.0,200.0
B_ce,13,0.6711409395973155,0.6228560775540641,90.48657718120803,99.0257270693512,0.0,0.0,200.0,200.0
B_ce,14,0.6711409395973155,0.639634601043997,90.48657718120803,95.8212155108128,0.0,0.0,200.0,200.0
B_ce,15,0.6711409395973155,0.5682326621923938,90.48657718120803,107.56058911260251,0.0,0.0,200.0,200.0
B_ce,16,0.6711409395973155,0.6571588366890381,90.48657718120803,92.51118568232661,0.0,0.0,200.0,200.0
B_ce,17,0.6711409395973155,0.6172632363907532,90.48657718120803,99.72110365398954,0.0,0.0,200.0,200.0
B_ce,18,0.6711409395973155,0.6295674869500374,90.48657718120803,97.24645786726322,0.0,0.0,200.0,200.0
B_ce,19,0.6711409395973155,0.6101789709172261,90.48657718120803,101.22912005965696,0.0,0.0,200.0,200.0
B_ce,20,0.6711409395973155,0.6452274422073081,90.48657718120803,95.02032065622667,0.0,0.0,200.0,200.0
B_ce,21,0.6711409395973155,0.6342281879194631,90.48657718120803,96.80965697240863,0.0,0.0,200.0,200.0
B_ce,22,0.6711409395973155,0.5704697986577182,90.48657718120803,107.00205070842652,0.0,0.0,200.0,200.0
B_ce,23,0.6711409395973155,0.6312453392990306,90.48657718120803,97.62994034302757,0.0,0.0,200.0,200.0
B_ce,24,0.6711409395973155,0.3497390007457122,90.48657718120803,143.29008202833705,0.0,0.0,200.0,200.0
B_ce,25,0.6711409395973155,0.5592841163310963,90.48657718120803,108.74217002237135,0.0,0.0,200.0,200.0
B_ce,26,0.6711409395973155,0.5255406413124534,90.48657718120803,115.02647278150633,0.0,0.0,200.0,200.0
B_ce,27,0.6711409395973155,0.6614466815809098,90.48657718120803,92.0233035048471,0.0,0.0,200.0,200.0
B_ce,28,0.6711409395973155,0.551826994780015,90.48657718120803,109.84992542878446,0.0,0.0,200.0,200.0
B_ce,29,0.22595078299776286,0.03803131991051454,163.17225950782998,193.80816554809843,0.0,0.0,200.0,200.0
B_ce,30,0.6711409395973155,0.6414988814317673,90.48657718120803,95.58594332587619,0.0,0.0,200.0,200.0
B_ce,31,0.6711409395973155,0.6685309470544369,90.48657718120803,90.88124533929901,0.0,0.0,200.0,200.0
B_ce,32,0.6711409395973155,0.41014168530947054,90.48657718120803,133.07513049962716,0.0,0.0,200.0,200.0
B_ce,33,0.6711409395973155,0.6441088739746458,90.48657718120803,95.22632363907529,0.0,0.0,200.0,200.0
B_ce,34,0.6711409395973155,0.6638702460850113,90.48657718120803,91.64187173750929,0.0,0.0,200.0,200.0
B_ce,35,0.6711409395973155,0.6446681580909769,90.48657718120803,94.77199850857568,0.0,0.0,200.0,200.0
B_ce,36,0.6711409395973155,0.6338553318419091,90.48657718120803,96.57065622669647,0.0,0.0,200.0,200.0
B_ce,37,0.6711409395973155,0.6554809843400449,90.48657718120803,93.08650260999252,0.0,0.0,200.0,200.0
B_ce,38,0.6711409395973155,0.6209917971662938,90.48657718120803,99.16368381804621,0.0,0.0,200.0,200.0
B_ce,39,0.6711409395973155,0.4957121551081283,90.48657718120803,119.21029082774047,0.0,0.0,200.0,200.0
B_ce,40,0.6711409395973155,0.5104399701715139,90.48657718120803,116.69127516778522,0.0,0.0,200.0,200.0
B_ce,41,0.6711409395973155,0.41014168530947054,90.48657718120803,133.07513049962716,0.0,0.0,200.0,200.0
B_ce,42,0.6711409395973155,0.5083892617449665,90.48657718120803,117.09172259507828,0.0,0.0,200.0,200.0
B_ce,43,0.6711409395973155,0.5369127516778525,90.48657718120803,112.71439224459355,0.0,0.0,200.0,200.0
B_ce,44,0.6711409395973155,0.6170768083519761,90.48657718120803,99.35924683072332,0.0,0.0,200.0,200.0
B_ce,45,0.6711409395973155,0.6448545861297541,90.48657718120803,94.72912005965696,0.0,0.0,200.0,200.0
B_ce,46,0.6711409395973155,0.6364653243847875,90.48657718120803,96.29623415361668,0.0,0.0,200.0,200.0
B_ce,47,0.6711409395973155,0.5369127516778524,90.48657718120803,112.63721103653987,0.0,0.0,200.0,200.0
B_ce,48,0.6711409395973155,0.6249067859806116,90.48657718120803,97.84843400447424,0.0,0.0,200.0,200.0
B_ce,49,0.6711409395973155,0.6457867263236391,90.48657718120803,94.74142431021623,0.0,0.0,200.0,200.0
B_ce,50,0.6711409395973155,0.6469052945563013,90.48657718120803,94.45786726323637,0.0,0.0,200.0,200.0
B_ce,51,0.6711409395973155,0.6416853094705445,90.48657718120803,95.42020879940343,0.0,0.0,200.0,200.0
B_ce,52,0.6711409395973155,0.41797166293810595,90.48657718120803,131.88012677106636,0.0,0.0,200.0,200.0
B_ce,53,0.6711409395973155,0.6260253542132738,90.48657718120803,97.90827740492168,0.0,0.0,200.0,200.0
B_ce,54,0.6711409395973155,0.482662192393736,90.48657718120803,121.35178970917224,0.0,0.0,200.0,200.0
B_ce,55,0.6711409395973155,0.4955257270693513,90.48657718120803,119.28020134228186,0.0,0.0,200.0,200.0
B_ce,56,0.6711409395973155,0.4161073825503356,90.48657718120803,132.20302013422818,0.0,0.0,200.0,200.0
B_ce,57,0.6711409395973155,0.6472781506338553,90.48657718120803,94.98825503355702,0.0,0.0,200.0,200.0
B_ce,58,0.6711409395973155,0.5741983594332588,90.48657718120803,106.5136092468307,0.0,0.0,200.0,200.0
B_ce,59,0.6711409395973155,0.5920954511558538,90.48657718120803,103.37509321401936,0.0,0.0,200.0,200.0
B_ce,60,0.6711409395973155,0.6379567486950039,90.48657718120803,95.9998135719612,0.0,0.0,200.0,200.0
B_ce,61,0.6711409395973155,0.6191275167785235,90.48657718120803,99.67654735272183,0.0,0.0,200.0,200.0
B_ce,62,0.6711409395973155,0.6588366890380314,90.48657718120803,92.43083519761369,0.0,0.0,200.0,200.0
B_ce,63,0.6711409395973155,0.6575316927665921,90.48657718120803,92.72017151379565,0.0,0.0,200.0,200.0
B_ce,64,0.6711409395973155,0.6140939597315436,90.48657718120803,99.95507084265472,0.0,0.0,200.0,200.0
B_ce,65,0.6711409395973155,0.6213646532438478,90.48657718120803,98.47781506338552,0.0,0.0,200.0,200.0
B_ce,66,0.6711409395973155,0.6284489187173751,90.48657718120803,97.53747203579417,0.0,0.0,200.0,200.0
B_ce,67,0.6711409395973155,0.6502609992542878,90.48657718120803,93.78486204325128,0.0,0.0,200.0,200.0
B_ce,68,0.6711409395973155,0.6088739746457867,90.48657718120803,101.36241610738253,0.0,0.0,200.0,200.0
B_ce,69,0.6711409395973155,0.5894854586129754,90.48657718120803,104.71346010439969,0.0,0.0,200.0,200.0
B_ce,70,0.6711409395973155,0.662378821774795,90.48657718120803,91.85253542132735,0.0,0.0,200.0,200.0
B_ce,71,0.6711409395973155,0.5825876211782253,90.48657718120803,105.46886651752422,0.0,0.0,200.0,200.0
B_ce,72,0.6711409395973155,0.5540641312453393,90.48657718120803,109.50428784489186,0.0,0.0,200.0,200.0
B_ce,73,0.6711409395973155,0.6536167039522744,90.48657718120803,93.71103653989557,0.0,0.0,200.0,200.0
B_ce,74,0.6711409395973155,0.5876211782252051,90.48657718120803,105.20152870991795,0.0,0.0,200.0,200.0
B_ce,75,0.6711409395973155,0.598434004474273,90.48657718120803,102.4625279642058,0.0,0.0,200.0,200.0
B_ce,76,0.6711409395973155,0.6616331096196868,90.48657718120803,91.97539149888141,0.0,0.0,200.0,200.0
B_ce,77,0.6711409395973155,0.5956375838926176,90.48657718120803,103.36390753169275,0.0,0.0,200.0,200.0
B_ce,78,0.6711409395973155,0.651193139448173,90.48657718120803,94.37024608501116,0.0,0.0,200.0,200.0
B_ce,79,0.6711409395973155,0.5253542132736764,90.48657718120803,115.08407904548842,0.0,0.0,200.0,200.0
B_ce,80,0.6711409395973155,0.6646159582401194,90.48657718120803,91.6353467561521,0.0,0.0,200.0,200.0
B_ce,81,0.6711409395973155,0.633296047725578,90.48657718120803,96.51099925428782,0.0,0.0,200.0,200.0
B_ce,82,0.6711409395973155,0.5760626398210291,90.48657718120803,106.62304250559282,0.0,0.0,200.0,200.0
B_ce,83,0.6711409395973155,0.5462341536167039,90.48657718120803,112.58202833706189,0.0,0.0,200.0,200.0
B_ce,84,0.6711409395973155,0.6485831469052946,90.48657718120803,93.99813571961221,0.0,0.0,200.0,200.0
B_ce,85,0.6711409395973155,0.6014168530947055,90.48657718120803,101.95991797166292,0.0,0.0,200.0,200.0
B_ce,86,0.6711409395973155,0.6666666666666666,90.48657718120803,91.18176733780757,0.0,0.0,200.0,200.0
B_ce,87,0.6711409395973155,0.5274049217002237,90.48657718120803,114.28784489187173,0.0,0.0,200.0,200.0
B_ce,88,0.6711409395973155,0.569351230425056,90.48657718120803,107.71215510812824,0.0,0.0,200.0,200.0
B_ce,89,0.6711409395973155,0.6153989560029829,90.48657718120803,99.70879940343025,0.0,0.0,200.0,200.0
B_ce,90,0.6711409395973155,0.6577181208053692,90.48657718120803,92.8901938851603,0.0,0.0,200.0,200.0
B_ce,91,0.6711409395973155,0.4871364653243848,90.48657718120803,120.49552572706934,0.0,0.0,200.0,200.0
B_ce,92,0.5123042505592842,0.15380313199105144,116.64093959731544,174.9822893363162,0.0,0.0,200.0,200.0
B_ce,93,0.6711409395973155,0.5620805369127517,90.48657718120803,108.36875466070094,0.0,0.0,200.0,200.0
B_ce,94,0.6711409395973155,0.5749440715883669,90.48657718120803,106.57979120059656,0.0,0.0,200.0,200.0
B_ce,95,0.6711409395973155,0.5357941834451901,90.48657718120803,112.5997390007457,0.0,0.0,200.0,200.0
B_ce,96,0.6711409395973155,0.5592841163310963,90.48657718120803,108.73881431767336,0.0,0.0,200.0,200.0
B_ce,97,0.6711409395973155,0.6325503355704699,90.48657718120803,96.79026845637583,0.0,0.0,200.0,200.0
B_ce,98,0.6711409395973155,0.6170768083519762,90.48657718120803,99.49123788217746,0.0,0.0,200.0,200.0
B_ce,99,0.6711409395973155,0.5592841163310963,90.48657718120803,108.73881431767336,0.0,0.0,200.0,200.0
B_ce,100,0.6711409395973155,0.6620059656972409,90.48657718120803,92.33351976137209,0.0,0.0,200.0,200.0
B_mab,1,0.6711409395973155,0.6262117822520508,90.48657718120803,97.9560029828486,0.0,0.0,200.0,200.0
B_mab,2,0.6711409395973155,0.6528709917971663,90.48657718120803,93.57513049962712,0.0,0.0,200.0,200.0
B_mab,3,0.6711409395973155,0.6560402684563759,90.48657718120803,92.92617449664426,0.0,0.0,200.0,200.0
B_mab,4,0.6711409395973155,0.5430648769574944,90.48657718120803,111.74422073079789,0.0,0.0,200.0,200.0
B_mab,5,0.6711409395973155,0.261185682326622,90.48657718120803,157.38683818046232,0.0,0.0,200.0,200.0
B_mab,6,0.6711409395973155,0.5272184936614467,90.48657718120803,115.91722595078298,0.0,0.0,200.0,200.0
B_mab,7,0.6711409395973155,0.1890380313199105,90.48657718120803,169.16293810589113,0.0,0.0,200.0,200.0
B_mab,8,0.6711409395973155,0.6208053691275168,90.48657718120803,98.74478001491423,0.0,0.0,200.0,200.0
B_mab,9,0.6711409395973155,0.6271439224459359,90.48657718120803,97.75410141685308,0.0,0.0,200.0,200.0
B_mab,10,0.6711409395973155,0.6366517524235645,90.48657718120803,96.06599552572706,0.0,0.0,200.0,200.0
B_mab,11,0.6711409395973155,0.6482102908277406,90.48657718120803,94.47371364653242,0.0,0.0,200.0,200.0
B_mab,12,0.6711409395973155,0.6519388516032812,90.48657718120803,93.63963460104398,0.0,0.0,200.0,200.0
B_mab,13,0.6711409395973155,0.6707680835197615,90.48657718120803,90.55108128262489,0.0,0.0,200.0,200.0
B_mab,14,0.6711409395973155,0.5600298284862044,90.48657718120803,108.62416107382549,0.0,0.0,200.0,200.0
B_mab,15,0.6711409395973155,0.5745712155108128,90.48657718120803,106.30667412378818,0.0,0.0,200.0,200.0
B_mab,16,0.6711409395973155,0.6252796420581656,90.48657718120803,97.74403430275912,0.0,0.0,200.0,200.0
B_mab,17,0.6711409395973155,0.6090604026845637,90.48657718120803,100.81674123788216,0.0,0.0,200.0,200.0
B_mab,18,0.6711409395973155,0.6491424310216256,90.48657718120803,93.91405667412377,0.0,0.0,200.0,200.0
B_mab,19,0.6711409395973155,0.45525727069351235,90.48657718120803,126.3204697986577,0.0,0.0,200.0,200.0
B_mab,20,0.6711409395973155,0.5436241610738255,90.48657718120803,111.28747203579417,0.0,0.0,200.0,200.0
B_mab,21,0.6711409395973155,0.6323639075316927,90.48657718120803,97.16424310216254,0.0,0.0,200.0,200.0
B_mab,22,0.6711409395973155,0.552013422818792,90.48657718120803,111.09265473527216,0.0,0.0,200.0,200.0
B_mab,23,0.6711409395973155,0.5732662192393736,90.48657718120803,106.51398210290827,0.0,0.0,200.0,200.0
B_mab,24,0.6711409395973155,0.6042132736763609,90.48657718120803,102.04287844891869,0.0,0.0,200.0,200.0
B_mab,25,0.6711409395973155,0.5887397464578673,90.48657718120803,105.6012304250559,0.0,0.0,200.0,200.0
B_mab,26,0.6711409395973155,0.5706562266964952,90.48657718120803,107.12714392244592,0.0,0.0,200.0,200.0
B_mab,27,0.6711409395973155,0.6483967188665175,90.48657718120803,94.38236390753167,0.0,0.0,200.0,200.0
B_mab,28,0.6711409395973155,0.6601416853094705,90.48657718120803,92.09507829977628,0.0,0.0,200.0,200.0
B_mab,29,0.6711409395973155,0.6526845637583893,90.48657718120803,93.62024608501116,0.0,0.0,200.0,200.0
B_mab,30,0.6711409395973155,0.6446681580909769,90.48657718120803,94.9697986577181,0.0,0.0,200.0,200.0
B_mab,31,0.6711409395973155,0.6265846383296048,90.48657718120803,97.92859806114838,0.0,0.0,200.0,200.0
B_mab,32,0.6711409395973155,0.5592841163310963,90.48657718120803,108.73881431767336,0.0,0.0,200.0,200.0
B_mab,33,0.6711409395973155,0.6398210290827742,90.48657718120803,95.53038777032064,0.0,0.0,200.0,200.0
B_mab,34,0.6711409395973155,0.6646159582401194,90.48657718120803,91.5257270693512,0.0,0.0,200.0,200.0
B_mab,35,0.6711409395973155,0.3396718866517524,90.48657718120803,144.5885533184191,0.0,0.0,200.0,200.0
B_mab,36,0.6711409395973155,0.6648023862788963,90.48657718120803,91.4325130499627,0.0,0.0,200.0,200.0
B_mab,37,0.6711409395973155,0.6267710663683819,90.48657718120803,97.67095451155852,0.0,0.0,200.0,200.0
B_mab,38,0.6711409395973155,0.5592841163310963,90.48657718120803,108.73881431767336,0.0,0.0,200.0,200.0
B_mab,39,0.6711409395973155,0.6355331841909023,90.48657718120803,95.98695003728558,0.0,0.0,200.0,200.0
B_mab,40,0.6711409395973155,0.49962714392244595,90.48657718120803,118.55835197613719,0.0,0.0,200.0,200.0
B_mab,41,0.6711409395973155,0.6593959731543624,90.48657718120803,92.2636092468307,0.0,0.0,200.0,200.0
B_mab,42,0.6711409395973155,0.33557046979865773,90.48657718120803,145.24328859060404,0.0,0.0,200.0,200.0
B_mab,43,0.6711409395973155,0.6519388516032812,90.48657718120803,94.8488068605518,0.0,0.0,200.0,200.0
B_mab,44,0.6711409395973155,0.6621923937360179,90.48657718120803,91.90865026099924,0.0,0.0,200.0,200.0
B_mab,45,0.6711409395973155,0.6029082774049218,90.48657718120803,101.21774794929155,0.0,0.0,200.0,200.0
B_mab,46,0.6711409395973155,0.5676733780760627,90.48657718120803,107.64093959731541,0.0,0.0,200.0,200.0
B_mab,47,0.6711409395973155,0.47856077554064136,90.48657718120803,122.09340044742729,0.0,0.0,200.0,200.0
B_mab,48,0.6711409395973155,0.5615212527964206,90.48657718120803,109.3417225950783,0.0,0.0,200.0,200.0
B_mab,49,0.6711409395973155,0.6256524981357197,90.48657718120803,97.78765846383293,0.0,0.0,200.0,200.0
B_mab,50,0.6711409395973155,0.5119313944817301,90.48657718120803,116.72893363161818,0.0,0.0,200.0,200.0
B_mab,51,0.6711409395973155,0.6422445935868755,90.48657718120803,95.02050708426545,0.0,0.0,200.0,200.0
B_mab,52,0.6711409395973155,0.6661073825503356,90.48657718120803,91.32270693512302,0.0,0.0,200.0,200.0
B_mab,53,0.6711409395973155,0.668903803131991,90.48657718120803,90.80126771066365,0.0,0.0,200.0,200.0
B_mab,54,0.6711409395973155,0.48471290082028345,90.48657718120803,120.90697240865023,0.0,0.0,200.0,200.0
B_mab,55,0.6711409395973155,0.634228187919463,90.48657718120803,96.80425055928409,0.0,0.0,200.0,200.0
B_mab,56,0.6711409395973155,0.43251304996271445,90.48657718120803,129.4666293810589,0.0,0.0,200.0,200.0
B_mab,57,0.6711409395973155,0.5592841163310963,90.48657718120803,108.73881431767336,0.0,0.0,200.0,200.0
B_mab,58,0.6711409395973155,0.4683072334079046,90.48657718120803,124.1687173750932,0.0,0.0,200.0,200.0
B_mab,59,0.6711409395973155,0.5969425801640568,90.48657718120803,102.33724832214763,0.0,0.0,200.0,200.0
B_mab,60,0.6711409395973155,0.6353467561521253,90.48657718120803,96.4243102162565,0.0,0.0,200.0,200.0
B_mab,61,0.6711409395973155,0.6299403430275915,90.48657718120803,97.70581655480981,0.0,0.0,200.0,200.0
B_mab,62,0.6711409395973155,0.6465324384787472,90.48657718120803,95.32028337061892,0.0,0.0,200.0,200.0
B_mab,63,0.6711409395973155,0.662565249813572,90.48657718120803,91.82513049962712,0.0,0.0,200.0,200.0
B_mab,64,0.6711409395973155,0.6364653243847876,90.48657718120803,96.2887770320656,0.0,0.0,200.0,200.0
B_mab,65,0.6711409395973155,0.6008575689783744,90.48657718120803,102.75484712900818,0.0,0.0,200.0,200.0
B_mab,66,0.6711409395973155,0.41014168530947054,90.48657718120803,133.07513049962716,0.0,0.0,200.0,200.0
B_mab,67,0.6711409395973155,0.6418717375093214,90.48657718120803,95.25503355704696,0.0,0.0,200.0,200.0
B_mab,68,0.6711409395973155,0.6510067114093959,90.48657718120803,93.69929157345263,0.0,0.0,200.0,200.0
B_mab,69,0.6711409395973155,0.6211782252050709,90.48657718120803,98.63105891126024,0.0,0.0,200.0,200.0
B_mab,70,0.6711409395973155,0.42803877703206566,90.48657718120803,130.31357196122298,0.0,0.0,200.0,200.0
B_mab,71,0.6711409395973155,0.46234153616703955,90.48657718120803,125.06431767337806,0.0,0.0,200.0,200.0
B_mab,72,0.6711409395973155,0.6016032811334825,90.48657718120803,103.21681580909767,0.0,0.0,200.0,200.0
B_mab,73,0.6711409395973155,0.6519388516032812,90.48657718120803,93.74403430275912,0.0,0.0,200.0,200.0
B_mab,74,0.6711409395973155,0.4545115585384042,90.48657718120803,125.98788217747949,0.0,0.0,200.0,200.0
B_mab,75,0.6711409395973155,0.6316181953765846,90.48657718120803,96.76137211036539,0.0,0.0,200.0,200.0
B_mab,76,0.6711409395973155,0.6595824011931395,90.48657718120803,92.30182699477999,0.0,0.0,200.0,200.0
B_mab,77,0.6711409395973155,0.27293064876957496,90.48657718120803,155.64149888143177,0.0,0.0,200.0,200.0
B_mab,78,0.6711409395973155,0.6191275167785235,90.48657718120803,99.0704697986577,0.0,0.0,200.0,200.0
B_mab,79,0.6711409395973155,0.6260253542132738,90.48657718120803,97.70078299776284,0.0,0.0,200.0,200.0
B_mab,80,0.6711409395973155,0.5154735272184937,90.48657718120803,116.20264727815062,0.0,0.0,200.0,200.0
B_mab,81,0.6711409395973155,0.44258016405667416,90.48657718120803,128.46215510812826,0.0,0.0,200.0,200.0
B_mab,82,0.6711409395973155,0.5410141685309471,90.48657718120803,111.76938851603279,0.0,0.0,200.0,200.0
B_mab,83,0.6711409395973155,0.5335570469798658,90.48657718120803,113.09302759134971,0.0,0.0,200.0,200.0
B_mab,84,0.6711409395973155,0.6234153616703954,90.48657718120803,98.51472781506337,0.0,0.0,200.0,200.0
B_mab,85,0.6711409395973155,0.6230425055928412,90.48657718120803,98.31674123788216,0.0,0.0,200.0,200.0
B_mab,86,0.6711409395973155,0.5592841163310963,90.48657718120803,108.73881431767336,0.0,0.0,200.0,200.0
B_mab,87,0.6711409395973155,0.5197613721103654,90.48657718120803,115.11148396718863,0.0,0.0,200.0,200.0
B_mab,88,0.6711409395973155,0.6243475018642803,90.48657718120803,98.18419090231168,0.0,0.0,200.0,200.0
B_mab,89,0.6711409395973155,0.47240865026099926,90.48657718120803,122.99552572706935,0.0,0.0,200.0,200.0
B_mab,90,0.6711409395973155,0.6433631618195377,90.48657718120803,95.1905294556301,0.0,0.0,200.0,200.0
B_mab,91,0.6711409395973155,0.6435495898583148,90.48657718120803,95.02908277404919,0.0,0.0,200.0,200.0
B_mab,92,0.6711409395973155,0.6377703206562267,90.48657718120803,96.0022371364653,0.0,0.0,200.0,200.0
B_mab,93,0.6711409395973155,0.3825503355704698,90.48657718120803,138.03411633109621,0.0,0.0,200.0,200.0
B_mab,94,0.6711409395973155,0.5425055928411634,90.48657718120803,111.74962714392244,0.0,0.0,200.0,200.0
B_mab,95,0.6711409395973155,0.6403803131991052,90.48657718120803,95.56767337807605,0.0,0.0,200.0,200.0
B_mab,96,0.6711409395973155,0.6355331841909023,90.48657718120803,96.4794929157345,0.0,0.0,200.0,200.0
B_mab,97,0.6711409395973155,0.5948918717375093,90.48657718120803,103.55350484712899,0.0,0.0,200.0,200.0
B_mab,98,0.6711409395973155,0.5251677852348994,90.48657718120803,114.41498881431765,0.0,0.0,200.0,200.0
B_mab,99,0.6711409395973155,0.41014168530947054,90.48657718120803,133.07513049962716,0.0,0.0,200.0,200.0
B_mab,100,0.6711409395973155,0.41573452647278153,90.48657718120803,132.27703206562265,0.0,0.0,200.0,200.0
N,1,0.6711409395973155,0.6414988814317673,90.48657718120803,95.49123788217746,0.0,0.0,200.0,200.0
N,2,0.6711409395973155,0.26435495898583145,90.48657718120803,156.90548098434004,0.0,0.0,200.0,200.0
N,3,0.6711409395973155,0.5488441461595824,90.48657718120803,110.4998135719612,0.0,0.0,200.0,200.0
N,4,0.6711409395973155,0.4030574198359434,90.48657718120803,134.58296047725577,0.0,0.0,200.0,200.0
N,5,0.6711409395973155,0.6597688292319165,90.48657718120803,92.20413870246082,0.0,0.0,200.0,200.0
N,6,0.6711409395973155,0.36465324384787473,90.48657718120803,140.57736763609248,0.0,0.0,200.0,200.0
N,7,0.6711409395973155,0.3206562266964952,90.48657718120803,147.6209917971663,0.0,0.0,200.0,200.0
N,8,0.6711409395973155,0.4914243102162566,90.48657718120803,119.56319910514542,0.0,0.0,200.0,200.0
N,9,0.447427293064877,0.3294183445190157,126.99105145413868,146.19910514541385,0.0,0.0,200.0,200.0
N,10,0.6711409395973155,0.6137211036539896,90.48657718120803,100.87751677852347,0.0,0.0,200.0,200.0
N,11,0.6711409395973155,0.6646159582401194,90.48657718120803,91.52796420581653,0.0,0.0,200.0,200.0
N,12,0.6711409395973155,0.6004847129008203,90.48657718120803,101.9422073079791,0.0,0.0,200.0,200.0
N,13,0.6711409395973155,0.488255033557047,90.48657718120803,120.21644295302013,0.0,5.555555555555555e-05,200.0,199.99933333333334
N,14,0.6711409395973155,0.6564131245339299,90.48657718120803,92.83631618195375,0.0,0.0,200.0,200.0
N,15,0.6711409395973155,0.3333333333333333,90.48657718120803,146.0031692766592,0.0,0.0,200.0,200.0
N,16,0.6711409395973155,0.564317673378076,90.48657718120803,108.53187919463085,0.0,0.0,200.0,200.0
N,17,0.6711409395973155,0.4198359433258762,90.48657718120803,131.6556674123788,0.0,0.0,200.0,200.0
N,18,0.6711409395973155,0.40678598061148397,90.48657718120803,133.4819164802386,0.0,0.0,200.0,200.0
N,19,0.6711409395973155,0.6282624906785981,90.48657718120803,97.6111111111111,0.0,0.0,200.0,200.0
N,20,0.6711409395973155,0.5287099179716629,90.48657718120803,114.03821774794928,0.0,0.0,200.0,200.0
N,21,0.6711409395973155,0.5566741237882178,90.48657718120803,110.79194630872482,0.0,0.0,200.0,200.0
N,22,0.6711409395973155,0.3806860551826995,90.48657718120803,137.8092841163311,0.0,0.0,200.0,200.0
N,23,0.6711409395973155,0.6571588366890381,90.48657718120803,92.9243102162565,0.0,0.0,200.0,200.0
N,24,0.6711409395973155,0.6487695749440716,90.48657718120803,94.30779269202085,0.0,0.0,200.0,200.0
N,25,0.6711409395973155,0.395227442207308,90.48657718120803,137.39914243102163,0.0,0.0,200.0,200.0
N,26,0.6711409395973155,0.6017897091722595,90.48657718120803,101.62211036539894,0.0,0.0,200.0,200.0
N,27,0.447427293064877,0.2080536912751678,126.99105145413868,166.12248322147653,0.0,0.0,200.0,200.0
N,28,0.6711409395973155,0.2912005965697241,90.48657718120803,152.84843400447426,0.0,0.0,200.0,200.0
N,29,0.6711409395973155,0.5844519015659955,90.48657718120803,104.8049962714392,0.0,0.0,200.0,200.0
N,30,0.6711409395973155,0.5626398210290828,90.48657718120803,108.89951528709916,0.0,0.0,200.0,200.0
N,31,0.6711409395973155,0.33557046979865773,90.48657718120803,145.24328859060404,0.0,0.0,200.0,200.0
N,32,0.6711409395973155,0.6112975391498883,90.48657718120803,100.14615958240117,0.0,0.0,200.0,200.0
N,33,0.6711409395973155,0.6284489187173752,90.48657718120803,97.49533929903055,0.0,0.0,200.0,200.0
N,34,0.6711409395973155,0.6549217002237137,90.48657718120803,93.16703952274419,0.0,0.0,200.0,200.0
N,35,0.6711409395973155,0.41014168530947054,90.48657718120803,133.07513049962716,0.0,0.0,200.0,200.0
N,36,0.6711409395973155,0.5130499627143923,90.48657718120803,116.10645041014166,0.0,0.0,200.0,200.0
N,37,0.6711409395973155,0.49645786726323643,90.48657718120803,119.32755406413123,0.0,0.0,200.0,200.0
N,38,0.0,0.07680835197613721,200.0,187.2995898583147,0.0,0.0,200.0,200.0
N,39,0.6711409395973155,0.5973154362416108,90.48657718120803,103.44108873974645,0.0,0.0,200.0,200.0
N,40,0.6711409395973155,0.5589112602535421,90.48657718120803,111.21103653989557,0.0,0.0,200.0,200.0
N,41,0.6711409395973155,0.48489932885906034,90.48657718120803,123.18605518269946,0.0,0.0013333333333333333,200.0,199.9553888888889
N,42,0.6711409395973155,0.3542132736763609,90.48657718120803,142.30369127516778,0.0,0.0,200.0,200.0
N,43,0.6711409395973155,0.38665175242356453,90.48657718120803,137.90697240865026,0.0,0.0,200.0,200.0
N,44,0.6711409395973155,0.5395227442207309,90.48657718120803,111.95917225950781,0.0,0.0,200.0,200.0
N,45,0.6711409395973155,0.45488441461595824,90.48657718120803,126.134601043997,0.0,0.0,200.0,200.0
N,46,0.6711409395973155,0.42766592095451156,90.48657718120803,132.18083519761373,0.0,0.0032222222222222222,200.0,199.95016666666666
N,47,0.6711409395973155,0.5156599552572707,90.48657718120803,115.94835943325874,0.0,0.0,200.0,200.0
N,48,0.6711409395973155,0.48974645786726323,90.48657718120803,120.01957494407158,0.0,0.0,200.0,200.0
N,49,0.6711409395973155,0.6241610738255035,90.48657718120803,97.99533929903055,0.0,0.0,200.0,200.0
N,50,0.6711409395973155,0.5137956748695004,90.48657718120803,116.08258762117822,0.0,0.0,200.0,200.0
N,51,0.6711409395973155,0.5874347501864281,90.48657718120803,104.19258016405665,0.0,0.0,200.0,200.0
N,52,0.5715883668903804,0.4964578672632363,113.10067114093958,120.82568978374347,0.0,0.0,200.0,200.0
N,53,0.470917225950783,0.31021625652498136,122.27069351230425,149.21029082774047,0.0,0.0,200.0,200.0
N,54,0.6711409395973155,0.4662565249813572,90.48657718120803,124.68885160328112,0.0,0.0,200.0,200.0
N,55,0.6711409395973155,0.6510067114093959,90.48657718120803,94.21625652498135,0.0,0.0,200.0,200.0
N,56,0.6711409395973155,0.26099925428784493,90.48657718120803,157.4114466815809,0.0,0.0,200.0,200.0
N,57,0.5637583892617449,0.4202087994034303,118.75391498881432,137.02815063385532,0.0,0.0,200.0,200.0
N,58,0.6711409395973155,0.39187173750932136,90.48657718120803,136.63926174496646,0.0,0.0,200.0,200.0
N,59,0.6711409395973155,0.5605891126025355,90.48657718120803,109.88012677106636,0.0,0.0,200.0,200.0
N,60,0.0,0.1372110365398956,200.0,177.65137956748697,0.0,0.0,200.0,200.0
N,61,0.6711409395973155,0.6321774794929158,90.48657718120803,97.54809843400447,0.0,0.0,200.0,200.0
N,62,0.6711409395973155,0.540082028337062,90.48657718120803,111.58612975391497,0.0,0.0,200.0,200.0
N,63,0.6711409395973155,0.3803131991051454,90.48657718120803,137.80182699478001,0.0,0.0,200.0,200.0
N,64,0.6711409395973155,0.3353840417598807,90.48657718120803,145.54250559284117,0.0,0.0,200.0,200.0
N,65,0.6711409395973155,0.6470917225950784,90.48657718120803,94.32401193139445,0.0,0.0,200.0,200.0
N,66,0.6711409395973155,0.5464205816554811,90.48657718120803,111.01789709172257,0.0,0.0,200.0,200.0
N,67,0.6711409395973155,0.517337807606264,90.48657718120803,116.84041759880684,0.0,0.0,200.0,200.0
N,68,0.6711409395973155,0.6357196122296794,90.48657718120803,96.0607755406413,0.0,0.0,200.0,200.0
N,69,0.6711409395973155,0.45563012677106635,90.48657718120803,126.64895600298284,0.0,0.0,200.0,200.0
N,70,0.6711409395973155,0.6491424310216256,90.48657718120803,94.14988814317671,0.0,0.0,200.0,200.0
N,71,0.6711409395973155,0.35123042505592844,90.48657718120803,142.74888143176736,0.0,0.0,200.0,200.0
N,72,0.6711409395973155,0.5589112602535421,90.48657718120803,108.80369127516776,0.0,0.0,200.0,200.0
N,73,0.6711409395973155,0.5354213273676361,90.48657718120803,112.78355704697984,0.0,0.0,200.0,200.0
N,74,0.6711409395973155,0.26715137956748697,90.48657718120803,156.4813571961223,0.0,0.0,200.0,200.0
N,75,0.6711409395973155,0.3318419090231171,90.48657718120803,145.8758389261745,0.0,0.0,200.0,200.0
N,76,0.6711409395973155,0.33557046979865773,90.48657718120803,145.24328859060404,0.0,0.0,200.0,200.0
N,77,0.6711409395973155,0.575689783743475,90.48657718120803,106.19425801640566,0.0,0.0,200.0,200.0
N,78,0.6711409395973155,0.5574198359433259,90.48657718120803,108.9778150633855,0.0,0.0,200.0,200.0
N,79,0.6711409395973155,0.4121923937360179,90.48657718120803,134.39112602535423,0.0,0.0,200.0,200.0
N,80,0.6711409395973155,0.6181953765846383,90.48657718120803,98.97520507084263,0.0,0.0,200.0,200.0
N,81,0.6711409395973155,0.1894108873974646,90.48657718120803,169.11614466815809,0.0,0.0,200.0,200.0
N,82,0.6711409395973155,0.46346010439970176,90.48657718120803,124.98005219985083,0.0,0.0,200.0,200.0
N,83,0.6711409395973155,0.5646905294556301,90.48657718120803,108.08668903803131,0.0,0.0,200.0,200.0
N,84,0.6711409395973155,0.6502609992542878,90.48657718120803,93.61241610738254,0.0,0.0,200.0,200.0
N,85,0.6711409395973155,0.6131618195376586,90.48657718120803,99.75466070096941,0.0,0.0,200.0,200.0
N,86,0.4563758389261745,0.2609992542878449,125.60067114093958,157.74962714392242,0.0,0.0,200.0,200.0
N,87,0.6700223713646533,0.3564504101416853,91.18344519015658,143.0128635346756,0.0,0.0002222222222222222,200.0,199.98116666666667
N,88,0.6711409395973155,0.41014168530947054,90.48657718120803,133.07513049962716,0.0,0.0,200.0,200.0
N,89,0.0,0.16592095451155855,200.0,172.95376584638328,0.0,0.0,200.0,200.0
N,90,0.0,0.10961968680089486,200.0,184.81058911260254,0.0,0.007166666666666667,200.0,199.85658333333333
N,91,0.6711409395973155,0.6263982102908278,90.48657718120803,97.66275167785233,0.0,0.0,200.0,200.0
N,92,0.6711409395973155,0.4317673378076063,90.48657718120803,129.8816181953766,0.0,0.0,200.0,200.0
N,93,0.6711409395973155,0.40510812826249065,90.48657718120803,135.148023862789,0.0,0.0,200.0,200.0
N,94,0.6711409395973155,0.6620059656972408,90.48657718120803,91.89038031319909,0.0,0.0,200.0,200.0
N,95,0.0,0.09917971662938106,200.0,191.19724086502612,0.0,0.000611111111111111,200.0,199.99044444444445
N,96,0.6711409395973155,0.6139075316927667,90.48657718120803,99.99291573452645,0.0,0.0,200.0,200.0
N,97,0.6711409395973155,0.5633855331841909,90.48657718120803,108.29306487695747,0.0,0.0,200.0,200.0
N,98,0.6711409395973155,0.3624161073825503,90.48657718120803,141.0285234899329,0.0,0.0,200.0,200.0
N,99,0.6711409395973155,0.4688665175242357,90.48657718120803,124.91126025354212,0.0,0.0,200.0,200.0
N,100,0.6711409395973155,0.44127516778523496,90.48657718120803,128.0730797912006,0.0,0.0,200.0,200.0
S_ce,1,0.6711409395973155,0.6351603281133483,90.48657718120803,96.16759880686052,0.0,0.0,200.0,200.0
S_ce,2,0.6711409395973155,0.5618941088739747,90.48657718120803,108.33463832960474,0.0,0.0,200.0,200.0
S_ce,3,0.6711409395973155,0.6208053691275168,90.48657718120803,98.60384041759879,0.0,0.0,200.0,200.0
S_ce,4,0.6711409395973155,0.5799776286353467,90.48657718120803,105.64690529455628,0.0,0.0,200.0,200.0
S_ce,5,0.6711409395973155,0.6519388516032812,90.48657718120803,93.6791573452647,0.0,0.0,200.0,200.0
S_ce,6,0.6711409395973155,0.645041014168531,90.48657718120803,94.71066368381803,0.0,0.0,200.0,200.0
S_ce,7,0.6711409395973155,0.6346010439970172,90.48657718120803,96.5329977628635,0.0,0.0,200.0,200.0
S_ce,8,0.6711409395973155,0.49030574198359433,90.48657718120803,120.2887770320656,0.0,0.0,200.0,200.0
S_ce,9,0.6711409395973155,0.6267710663683819,90.48657718120803,97.98956002982845,0.0,0.0,200.0,200.0
S_ce,10,0.6711409395973155,0.5620805369127517,90.48657718120803,108.43586875466067,0.0,0.0,200.0,200.0
S_ce,11,0.6711409395973155,0.656226696495153,90.48657718120803,92.81170768083517,0.0,0.0,200.0,200.0
S_ce,12,0.6711409395973155,0.6502609992542878,90.48657718120803,94.00615212527961,0.0,0.0,200.0,200.0
S_ce,13,0.6711409395973155,0.6530574198359433,90.48657718120803,93.49832214765098,0.0,0.0,200.0,200.0
S_ce,14,0.6711409395973155,0.604213273676361,90.48657718120803,102.08090976882922,0.0,0.0,200.0,200.0
S_ce,15,0.6711409395973155,0.6420581655480985,90.48657718120803,95.30611483967186,0.0,0.0,200.0,200.0
S_ce,16,0.6711409395973155,0.33892617449664436,90.48657718120803,144.72296793437732,0.0,0.0,200.0,200.0
S_ce,17,0.6711409395973155,0.4202087994034303,90.48657718120803,131.5714019388516,0.0,0.0,200.0,200.0
S_ce,18,0.6711409395973155,0.5533184190902312,90.48657718120803,109.63683818046232,0.0,0.0,200.0,200.0
S_ce,19,0.6711409395973155,0.6390753169276661,90.48657718120803,95.86241610738253,0.0,0.0,200.0,200.0
S_ce,20,0.6711409395973155,0.6472781506338553,90.48657718120803,94.24105145413868,0.0,0.0,200.0,200.0
S_ce,21,0.6711409395973155,0.6653616703952275,90.48657718120803,91.36782252050706,0.0,0.0,200.0,200.0
S_ce,22,0.6711409395973155,0.6554809843400449,90.48657718120803,93.0736390753169,0.0,0.0,200.0,200.0
S_ce,23,0.6711409395973155,0.6519388516032812,90.48657718120803,93.38049962714389,0.0,0.0,200.0,200.0
S_ce,24,0.6711409395973155,0.6463460104399703,90.48657718120803,94.59060402684561,0.0,0.0,200.0,200.0
S_ce,25,0.6711409395973155,0.6491424310216256,90.48657718120803,94.29791200596567,0.0,0.0,200.0,200.0
S_ce,26,0.6711409395973155,0.569351230425056,90.48657718120803,107.2667785234899,0.0,0.0,200.0,200.0
S_ce,27,0.6711409395973155,0.5924683072334079,90.48657718120803,103.4235645041014,0.0,0.0,200.0,200.0
S_ce,28,0.6711409395973155,0.6228560775540641,90.48657718120803,98.51957494407156,0.0,0.0,200.0,200.0
S_ce,29,0.6711409395973155,0.6441088739746458,90.48657718120803,94.75540641312452,0.0,0.0,200.0,200.0
S_ce,30,0.6711409395973155,0.6338553318419091,90.48657718120803,96.57065622669647,0.0,0.0,200.0,200.0
S_ce,31,0.6711409395973155,0.4120059656972409,90.48657718120803,132.88105891126023,0.0,0.0,200.0,200.0
S_ce,32,0.6711409395973155,0.6614466815809098,90.48657718120803,92.20618941088738,0.0,0.0,200.0,200.0
S_ce,33,0.6711409395973155,0.6153989560029829,90.48657718120803,99.37472035794181,0.0,0.0,200.0,200.0
S_ce,34,0.6711409395973155,0.6644295302013423,90.48657718120803,91.52964205816552,0.0,0.0,200.0,200.0
S_ce,35,0.6711409395973155,0.5782997762863535,90.48657718120803,106.24142431021625,0.0,0.0,200.0,200.0
S_ce,36,0.6711409395973155,0.6476510067114094,90.48657718120803,94.6336689038031,0.0,0.0,200.0,200.0
S_ce,37,0.6711409395973155,0.638702460850112,90.48657718120803,95.72259507829975,0.0,0.0,200.0,200.0
S_ce,38,0.6711409395973155,0.5592841163310963,90.48657718120803,108.73881431767336,0.0,0.0,200.0,200.0
S_ce,39,0.6711409395973155,0.6002982848620433,90.48657718120803,102.20376584638328,0.0,0.0,200.0,200.0
S_ce,40,0.6711409395973155,0.6500745712155109,90.48657718120803,94.20413870246082,0.0,0.0,200.0,200.0
S_ce,41,0.6711409395973155,0.6607009694258017,90.48657718120803,92.06245339299029,0.0,0.0,200.0,200.0
S_ce,42,0.6711409395973155,0.6079418344519016,90.48657718120803,101.98639075316925,0.0,0.0,200.0,200.0
S_ce,43,0.6711409395973155,0.48471290082028345,90.48657718120803,120.90697240865025,0.0,0.0,200.0,200.0
S_ce,44,0.6711409395973155,0.6364653243847875,90.48657718120803,95.95656226696494,0.0,0.0,200.0,200.0
S_ce,45,0.6711409395973155,0.6573452647278152,90.48657718120803,92.70618941088738,0.0,0.0,200.0,200.0
S_ce,46,0.6711409395973155,0.48471290082028345,90.48657718120803,120.90697240865025,0.0,0.0,200.0,200.0
S_ce,47,0.6711409395973155,0.586502609992543,90.48657718120803,104.27069351230423,0.0,0.0,200.0,200.0
S_ce,48,0.6711409395973155,0.622110365398956,90.48657718120803,98.88273676360923,0.0,0.0,200.0,200.0
S_ce,49,0.6711409395973155,0.6398210290827742,90.48657718120803,95.58072334079043,0.0,0.0,200.0,200.0
S_ce,50,0.6711409395973155,0.6677852348993288,90.48657718120803,91.11204325130497,0.0,5.555555555555555e-05,200.0,199.99855555555555
S_ce,51,0.6711409395973155,0.6029082774049218,90.48657718120803,102.00689783743474,0.0,0.0,200.0,200.0
S_ce,52,0.6711409395973155,0.651193139448173,90.48657718120803,93.6961222967934,0.0,0.0,200.0,200.0
S_ce,53,0.6711409395973155,0.6441088739746458,90.48657718120803,94.97912005965696,0.0,0.0,200.0,200.0
S_ce,54,0.6711409395973155,0.5954511558538405,90.48657718120803,103.07270693512302,0.0,0.0,200.0,200.0
S_ce,55,0.6711409395973155,0.6603281133482477,90.48657718120803,92.19500372856075,0.0,0.0,200.0,200.0
S_ce,56,0.6711409395973155,0.5479120059656973,90.48657718120803,113.18530947054435,0.0,0.0,200.0,200.0
S_ce,57,0.6711409395973155,0.564131245339299,90.48657718120803,108.04567486950035,0.0,0.0,200.0,200.0
S_ce,58,0.6711409395973155,0.6560402684563759,90.48657718120803,92.99142431021623,0.0,0.0,200.0,200.0
S_ce,59,0.6711409395973155,0.6463460104399703,90.48657718120803,94.6856823266219,0.0,0.0,200.0,200.0
S_ce,60,0.6711409395973155,0.5975018642803879,90.48657718120803,102.82382550335568,0.0,0.0,200.0,200.0
S_ce,61,0.6711409395973155,0.6355331841909023,90.48657718120803,96.28691275167783,0.0,0.0,200.0,200.0
S_ce,62,0.6711409395973155,0.5592841163310963,90.48657718120803,108.73881431767336,0.0,0.0,200.0,200.0
S_ce,63,0.6711409395973155,0.6528709917971663,90.48657718120803,93.857009694258,0.0,0.0,200.0,200.0
S_ce,64,0.6711409395973155,0.6526845637583893,90.48657718120803,93.60682326621921,0.0,0.0,200.0,200.0
S_ce,65,0.6711409395973155,0.5072706935123042,90.48657718120803,117.17170022371363,0.0,0.0,200.0,200.0
S_ce,66,0.6711409395973155,0.6469052945563013,90.48657718120803,94.34004474272929,0.0,0.0,200.0,200.0
S_ce,67,0.6711409395973155,0.640007457121551,90.48657718120803,95.55443698732287,0.0,0.0,200.0,200.0
S_ce,68,0.6711409395973155,0.48489932885906045,90.48657718120803,120.90305741983593,0.0,0.0,200.0,200.0
S_ce,69,0.6711409395973155,0.6500745712155109,90.48657718120803,94.19630872483219,0.0,0.0,200.0,200.0
S_ce,70,0.6711409395973155,0.6536167039522744,90.48657718120803,93.62005965697239,0.0,0.0,200.0,200.0
S_ce,71,0.6711409395973155,0.6431767337807607,90.48657718120803,95.08762117822518,0.0,0.0,200.0,200.0
S_ce,72,0.6711409395973155,0.43139448173005224,90.48657718120803,129.9187173750932,0.0,0.0,200.0,200.0
S_ce,73,0.6711409395973155,0.639261744966443,90.48657718120803,95.95674869500371,0.0,0.0,200.0,200.0
S_ce,74,0.6711409395973155,0.6422445935868755,90.48657718120803,95.22576435495895,0.0,0.0,200.0,200.0
S_ce,75,0.6711409395973155,0.6538031319910514,90.48657718120803,93.36521252796419,0.0,0.0,200.0,200.0
S_ce,76,0.6711409395973155,0.5589112602535421,90.48657718120803,108.80406413124533,0.0,0.0,200.0,200.0
S_ce,77,0.6711409395973155,0.650820283370619,90.48657718120803,94.01043997017149,0.0,0.0,200.0,200.0
S_ce,78,0.6711409395973155,0.621551081282625,90.48657718120803,98.87751677852346,0.0,0.0,200.0,200.0
S_ce,79,0.6711409395973155,0.650820283370619,90.48657718120803,93.77348993288588,0.0,0.0,200.0,200.0
S_ce,80,0.6711409395973155,0.6034675615212528,90.48657718120803,105.58967188665171,0.0,0.0,200.0,200.0
S_ce,81,0.6711409395973155,0.5592841163310963,90.48657718120803,108.73881431767336,0.0,0.0,200.0,200.0
S_ce,82,0.6711409395973155,0.6495152870991797,90.48657718120803,93.93866517524232,0.0,0.0,200.0,200.0
S_ce,83,0.6711409395973155,0.5723340790454885,90.48657718120803,107.32065622669647,0.0,0.0,200.0,200.0
S_ce,84,0.6711409395973155,0.5555555555555556,90.48657718120803,109.37416107382548,0.0,0.0,200.0,200.0
S_ce,85,0.6711409395973155,0.6338553318419091,90.48657718120803,96.57065622669647,0.0,0.0,200.0,200.0
S_ce,86,0.6711409395973155,0.5842654735272186,90.48657718120803,105.03896346010438,0.0,0.0,200.0,200.0
S_ce,87,0.6711409395973155,0.6260253542132738,90.48657718120803,98.37229679343771,0.0,0.0,200.0,200.0
S_ce,88,0.6711409395973155,0.6213646532438478,90.48657718120803,98.73564504101414,0.0,0.0,200.0,200.0
S_ce,89,0.6711409395973155,0.6148396718866517,90.48657718120803,99.6004847129008,0.0,0.0,200.0,200.0
S_ce,90,0.6711409395973155,0.65137956748695,90.48657718120803,93.53765846383293,0.0,0.0,200.0,200.0
S_ce,91,0.6711409395973155,0.6355331841909023,90.48657718120803,96.2887770320656,0.0,0.0,200.0,200.0
S_ce,92,0.6711409395973155,0.639634601043997,90.48657718120803,95.52162565249812,0.0,0.0,200.0,200.0
S_ce,93,0.6711409395973155,0.5697240865026101,90.48657718120803,107.01249067859804,0.0,0.0,200.0,200.0
S_ce,94,0.6711409395973155,0.6083146905294556,90.48657718120803,101.47296793437731,0.0,0.0,200.0,200.0
S_ce,95,0.6711409395973155,0.6621923937360179,90.48657718120803,91.93214019388515,0.0,0.0,200.0,200.0
S_ce,96,0.6711409395973155,0.6168903803131991,90.48657718120803,99.56208053691273,0.0,0.0,200.0,200.0
S_ce,97,0.6711409395973155,0.6331096196868009,90.48657718120803,96.66163310961967,0.0,0.0,200.0,200.0
S_ce,98,0.6711409395973155,0.6595824011931395,90.48657718120803,92.33053691275165,0.0,0.0,200.0,200.0
S_ce,99,0.6711409395973155,0.6405667412378823,90.48657718120803,95.56133482475762,0.0,0.0,200.0,200.0
S_ce,100,0.6711409395973155,0.5589112602535421,90.48657718120803,108.80928411633107,0.0,0.0,200.0,200.0
S_mab,1,0.6711409395973155,0.558538404175988,90.48657718120803,110.99944071588365,0.0,0.0,200.0,200.0
S_mab,2,0.6711409395973155,0.6634973900074572,90.48657718120803,91.76099925428782,0.0,0.0,200.0,200.0
S_mab,3,0.6711409395973155,0.668903803131991,90.48657718120803,90.78933631618192,0.0,0.0,200.0,200.0
S_mab,4,0.6711409395973155,0.6664802386278897,90.48657718120803,91.16461595824009,0.0,0.0,200.0,200.0
S_mab,5,0.6711409395973155,0.638702460850112,90.48657718120803,96.00559284116328,0.0,0.0,200.0,200.0
S_mab,6,0.6711409395973155,0.6672259507829978,90.48657718120803,91.05387770320654,0.0,0.0,200.0,200.0
S_mab,7,0.6711409395973155,0.48471290082028345,90.48657718120803,120.90697240865025,0.0,0.0,200.0,200.0
S_mab,8,0.6711409395973155,0.6442953020134229,90.48657718120803,95.24217002237135,0.0,0.0,200.0,200.0
S_mab,9,0.6711409395973155,0.5369127516778524,90.48657718120803,113.3708053691275,0.0,0.0,200.0,200.0
S_mab,10,0.6711409395973155,0.48471290082028345,90.48657718120803,120.90697240865023,0.0,0.0,200.0,200.0
S_mab,11,0.6711409395973155,0.2486950037285608,90.48657718120803,160.85328113348248,0.0,0.014944444444444444,200.0,199.44616666666664
S_mab,12,0.6711409395973155,0.6338553318419091,90.48657718120803,96.57065622669647,0.0,0.0,200.0,200.0
S_mab,13,0.6711409395973155,0.6549217002237137,90.48657718120803,93.08650260999252,0.0,0.0,200.0,200.0
S_mab,14,0.6711409395973155,0.6435495898583148,90.48657718120803,95.12602535421325,0.0,0.0,200.0,200.0
S_mab,15,0.6711409395973155,0.6338553318419091,90.48657718120803,96.7212900820283,0.0,0.0,200.0,200.0
S_mab,16,0.6711409395973155,0.6411260253542133,90.48657718120803,95.35961968680087,0.0,0.0,200.0,200.0
S_mab,17,0.6711409395973155,0.5585384041759881,90.48657718120803,109.0825876211782,0.0,0.0,200.0,200.0
S_mab,18,0.6711409395973155,0.5604026845637584,90.48657718120803,108.57997762863532,0.0,0.0,200.0,200.0
S_mab,19,0.6711409395973155,0.6308724832214765,90.48657718120803,97.31040268456374,0.0,0.0,200.0,200.0
S_mab,20,0.6711409395973155,0.6170768083519762,90.48657718120803,100.32755406413122,0.0,0.0,200.0,200.0
S_mab,21,0.6711409395973155,0.48471290082028345,90.48657718120803,120.90697240865025,0.0,0.0,200.0,200.0
S_mab,22,0.6711409395973155,0.6265846383296049,90.48657718120803,97.78933631618193,0.0,0.0,200.0,200.0
S_mab,23,0.6711409395973155,0.6465324384787472,90.48657718120803,94.47427293064874,0.0,0.0,200.0,200.0
S_mab,24,0.6711409395973155,0.6668530947054438,90.48657718120803,91.09862043251303,0.0,0.0,200.0,200.0
S_mab,25,0.6711409395973155,0.4161073825503356,90.48657718120803,132.13441461595826,0.0,0.0,200.0,200.0
S_mab,26,0.6711409395973155,0.563944817300522,90.48657718120803,108.51155853840416,0.0,0.0,200.0,200.0
S_mab,27,0.6711409395973155,0.6249067859806116,90.48657718120803,98.21196868008947,0.0,0.0,200.0,200.0
S_mab,28,0.6711409395973155,0.6236017897091722,90.48657718120803,98.76584638329602,0.0,0.0,200.0,200.0
S_mab,29,0.6711409395973155,0.6448545861297541,90.48657718120803,94.60589112602534,0.0,0.0,200.0,200.0
S_mab,30,0.6711409395973155,0.6560402684563759,90.48657718120803,92.86036539895598,0.0,0.0,200.0,200.0
S_mab,31,0.6711409395973155,0.4958985831469053,90.48657718120803,119.20563012677106,0.0,0.0,200.0,200.0
S_mab,32,0.6711409395973155,0.5164056674123788,90.48657718120803,116.68139448173004,0.0,0.0,200.0,200.0
S_mab,33,0.6711409395973155,0.6327367636092468,90.48657718120803,96.57438478747201,0.0,0.0,200.0,200.0
S_mab,34,0.6711409395973155,0.6085011185682327,90.48657718120803,101.04418344519014,0.0,0.0,200.0,200.0
S_mab,35,0.6711409395973155,0.5592841163310963,90.48657718120803,108.73881431767336,0.0,0.0,200.0,200.0
S_mab,36,0.6711409395973155,0.638702460850112,90.48657718120803,96.13441461595822,0.0,0.0,200.0,200.0
S_mab,37,0.6711409395973155,0.6595824011931395,90.48657718120803,92.50279642058163,0.0,0.0,200.0,200.0
S_mab,38,0.6711409395973155,0.6444817300521999,90.48657718120803,94.85682326621921,0.0,0.0,200.0,200.0
S_mab,39,0.6711409395973155,0.458985831469053,90.48657718120803,125.25708426547351,0.0,0.0,200.0,200.0
S_mab,40,0.6711409395973155,0.5898583146905295,90.48657718120803,104.2734899328859,0.0,0.0,200.0,200.0
S_mab,41,0.6711409395973155,0.6083146905294556,90.48657718120803,100.60663683818045,0.0,0.0,200.0,200.0
S_mab,42,0.6711409395973155,0.6482102908277406,90.48657718120803,94.25559284116328,0.0,0.0,200.0,200.0
S_mab,43,0.6711409395973155,0.6331096196868009,90.48657718120803,96.7278150633855,0.0,0.0,200.0,200.0
S_mab,44,0.6711409395973155,0.6346010439970172,90.48657718120803,96.51155853840415,0.0,0.0,200.0,200.0
S_mab,45,0.6711409395973155,0.6521252796420581,90.48657718120803,93.73135719612227,0.0,0.0,200.0,200.0
S_mab,46,0.6711409395973155,0.6338553318419091,90.48657718120803,96.57065622669647,0.0,0.0,200.0,200.0
S_mab,47,0.6711409395973155,0.5671140939597317,90.48657718120803,107.46979865771809,0.0,0.0,200.0,200.0
S_mab,48,0.6711409395973155,0.6379567486950037,90.48657718120803,95.74030574198358,0.0,0.0,200.0,200.0
S_mab,49,0.6711409395973155,0.6429903057419836,90.48657718120803,95.08053691275165,0.0,0.0,200.0,200.0
S_mab,50,0.6711409395973155,0.5505219985085756,90.48657718120803,111.02199850857568,0.0,0.0,200.0,200.0
S_mab,51,0.6711409395973155,0.6666666666666666,90.48657718120803,91.13143176733777,0.0,0.0,200.0,200.0
S_mab,52,0.6711409395973155,0.5592841163310963,90.48657718120803,108.73881431767336,0.0,0.0,200.0,200.0
S_mab,53,0.6711409395973155,0.6260253542132738,90.48657718120803,98.04567486950035,0.0,0.0,200.0,200.0
S_mab,54,0.6711409395973155,0.33687546607009694,90.48657718120803,145.0473527218494,0.0,0.0,200.0,200.0
S_mab,55,0.6711409395973155,0.5669276659209544,90.48657718120803,107.96868008948545,0.0,0.0,200.0,200.0
S_mab,56,0.6711409395973155,0.5628262490678598,90.48657718120803,108.51976137211035,0.0,0.0,200.0,200.0
S_mab,57,0.6711409395973155,0.6459731543624162,90.48657718120803,94.47315436241608,0.0,0.0,200.0,200.0
S_mab,58,0.6711409395973155,0.48620432513049966,90.48657718120803,121.41815809097687,0.0,0.0,200.0,200.0
S_mab,59,0.6711409395973155,0.6196868008948546,90.48657718120803,99.44891871737507,0.0,0.0,200.0,200.0
S_mab,60,0.6711409395973155,0.6603281133482477,90.48657718120803,92.30965697240863,0.0,0.0,200.0,200.0
S_mab,61,0.6711409395973155,0.5412005965697242,90.48657718120803,112.50596569724085,0.0,0.0,200.0,200.0
S_mab,62,0.6711409395973155,0.6409395973154364,90.48657718120803,95.1426174496644,0.0,0.0,200.0,200.0
S_mab,63,0.6711409395973155,0.33892617449664436,90.48657718120803,144.88609246830723,0.0,0.0002777777777777778,200.0,199.99616666666665
S_mab,64,0.6711409395973155,0.6414988814317673,90.48657718120803,95.43120805369125,0.0,0.0,200.0,200.0
S_mab,65,0.6711409395973155,0.6118568232662193,90.48657718120803,100.28896346010438,0.0,0.0,200.0,200.0
S_mab,66,0.6711409395973155,0.6491424310216256,90.48657718120803,93.95805369127514,0.0,0.0,200.0,200.0
S_mab,67,0.6711409395973155,0.5604026845637584,90.48657718120803,108.57792692020878,0.0,0.0,200.0,200.0
S_mab,68,0.6711409395973155,0.6573452647278152,90.48657718120803,92.6021625652498,0.0,0.0,200.0,200.0
S_mab,69,0.6711409395973155,0.616144668158091,90.48657718120803,99.71849366144666,0.0,0.0,200.0,200.0
S_mab,70,0.6711409395973155,0.6493288590604028,90.48657718120803,94.11782252050706,0.0,0.0,200.0,200.0
S_mab,71,0.6711409395973155,0.5919090231170768,90.48657718120803,103.42188665175242,0.0,0.0,200.0,200.0
S_mab,72,0.6711409395973155,0.39187173750932147,90.48657718120803,136.91815809097687,0.0,0.0,200.0,200.0
S_mab,73,0.6711409395973155,0.5753169276659209,90.48657718120803,106.80182699477999,0.0,0.0,200.0,200.0
S_mab,74,0.6711409395973155,0.6338553318419091,90.48657718120803,96.57065622669647,0.0,0.0,200.0,200.0
S_mab,75,0.6711409395973155,0.4778150633855332,90.48657718120803,122.52032065622669,0.0,0.0,200.0,200.0
S_mab,76,0.6711409395973155,0.4410887397464579,90.48657718120803,128.6565995525727,0.0,0.0,200.0,200.0
S_mab,77,0.6711409395973155,0.6498881431767337,90.48657718120803,94.20003728560772,0.0,0.0,200.0,200.0
S_mab,78,0.2237136465324385,0.044556301267710666,163.49552572706935,192.9032438478747,0.0,0.0,200.0,200.0
S_mab,79,0.6711409395973155,0.6586502609992543,90.48657718120803,92.38255033557044,0.0,0.0,200.0,200.0
S_mab,80,0.6711409395973155,0.33557046979865773,90.48657718120803,145.24328859060404,0.0,0.0,200.0,200.0
S_mab,81,0.6711409395973155,0.5523862788963461,90.48657718120803,110.85272184936612,0.0,0.0,200.0,200.0
S_mab,82,0.6711409395973155,0.6579045488441462,90.48657718120803,92.59097688292317,0.0,0.0,200.0,200.0
S_mab,83,0.6711409395973155,0.6478374347501865,90.48657718120803,94.2643549589858,0.0,0.0,200.0,200.0
S_mab,84,0.6711409395973155,0.6545488441461597,90.48657718120803,93.24384787472034,0.0,0.0,200.0,200.0
S_mab,85,0.6711409395973155,0.609992542878449,90.48657718120803,101.57587621178223,0.0,0.0,200.0,200.0
S_mab,86,0.6711409395973155,0.5507084265473527,90.48657718120803,109.95842654735272,0.0,0.0,200.0,200.0
S_mab,87,0.6711409395973155,0.6510067114093959,90.48657718120803,94.13310961968676,0.0,0.0,200.0,200.0
S_mab,88,0.6711409395973155,0.4944071588366891,90.48657718120803,120.64970171513795,0.0,0.0,200.0,200.0
S_mab,89,0.6711409395973155,0.6155853840417599,90.48657718120803,99.57252050708423,0.0,0.0,200.0,200.0
S_mab,90,0.6711409395973155,0.6711409395973155,90.48657718120803,90.48750932140192,0.0,0.0,200.0,200.0
S_mab,91,0.6711409395973155,0.6334824757643549,90.48657718120803,96.63143176733777,0.0,0.0,200.0,200.0
S_mab,92,0.6711409395973155,0.6428038777032066,90.48657718120803,95.19891871737508,0.0,0.0,200.0,200.0
S_mab,93,0.6711409395973155,0.5126771066368383,90.48657718120803,116.48303504847127,0.0,0.0,200.0,200.0
S_mab,94,0.6711409395973155,0.6338553318419091,90.48657718120803,96.57065622669647,0.0,0.0,200.0,200.0
S_mab,95,0.6711409395973155,0.6002982848620433,90.48657718120803,102.91144668158088,0.0,0.0,200.0,200.0
S_mab,96,0.6711409395973155,0.6310589112602536,90.48657718120803,97.22483221476509,0.0,0.0,200.0,200.0
S_mab,97,0.6711409395973155,0.43269947800149144,90.48657718120803,129.71793437733032,0.0,0.0,200.0,200.0
S_mab,98,0.6711409395973155,0.6601416853094705,90.48657718120803,92.27293064876955,0.0,0.0,200.0,200.0
S_mab,99,0.6711409395973155,0.6422445935868755,90.48657718120803,95.39410887397462,0.0,0.0,200.0,200.0
S_mab,100,0.6711409395973155,0.5635719612229679,90.48657718120803,108.09209545115583,0.0,0.0,200.0,200.0
S_sa,1,0.6711409395973155,0.6584638329604774,90.48657718120803,92.43680089485457,0.0,0.0,200.0,200.0
S_sa,2,0.0011185682326621666,0.07587621178225205,199.81879194630872,187.694817300522,0.0,0.0,200.0,200.0
S_sa,3,0.0,0.0,200.0,200.0,0.0,0.0,200.0,200.0
S_sa,4,0.6711409395973155,0.598247576435496,90.48657718120803,102.99962714392242,0.0,0.0,200.0,200.0
S_sa,5,0.6711409395973155,0.4778150633855332,90.48657718120803,122.20059656972406,0.0,0.0,200.0,200.0
S_sa,6,0.6711409395973155,0.49403430275913507,90.48657718120803,121.55928411633107,0.0,0.0,200.0,200.0
S_sa,7,0.6711409395973155,0.41014168530947054,90.48657718120803,133.07513049962716,0.0,0.0,200.0,200.0
S_sa,8,0.6711409395973155,0.6666666666666666,90.48657718120803,91.1873601789709,0.0,0.0,200.0,200.0
S_sa,9,0.2237136465324385,0.2764727815063386,163.49552572706935,155.1868008948546,0.0,0.0,200.0,200.0
S_sa,10,0.6711409395973155,0.49217002237136476,90.48657718120803,120.26976137211035,0.0,0.0,200.0,200.0
S_sa,11,0.6711409395973155,0.529082774049217,90.48657718120803,118.70637583892616,0.0,0.0,200.0,200.0
S_sa,12,0.6711409395973155,0.5659955257270693,90.48657718120803,108.19966442953019,0.0,0.0,200.0,200.0
S_sa,13,0.6711409395973155,0.6338553318419091,90.48657718120803,96.57065622669647,0.0,0.0,200.0,200.0
S_sa,14,0.4496644295302013,0.34116331096196867,126.42505592841162,143.94724086502612,0.0,0.0,200.0,200.0
S_sa,15,0.6711409395973155,0.1935123042505593,90.48657718120803,168.51099925428787,0.0,0.0,200.0,200.0
S_sa,16,0.2237136465324385,0.40995525727069354,163.49552572706935,133.0673005219985,0.0,0.0,200.0,200.0
S_sa,17,0.6711409395973155,0.6549217002237137,90.48657718120803,93.10906040268453,0.0,0.0,200.0,200.0
S_sa,18,0.6711409395973155,0.5781133482475765,90.48657718120803,105.71625652498133,0.0,0.0,200.0,200.0
S_sa,19,0.6711409395973155,0.6441088739746458,90.48657718120803,94.76752423564503,0.0,0.0,200.0,200.0
S_sa,20,0.6711409395973155,0.557979120059657,90.48657718120803,110.5160328113348,0.0,0.0,200.0,200.0
S_sa,21,0.6711409395973155,0.5246085011185683,90.48657718120803,114.83575689783741,0.0,0.0,200.0,200.0
S_sa,22,0.6711409395973155,0.48676360924683076,90.48657718120803,120.2384414615958,0.0,0.0,200.0,200.0
S_sa,23,0.6711409395973155,0.6644295302013423,90.48657718120803,91.47967934377328,0.0,0.0,200.0,200.0
S_sa,24,0.6711409395973155,0.5507084265473527,90.48657718120803,109.96029082774048,0.0,0.0,200.0,200.0
S_sa,25,0.6711409395973155,0.5825876211782253,90.48657718120803,104.9211409395973,0.0,0.0,200.0,200.0
S_sa,26,0.6711409395973155,0.5503355704697988,90.48657718120803,110.54064131245337,0.0,0.0,200.0,200.0
S_sa,27,0.0861297539149888,0.162938105891126,186.13758389261747,174.0592841163311,0.0,0.0,200.0,200.0
S_sa,28,0.6532438478747203,0.2947427293064877,93.58053691275165,151.96457867263237,0.0,0.0,200.0,200.0
S_sa,29,0.6711409395973155,0.5089485458612976,90.48657718120803,116.89205816554808,0.0,0.0,200.0,200.0
S_sa,30,0.6711409395973155,0.5022371364653244,90.48657718120803,118.49161073825502,0.0,0.0,200.0,200.0
S_sa,31,0.6532438478747203,0.3359433258762118,93.1029082774049,149.3743475018643,0.0,0.002111111111111111,200.0,199.95738888888886
S_sa,32,0.6711409395973155,0.6560402684563759,90.48657718120803,92.85197613721101,0.0,0.0,200.0,200.0
S_sa,33,0.6711409395973155,0.5514541387024608,90.48657718120803,109.78616703952272,0.0,0.0,200.0,200.0
S_sa,34,0.6465324384787472,0.26584638329604776,94.17225950782996,156.27069351230423,0.0,0.0,200.0,200.0
S_sa,35,0.2237136465324385,0.06785980611483967,163.49552572706935,189.03411633109621,0.0,0.0,200.0,200.0
S_sa,36,0.5123042505592842,0.36390753169276663,116.54921700223711,140.3417225950783,0.0,0.0,200.0,200.0
S_sa,37,0.0,0.0,200.0,200.0,0.0,0.0,200.0,200.0
S_sa,38,0.6711409395973155,0.6483967188665175,90.48657718120803,94.13049962714389,0.0,0.0,200.0,200.0
S_sa,39,0.6711409395973155,0.3926174496644295,90.48657718120803,135.7427293064877,0.0,0.0,200.0,200.0
S_sa,40,0.6711409395973155,0.4906785980611484,90.48657718120803,120.17542878448917,0.0,0.0,200.0,200.0
S_sa,41,0.2237136465324385,0.037285607755406416,163.49552572706935,193.91592095451156,0.0,0.0,200.0,200.0
S_sa,42,0.6577181208053692,0.2684563758389262,92.75727069351228,156.77982848620434,0.0,0.0,200.0,200.0
S_sa,43,0.6711409395973155,0.3642803877703207,90.49105145413868,140.48862788963459,0.0,0.0,200.0,200.0
S_sa,44,0.6711409395973155,0.5387770320656228,90.48657718120803,112.8763982102908,0.0,0.0,200.0,200.0
S_sa,45,0.6711409395973155,0.6196868008948546,90.48657718120803,99.82848620432512,0.0,0.0,200.0,200.0
S_sa,46,0.6711409395973155,0.3640939597315436,90.48657718120803,142.3887024608501,0.0,0.0,200.0,200.0
S_sa,47,0.6711409395973155,0.5978747203579419,90.48657718120803,102.27628635346755,0.0,0.0,200.0,200.0
S_sa,48,0.0,0.13199105145413872,200.0,178.49850857568978,0.0,0.0,200.0,200.0
S_sa,49,0.6711409395973155,0.6262117822520508,90.48657718120803,97.64317673378075,0.0,0.0,200.0,200.0
S_sa,50,0.447427293064877,0.27106636838180465,126.99105145413868,158.34955257270695,0.0,5.555555555555555e-05,200.0,199.99755555555555
S_sa,51,0.6711409395973155,0.5389634601043997,90.48657718120803,113.20096942580163,0.0,0.0,200.0,200.0
S_sa,52,0.6711409395973155,0.47129008202833705,90.48657718120803,126.04157345264727,0.0,0.0,200.0,200.0
S_sa,53,0.447427293064877,0.11185682326621926,126.99105145413868,181.7477628635347,0.0,0.0,200.0,200.0
S_sa,54,0.6711409395973155,0.5434377330350485,90.48657718120803,111.857009694258,0.0,0.0,200.0,200.0
S_sa,55,0.6711409395973155,0.640007457121551,90.48657718120803,95.40846383296046,0.0,5.555555555555555e-05,200.0,199.99944444444444
S_sa,56,0.6711409395973155,0.6318046234153617,90.48657718120803,97.04753914988812,0.0,0.0,200.0,200.0
S_sa,57,0.6711409395973155,0.6092468307233408,90.48657718120803,100.7969798657718,0.0,0.0,200.0,200.0
S_sa,58,0.6711409395973155,0.39038031319910516,90.48657718120803,136.33650260999252,0.0,0.0,200.0,200.0
S_sa,59,0.6711409395973155,0.5669276659209544,90.48657718120803,107.36614466815807,0.0,0.0,200.0,200.0
S_sa,60,0.6711409395973155,0.5221849366144669,90.48657718120803,114.86129753914987,0.0,0.0,200.0,200.0
S_sa,61,0.0,0.11260253542132735,200.0,181.4519015659955,0.0,0.0,200.0,200.0
S_sa,62,0.6711409395973155,0.5803504847129008,90.48657718120803,105.0315063385533,0.0,0.0,200.0,200.0
S_sa,63,0.6711409395973155,0.6375838926174496,90.48657718120803,96.01752423564503,0.0,0.0,200.0,200.0
S_sa,64,0.6711409395973155,0.39522744220730793,90.48657718120803,135.95246085011186,0.0,0.0,200.0,200.0
S_sa,65,0.28635346756152125,0.16853094705443697,153.20917225950782,173.26882923191647,0.0,0.0,200.0,200.0
S_sa,66,0.447427293064877,0.19295302013422821,126.99105145413868,168.80350484712903,0.0,0.0,200.0,200.0
S_sa,67,0.6711409395973155,0.6668530947054438,90.48657718120803,91.08855331841906,0.0,0.0,200.0,200.0
S_sa,68,0.6711409395973155,0.4917971662938107,90.48657718120803,120.41442953020132,0.0,0.0,200.0,200.0
S_sa,69,0.6711409395973155,0.5031692766592095,90.48657718120803,118.08631618195375,0.0,0.0,200.0,200.0
S_sa,70,0.0,0.22520507084265476,200.0,163.35421327367635,0.0,0.0,200.0,200.0
S_sa,71,0.6711409395973155,0.5712155108128263,90.48657718120803,107.08053691275165,0.0,0.0,200.0,200.0
S_sa,72,0.4395973154362416,0.25260999254287847,128.33668903803132,158.68158090976883,0.0,0.0,200.0,200.0
S_sa,73,0.6543624161073825,0.19891871737509323,93.14205816554808,167.73993288590606,0.0,0.0,200.0,200.0
S_sa,74,0.6711409395973155,0.6058911260253542,90.48657718120803,101.22874720357939,0.0,0.0,200.0,200.0
S_sa,75,0.6711409395973155,0.37770320656226697,90.48657718120803,138.8734153616704,0.0,0.0,200.0,200.0
S_sa,76,0.026845637583892534,0.058724832214765064,195.89709172259506,190.4683072334079,0.0,0.0,200.0,200.0
S_sa,77,0.22706935123042504,0.05891126025354213,163.0201342281879,190.54101416853095,0.0,0.0,200.0,200.0
S_sa,78,0.6711409395973155,0.539895600298285,90.48657718120803,111.89504101416851,0.0,0.0,200.0,200.0
S_sa,79,0.6711409395973155,0.34862043251305,90.48657718120803,143.47222222222223,0.0,0.0,200.0,200.0
S_sa,80,0.2237136465324385,0.24067859806114839,163.49552572706935,160.60421327367632,0.0,0.0,200.0,200.0
S_sa,81,0.6711409395973155,0.3732289336316182,90.48657718120803,140.18624161073828,0.0,0.0,200.0,200.0
S_sa,82,0.6711409395973155,0.5283370618941089,90.48657718120803,113.43046234153616,0.0,0.0,200.0,200.0
S_sa,83,0.6711409395973155,0.30406413124533926,90.48657718120803,150.5324384787472,0.0,0.0,200.0,200.0
S_sa,84,0.6711409395973155,0.33557046979865773,90.48657718120803,145.24328859060404,0.0,0.0,200.0,200.0
S_sa,85,0.6711409395973155,0.48545861297539156,90.48657718120803,121.37378821774794,0.0,0.0,200.0,200.0
S_sa,86,0.6711409395973155,0.6105518269947802,90.48657718120803,101.25820283370616,0.0,0.0,200.0,200.0
S_sa,87,0.6711409395973155,0.43344519015659955,90.48657718120803,129.26659209545113,0.0,0.0,200.0,200.0
S_sa,88,0.6711409395973155,0.34750186428038776,90.48657718120803,143.72017151379566,0.0,0.0,200.0,200.0
S_sa,89,0.2237136465324385,0.4151752423564504,163.49552572706935,132.0307606263982,0.0,0.0,200.0,200.0
S_sa,90,0.6711409395973155,0.558538404175988,90.48657718120803,109.43642803877701,0.0,0.0,200.0,200.0
S_sa,91,0.0,0.20544369873228935,200.0,168.0178970917226,0.0,0.0,200.0,200.0
S_sa,92,0.6711409395973155,0.5766219239373601,90.48657718120803,105.65212527964205,0.0,0.0,200.0,200.0
S_sa,93,0.0,0.09153616703952275,200.0,185.0822147651007,0.0,0.0,200.0,200.0
S_sa,94,0.6711409395973155,0.5710290827740493,90.48657718120803,106.5233035048471,0.0,0.0,200.0,200.0
S_sa,95,0.6711409395973155,0.48806860551826997,90.48657718120803,121.56301267710666,0.0,0.0,200.0,200.0
S_sa,96,0.6711409395973155,0.6338553318419091,90.48657718120803,96.57065622669647,0.0,0.0,200.0,200.0
S_sa,97,0.6711409395973155,0.337061894108874,90.48657718120803,145.04586129753915,0.0,0.0,200.0,200.0
S_sa,98,0.6711409395973155,0.6338553318419091,90.48657718120803,96.5736390753169,0.0,0.0,200.0,200.0
S_sa,99,0.6711409395973155,0.18717375093214023,90.48657718120803,169.47184936614465,0.0,0.0,200.0,200.0
S_sa,100,0.6711409395973155,0.6178225205070842,90.48657718120803,98.69034302759134,0.0,0.0,200.0,200.0
