config,seed,step,random/n,random/success,random/mean_steps,verifai_dev/n,verifai_dev/success,verifai_dev/mean_steps,verifai_test/n,verifai_test/success,verifai_test/mean_steps,episodes,replays,scouted_steps,wall_time_sec,commit
DR,5001,0,298,0.0,200.0,1000,0.0,200.0,1000,0.0,200.0,1576,0,0,14.43323302268982,ab16711
DR,5001,30720,298,0.47651006711409394,121.25503355704699,1000,0.0,200.0,1000,0.0,200.0,1576,0,0,14.43323302268982,ab16711
DR,5001,61440,298,0.6241610738255033,97.37248322147651,1000,0.0,200.0,1000,0.0,200.0,1576,0,0,14.43323302268982,ab16711
DR,5001,92160,298,0.5604026845637584,107.08053691275168,1000,0.0,200.0,1000,0.0,200.0,1576,0,0,14.43323302268982,ab16711
DR,5001,122880,298,0.6711409395973155,90.48657718120805,1000,0.0,200.0,1000,0.0,200.0,1576,0,0,14.43323302268982,ab16711
DR,5001,153600,298,0.0,200.0,1000,0.0,200.0,1000,0.0,200.0,1576,0,0,14.43323302268982,ab16711
DR,5001,184320,298,0.0,200.0,1000,0.0,200.0,1000,0.0,200.0,1576,0,0,14.43323302268982,ab16711
DR,5001,215040,298,0.0,200.0,1000,0.0,200.0,1000,0.0,200.0,1576,0,0,14.43323302268982,ab16711
DR,5001,245760,298,0.0,200.0,1000,0.0,200.0,1000,0.0,200.0,1576,0,0,14.43323302268982,ab16711
DR,5001,276480,298,0.6711409395973155,90.48657718120805,1000,0.0,200.0,1000,0.0,200.0,1576,0,0,14.43323302268982,ab16711
DR,5001,307200,298,0.6711409395973155,90.48657718120805,1000,0.0,200.0,1000,0.0,200.0,1576,0,0,14.43323302268982,ab16711
DR,5002,0,298,0.010067114093959731,198.44630872483222,1000,0.0,200.0,1000,0.0,200.0,1549,0,0,14.551965951919556,ab16711
DR,5002,30720,298,0.11073825503355705,181.1711409395973,1000,0.0,200.0,1000,0.0,200.0,1549,0,0,14.551965951919556,ab16711
DR,5002,61440,298,0.6677852348993288,91.03020134228188,1000,0.0,200.0,1000,0.0,200.0,1549,0,0,14.551965951919556,ab16711
DR,5002,92160,298,0.40604026845637586,131.8724832214765,1000,0.0,200.0,1000,0.0,200.0,1549,0,0,14.551965951919556,ab16711
DR,5002,122880,298,0.6241610738255033,98.39597315436242,1000,0.0,200.0,1000,0.0,200.0,1549,0,0,14.551965951919556,ab16711
DR,5002,153600,298,0.0,200.0,1000,0.0,200.0,1000,0.0,200.0,1549,0,0,14.551965951919556,ab16711
DR,5002,184320,298,0.6711409395973155,90.48657718120805,1000,0.0,200.0,1000,0.0,200.0,1549,0,0,14.551965951919556,ab16711
DR,5002,215040,298,0.0,200.0,1000,0.0,200.0,1000,0.0,200.0,1549,0,0,14.551965951919556,ab16711
DR,5002,245760,298,0.09060402684563758,186.93959731543623,1000,0.0,200.0,1000,0.0,200.0,1549,0,0,14.551965951919556,ab16711
DR,5002,276480,298,0.0,200.0,1000,0.0,200.0,1000,0.0,200.0,1549,0,0,14.551965951919556,ab16711
DR,5002,307200,298,0.10067114093959731,185.08724832214764,1000,0.0,200.0,1000,0.0,200.0,1549,0,0,14.551965951919556,ab16711
DR,5004,0,298,0.0,200.0,1000,0.0,200.0,1000,0.0,200.0,2242,0,0,14.436786890029907,ab16711
DR,5004,30720,298,0.2986577181208054,161.61073825503357,1000,0.0,200.0,1000,0.0,200.0,2242,0,0,14.436786890029907,ab16711
DR,5004,61440,298,0.5100671140939598,118.18456375838926,1000,0.0,200.0,1000,0.0,200.0,2242,0,0,14.436786890029907,ab16711
DR,5004,92160,298,0.610738255033557,99.70469798657719,1000,0.0,200.0,1000,0.0,200.0,2242,0,0,14.436786890029907,ab16711
DR,5004,122880,298,0.6644295302013423,91.54362416107382,1000,0.0,200.0,1000,0.0,200.0,2242,0,0,14.436786890029907,ab16711
DR,5004,153600,298,0.6308724832214765,96.79530201342281,1000,0.0,200.0,1000,0.0,200.0,2242,0,0,14.436786890029907,ab16711
DR,5004,184320,298,0.6711409395973155,90.48657718120805,1000,0.0,200.0,1000,0.0,200.0,2242,0,0,14.436786890029907,ab16711
DR,5004,215040,298,0.6711409395973155,90.48657718120805,1000,0.0,200.0,1000,0.0,200.0,2242,0,0,14.436786890029907,ab16711
DR,5004,245760,298,0.6711409395973155,90.48657718120805,1000,0.0,200.0,1000,0.0,200.0,2242,0,0,14.436786890029907,ab16711
DR,5004,276480,298,0.6711409395973155,90.48657718120805,1000,0.0,200.0,1000,0.0,200.0,2242,0,0,14.436786890029907,ab16711
DR,5004,307200,298,0.6711409395973155,90.48657718120805,1000,0.0,200.0,1000,0.0,200.0,2242,0,0,14.436786890029907,ab16711
DR,5005,0,298,0.0,200.0,1000,0.0,200.0,1000,0.0,200.0,1760,0,0,14.358339071273804,ab16711
DR,5005,30720,298,0.4899328859060403,119.49328859060402,1000,0.0,200.0,1000,0.0,200.0,1760,0,0,14.358339071273804,ab16711
DR,5005,61440,298,0.19798657718120805,169.45973154362417,1000,0.0,200.0,1000,0.0,200.0,1760,0,0,14.358339071273804,ab16711
DR,5005,92160,298,0.5,117.20805369127517,1000,0.0,200.0,1000,0.0,200.0,1760,0,0,14.358339071273804,ab16711
DR,5005,122880,298,0.6006711409395973,100.69463087248322,1000,0.0,200.0,1000,0.0,200.0,1760,0,0,14.358339071273804,ab16711
DR,5005,153600,298,0.6442953020134228,93.80872483221476,1000,0.0,200.0,1000,0.0,200.0,1760,0,0,14.358339071273804,ab16711
DR,5005,184320,298,0.6711409395973155,90.73825503355705,1000,0.003,199.894,1000,0.002,199.955,1760,0,0,14.358339071273804,ab16711
DR,5005,215040,298,0.6711409395973155,90.48657718120805,1000,0.0,200.0,1000,0.0,200.0,1760,0,0,14.358339071273804,ab16711
DR,5005,245760,298,0.6711409395973155,90.48657718120805,1000,0.0,200.0,1000,0.0,200.0,1760,0,0,14.358339071273804,ab16711
DR,5005,276480,298,0.6711409395973155,90.48657718120805,1000,0.0,200.0,1000,0.0,200.0,1760,0,0,14.358339071273804,ab16711
DR,5005,307200,298,0.6711409395973155,90.48657718120805,1000,0.0,200.0,1000,0.0,200.0,1760,0,0,14.358339071273804,ab16711
DR,5007,0,298,0.3825503355704698,175.53355704697987,1000,0.0,200.0,1000,0.0,200.0,2516,0,0,14.495578289031982,ab16711
DR,5007,30720,298,0.22483221476510068,166.43959731543623,1000,0.0,200.0,1000,0.0,200.0,2516,0,0,14.495578289031982,ab16711
DR,5007,61440,298,0.0,200.0,1000,0.0,200.0,1000,0.0,200.0,2516,0,0,14.495578289031982,ab16711
DR,5007,92160,298,0.0,200.0,1000,0.0,200.0,1000,0.0,200.0,2516,0,0,14.495578289031982,ab16711
DR,5007,122880,298,0.6711409395973155,90.48657718120805,1000,0.0,200.0,1000,0.0,200.0,2516,0,0,14.495578289031982,ab16711
DR,5007,153600,298,0.6711409395973155,90.48657718120805,1000,0.0,200.0,1000,0.0,200.0,2516,0,0,14.495578289031982,ab16711
DR,5007,184320,298,0.6711409395973155,90.48657718120805,1000,0.0,200.0,1000,0.0,200.0,2516,0,0,14.495578289031982,ab16711
DR,5007,215040,298,0.6711409395973155,90.48657718120805,1000,0.0,200.0,1000,0.0,200.0,2516,0,0,14.495578289031982,ab16711
DR,5007,245760,298,0.6711409395973155,90.48657718120805,1000,0.0,200.0,1000,0.0,200.0,2516,0,0,14.495578289031982,ab16711
DR,5007,276480,298,0.6711409395973155,90.48657718120805,1000,0.0,200.0,1000,0.0,200.0,2516,0,0,14.495578289031982,ab16711
DR,5007,307200,298,0.6711409395973155,90.48657718120805,1000,0.0,200.0,1000,0.0,200.0,2516,0,0,14.495578289031982,ab16711
DR,5008,0,298,0.0,200.0,1000,0.0,200.0,1000,0.0,200.0,1956,0,0,14.276081800460815,ab16711
DR,5008,30720,298,0.21476510067114093,165.35906040268458,1000,0.0,200.0,1000,0.0,200.0,1956,0,0,14.276081800460815,ab16711
DR,5008,61440,298,0.0,200.0,1000,0.0,200.0,1000,0.0,200.0,1956,0,0,14.276081800460815,ab16711
DR,5008,92160,298,0.0,200.0,1000,0.0,200.0,1000,0.0,200.0,1956,0,0,14.276081800460815,ab16711
DR,5008,122880,298,0.6711409395973155,90.48657718120805,1000,0.0,200.0,1000,0.0,200.0,1956,0,0,14.276081800460815,ab16711
DR,5008,153600,298,0.19463087248322147,171.39261744966444,1000,0.0,200.0,1000,0.0,200.0,1956,0,0,14.276081800460815,ab16711
DR,5008,184320,298,0.31208053691275167,152.88926174496643,1000,0.0,200.0,1000,0.0,200.0,1956,0,0,14.276081800460815,ab16711
DR,5008,215040,298,0.6711409395973155,90.48657718120805,1000,0.0,200.0,1000,0.0,200.0,1956,0,0,14.276081800460815,ab16711
DR,5008,245760,298,0.6711409395973155,90.48657718120805,1000,0.0,200.0,1000,0.0,200.0,1956,0,0,14.276081800460815,ab16711
DR,5008,276480,298,0.6711409395973155,90.48657718120805,1000,0.0,200.0,1000,0.0,200.0,1956,0,0,14.276081800460815,ab16711
DR,5008,307200,298,0.6711409395973155,90.48657718120805,1000,0.0,200.0,1000,0.0,200.0,1956,0,0,14.276081800460815,ab16711
DR,5003,0,298,0.697986577181208,115.27181208053692,1000,0.068,196.707,1000,0.062,197.139,1554,0,0,14.64515209197998,ab16711
DR,5003,30720,298,0.0,200.0,1000,0.0,200.0,1000,0.0,200.0,1554,0,0,14.64515209197998,ab16711
DR,5003,61440,298,0.43288590604026844,134.2248322147651,1000,0.0,200.0,1000,0.0,200.0,1554,0,0,14.64515209197998,ab16711
DR,5003,92160,298,0.0,200.0,1000,0.0,200.0,1000,0.0,200.0,1554,0,0,14.64515209197998,ab16711
DR,5003,122880,298,0.25838926174496646,158.93288590604027,1000,0.0,200.0,1000,0.0,200.0,1554,0,0,14.64515209197998,ab16711
DR,5003,153600,298,0.020134228187919462,198.56040268456377,1000,0.0,200.0,1000,0.0,200.0,1554,0,0,14.64515209197998,ab16711
DR,5003,184320,298,0.5234899328859061,115.6006711409396,1000,0.0,200.0,1000,0.0,200.0,1554,0,0,14.64515209197998,ab16711
DR,5003,215040,298,0.610738255033557,99.8489932885906,1000,0.0,200.0,1000,0.0,200.0,1554,0,0,14.64515209197998,ab16711
DR,5003,245760,298,0.6711409395973155,90.48657718120805,1000,0.0,200.0,1000,0.0,200.0,1554,0,0,14.64515209197998,ab16711
DR,5003,276480,298,0.6711409395973155,90.48657718120805,1000,0.0,200.0,1000,0.0,200.0,1554,0,0,14.64515209197998,ab16711
DR,5003,307200,298,0.6711409395973155,90.48657718120805,1000,0.0,200.0,1000,0.0,200.0,1554,0,0,14.64515209197998,ab16711
DR,5006,0,298,0.0,200.0,1000,0.0,200.0,1000,0.0,200.0,1962,0,0,14.654697179794312,ab16711
DR,5006,30720,298,0.08389261744966443,186.88590604026845,1000,0.0,200.0,1000,0.0,200.0,1962,0,0,14.654697179794312,ab16711
DR,5006,61440,298,0.23825503355704697,164.7986577181208,1000,0.0,200.0,1000,0.0,200.0,1962,0,0,14.654697179794312,ab16711
DR,5006,92160,298,0.5604026845637584,106.69798657718121,1000,0.0,200.0,1000,0.0,200.0,1962,0,0,14.654697179794312,ab16711
DR,5006,122880,298,0.6711409395973155,90.48657718120805,1000,0.0,200.0,1000,0.0,200.0,1962,0,0,14.654697179794312,ab16711
DR,5006,153600,298,0.6711409395973155,90.48657718120805,1000,0.0,200.0,1000,0.0,200.0,1962,0,0,14.654697179794312,ab16711
DR,5006,184320,298,0.6711409395973155,90.48657718120805,1000,0.0,200.0,1000,0.0,200.0,1962,0,0,14.654697179794312,ab16711
DR,5006,215040,298,0.6711409395973155,90.48657718120805,1000,0.0,200.0,1000,0.0,200.0,1962,0,0,14.654697179794312,ab16711
DR,5006,245760,298,0.6711409395973155,90.48657718120805,1000,0.0,200.0,1000,0.0,200.0,1962,0,0,14.654697179794312,ab16711
DR,5006,276480,298,0.6711409395973155,90.48657718120805,1000,0.0,200.0,1000,0.0,200.0,1962,0,0,14.654697179794312,ab16711
DR,5006,307200,298,0.6711409395973155,90.48657718120805,1000,0.0,200.0,1000,0.0,200.0,1962,0,0,14.654697179794312,ab16711
DR,5009,0,298,0.0,200.0,1000,0.0,200.0,1000,0.0,200.0,2489,0,0,14.549201965332031,ab16711
DR,5009,30720,298,0.0,200.0,1000,0.0,200.0,1000,0.0,200.0,2489,0,0,14.549201965332031,ab16711
DR,5009,61440,298,0.5570469798657718,106.96308724832215,1000,0.0,200.0,1000,0.0,200.0,2489,0,0,14.549201965332031,ab16711
DR,5009,92160,298,0.40939597315436244,132.0738255033557,1000,0.0,200.0,1000,0.0,200.0,2489,0,0,14.549201965332031,ab16711
DR,5009,122880,298,0.62751677852349,96.45637583892618,1000,0.0,200.0,1000,0.0,200.0,2489,0,0,14.549201965332031,ab16711
DR,5009,153600,298,0.6711409395973155,90.48657718120805,1000,0.0,200.0,1000,0.0,200.0,2489,0,0,14.549201965332031,ab16711
DR,5009,184320,298,0.6711409395973155,90.48657718120805,1000,0.0,200.0,1000,0.0,200.0,2489,0,0,14.549201965332031,ab16711
DR,5009,215040,298,0.6711409395973155,90.48657718120805,1000,0.0,200.0,1000,0.0,200.0,2489,0,0,14.549201965332031,ab16711
DR,5009,245760,298,0.6711409395973155,90.48657718120805,1000,0.0,200.0,1000,0.0,200.0,2489,0,0,14.549201965332031,ab16711
DR,5009,276480,298,0.6711409395973155,90.48657718120805,1000,0.0,200.0,1000,0.0,200.0,2489,0,0,14.549201965332031,ab16711
DR,5009,307200,298,0.6711409395973155,90.48657718120805,1000,0.0,200.0,1000,0.0,200.0,2489,0,0,14.549201965332031,ab16711
DR,5010,0,298,0.0,200.0,1000,0.0,200.0,1000,0.0,200.0,1554,0,0,14.604689836502075,ab16711
DR,5010,30720,298,0.0,200.0,1000,0.0,200.0,1000,0.0,200.0,1554,0,0,14.604689836502075,ab16711
DR,5010,61440,298,0.0,200.0,1000,0.0,200.0,1000,0.0,200.0,1554,0,0,14.604689836502075,ab16711
DR,5010,92160,298,0.0,200.0,1000,0.0,200.0,1000,0.0,200.0,1554,0,0,14.604689836502075,ab16711
DR,5010,122880,298,0.0,200.0,1000,0.0,200.0,1000,0.0,200.0,1554,0,0,14.604689836502075,ab16711
DR,5010,153600,298,0.0,200.0,1000,0.0,200.0,1000,0.0,200.0,1554,0,0,14.604689836502075,ab16711
DR,5010,184320,298,0.0,200.0,1000,0.0,200.0,1000,0.0,200.0,1554,0,0,14.604689836502075,ab16711
DR,5010,215040,298,0.0,200.0,1000,0.0,200.0,1000,0.0,200.0,1554,0,0,14.604689836502075,ab16711
DR,5010,245760,298,0.0,200.0,1000,0.0,200.0,1000,0.0,200.0,1554,0,0,14.604689836502075,ab16711
DR,5010,276480,298,0.0,200.0,1000,0.0,200.0,1000,0.0,200.0,1554,0,0,14.604689836502075,ab16711
DR,5010,307200,298,0.9530201342281879,78.61073825503355,1000,0.717,164.726,1000,0.702,165.064,1554,0,0,14.604689836502075,ab16711
